-- phpMyAdmin SQL Dump
-- version 3.5.7
-- http://www.phpmyadmin.net
--
-- Host: localhost
-- Generation Time: May 02, 2013 at 12:52 PM
-- Server version: 5.1.67
-- PHP Version: 5.3.3
SET SQL_MODE = "NO_AUTO_VALUE_ON_ZERO";
SET time_zone = "+00:00";
/*!40101 SET @OLD_CHARACTER_SET_CLIENT=@@CHARACTER_SET_CLIENT */;
/*!40101 SET @OLD_CHARACTER_SET_RESULTS=@@CHARACTER_SET_RESULTS */;
/*!40101 SET @OLD_COLLATION_CONNECTION=@@COLLATION_CONNECTION */;
/*!40101 SET NAMES utf8 */;
--
-- Database: `escan`
--
-- --------------------------------------------------------
--
-- Truncate table before insert `barcodes`
--
TRUNCATE TABLE `barcodes`;
-- --------------------------------------------------------
--
-- Dumping data for table `barcodes`
--
INSERT INTO `barcodes` (`barcode`, `ucinetid`, `date`, `time`, `volunteer`) VALUES
('S34546', 'leungjm', '2013-02-18', '20:49:26', 'stburke'),
('S34594', 'bhzhou', '2013-02-18', '20:36:23', 'stburke'),
('S45292', 'linfordj', '2013-02-18', '19:15:06', 'stburke'),
('S45298', 'skuruvil', '2013-02-18', '19:15:07', 'stburke'),
('S45304', 'stasnim', '2013-02-18', '19:15:09', 'stburke'),
('S45310', 'kdave', '2013-02-18', '19:15:10', 'stburke'),
('S45316', 'cppatel', '2013-02-18', '19:15:12', 'stburke'),
('S45322', 'halltj', '2013-02-18', '19:15:13', 'stburke'),
('S45394', '', '2013-02-18', '19:15:40', 'stburke'),
('S45388', 'pchoudha', '2013-02-18', '19:15:42', 'stburke'),
('S45382', 'rojasl', '2013-02-18', '19:15:45', 'stburke'),
('S45376', '', '2013-02-18', '19:15:46', 'stburke'),
('S45370', 'kbillah', '2013-02-18', '19:15:48', 'stburke'),
('S45364', 'fsysu', '2013-02-18', '19:15:50', 'stburke'),
('S45358', 'ctconnol', '2013-02-18', '19:15:51', 'stburke'),
('S45352', 'ecoombs', '2013-02-18', '19:15:52', 'stburke'),
('S45346', 'pattanad', '2013-02-18', '19:15:54', 'stburke'),
('S45340', 'rahmed', '2013-02-18', '19:15:56', 'stburke'),
('S45334', 'mulinc', '2013-02-18', '19:15:57', 'stburke'),
('S45328', 'ppchen', '2013-02-18', '19:15:59', 'stburke'),
('S45286', '', '2013-02-18', '19:16:13', 'stburke'),
('S44560', 'mgosike', '2013-02-18', '19:16:27', 'stburke'),
('S44566', 'kperdomo', '2013-02-18', '19:16:30', 'stburke'),
('S44572', 'soks', '2013-02-18', '19:16:31', 'stburke'),
('S44578', 'badawim', '2013-02-18', '19:16:32', 'stburke'),
('S44584', 'smmarque', '2013-02-18', '19:16:33', 'stburke'),
('S44590', 'jpmeza', '2013-02-18', '19:16:35', 'stburke'),
('S44596', 'madrigar', '2013-02-18', '19:16:38', 'stburke'),
('S44602', 'shayans', '2013-02-18', '19:16:39', 'stburke'),
('S44608', 'rnoguera', '2013-02-18', '19:16:40', 'stburke'),
('S44614', 'dorothjc', '2013-02-18', '19:16:42', 'stburke'),
('S44620', 'rtluu', '2013-02-18', '19:16:43', 'stburke'),
('S44626', 'sjli1', '2013-02-18', '19:16:44', 'stburke'),
('S44632', 'rmaxwell', '2013-02-18', '19:16:44', 'stburke'),
('S44638', 'thomasmd', '2013-02-18', '19:16:46', 'stburke'),
('S44644', 'andypn', '2013-02-18', '19:16:47', 'stburke'),
('S44650', 'jjtan', '2013-02-18', '19:16:48', 'stburke'),
('S44656', 'aciglar', '2013-02-18', '19:16:50', 'stburke'),
('S44662', 'youssefd', '2013-02-18', '19:16:52', 'stburke'),
('S44668', 'patricic', '2013-02-18', '19:16:53', 'stburke'),
('S44674', 'mbeardwo', '2013-02-18', '19:16:54', 'stburke'),
('S43840', 'alipsett', '2013-02-18', '19:17:03', 'stburke'),
('S43846', 'aaoude', '2013-02-18', '19:17:05', 'stburke'),
('S43852', 'rahmant', '2013-02-18', '19:17:06', 'stburke'),
('S43858', 'amliao', '2013-02-18', '19:17:06', 'stburke'),
('S43864', 'yuyux', '2013-02-18', '19:17:08', 'stburke'),
('S43870', 'aarakaki', '2013-02-18', '19:17:09', 'stburke'),
('S43876', 'brusu', '2013-02-18', '19:17:10', 'stburke'),
('S43882', 'achuong', '2013-02-18', '19:17:11', 'stburke'),
('S43888', 'kpklein', '2013-02-18', '19:17:15', 'stburke'),
('S43894', 'bongawan', '2013-02-18', '19:17:15', 'stburke'),
('S43900', 'smithtf', '2013-02-18', '19:17:16', 'stburke'),
('S43906', 'taluu', '2013-02-18', '19:17:17', 'stburke'),
('S43912', 'aazizian', '2013-02-18', '19:17:17', 'stburke'),
('S43918', '', '2013-02-18', '19:17:18', 'stburke'),
('S43924', 'dkeshmir', '2013-02-18', '19:17:20', 'stburke'),
('S43930', 'richmont', '2013-02-18', '19:17:20', 'stburke'),
('S43936', 'mwlum', '2013-02-18', '19:17:21', 'stburke'),
('S43942', 'ralaniz', '2013-02-18', '19:17:22', 'stburke'),
('S43948', 'dmukhar', '2013-02-18', '19:17:23', 'stburke'),
('S43954', 'mccrearj', '2013-02-18', '19:17:24', 'stburke'),
('S27292', 'therest', '2013-02-18', '19:17:44', 'stburke'),
('S27304', 'kbonifac', '2013-02-18', '19:17:45', 'stburke'),
('S27316', 'trannv', '2013-02-18', '19:17:46', 'stburke'),
('S27328', '', '2013-02-18', '19:17:47', 'stburke'),
('S27340', 'nkoe', '2013-02-18', '19:17:48', 'stburke'),
('S27352', 'smonsson', '2013-02-18', '19:17:49', 'stburke'),
('S27364', 'jichim', '2013-02-18', '19:17:50', 'stburke'),
('S42400', 'mengl5', '2013-02-18', '19:17:51', 'stburke'),
('S27376', 'psaroha', '2013-02-18', '19:17:51', 'stburke'),
('S27388', 'sergiol', '2013-02-18', '19:17:52', 'stburke'),
('S42406', 'bhryu', '2013-02-18', '19:17:52', 'stburke'),
('S42412', 'hwwong', '2013-02-18', '19:17:53', 'stburke'),
('S42418', 'ssedighz', '2013-02-18', '19:17:55', 'stburke'),
('S42424', 'hmaleki', '2013-02-18', '19:17:57', 'stburke'),
('S27394', 'rzyang', '2013-02-18', '19:17:58', 'stburke'),
('S27382', 'pborrica', '2013-02-18', '19:17:59', 'stburke'),
('S42430', 'apirbadi', '2013-02-18', '19:17:59', 'stburke'),
('S27370', 'hooverm', '2013-02-18', '19:18:00', 'stburke'),
('S27358', 'katherl1', '2013-02-18', '19:18:00', 'stburke'),
('S42436', 'abombell', '2013-02-18', '19:18:01', 'stburke'),
('S42442', 'huaxianm', '2013-02-18', '19:18:01', 'stburke'),
('S27346', 'hanchelc', '2013-02-18', '19:18:01', 'stburke'),
('S27334', 'asather', '2013-02-18', '19:18:02', 'stburke'),
('S42448', 'bkho', '2013-02-18', '19:18:02', 'stburke'),
('S27322', 'aleeli', '2013-02-18', '19:18:03', 'stburke'),
('S42460', 'benjal3', '2013-02-18', '19:18:04', 'stburke'),
('S27310', 'vojh', '2013-02-18', '19:18:04', 'stburke'),
('S42466', 'jschrede', '2013-02-18', '19:18:05', 'stburke'),
('S27298', '', '2013-02-18', '19:18:05', 'stburke'),
('S27286', 'egallarz', '2013-02-18', '19:18:06', 'stburke'),
('S42472', 'mfflemin', '2013-02-18', '19:18:06', 'stburke'),
('S42478', 'pazd', '2013-02-18', '19:18:06', 'stburke'),
('S42484', 'achavari', '2013-02-18', '19:18:08', 'stburke'),
('S42490', 'sungchac', '2013-02-18', '19:18:10', 'stburke'),
('S42502', 'shivg', '2013-02-18', '19:18:11', 'stburke'),
('S42508', 'ivazquez', '2013-02-18', '19:18:12', 'stburke'),
('S42514', 'sjolghaz', '2013-02-18', '19:18:13', 'stburke'),
('S26560', 'mshibley', '2013-02-18', '19:18:14', 'stburke'),
('S26572', 'micheh1', '2013-02-18', '19:18:14', 'stburke'),
('S26584', 'acrobins', '2013-02-18', '19:18:15', 'stburke'),
('S26596', 'jparcell', '2013-02-18', '19:18:16', 'stburke'),
('S26608', 'mjchung1', '2013-02-18', '19:18:17', 'stburke'),
('S26620', 'dlaffert', '2013-02-18', '19:18:19', 'stburke'),
('S26632', 'skundu', '2013-02-18', '19:18:20', 'stburke'),
('S26644', 'nmerna', '2013-02-18', '19:18:21', 'stburke'),
('S26656', 'csamaras', '2013-02-18', '19:18:22', 'stburke'),
('S26668', 'ftorklad', '2013-02-18', '19:18:23', 'stburke'),
('S43120', 'siavashe', '2013-02-18', '19:18:24', 'stburke'),
('S43126', 'davyh1', '2013-02-18', '19:18:24', 'stburke'),
('S43132', 'mminniti', '2013-02-18', '19:18:25', 'stburke'),
('S43144', 'miguels', '2013-02-18', '19:18:26', 'stburke'),
('S43138', 'ncordero', '2013-02-18', '19:18:27', 'stburke'),
('S26674', 'jshubin', '2013-02-18', '19:18:28', 'stburke'),
('S43156', 'patelo', '2013-02-18', '19:18:29', 'stburke'),
('S26662', 'carolyn', '2013-02-18', '19:18:29', 'stburke'),
('S43162', 'jihangl', '2013-02-18', '19:18:29', 'stburke'),
('S26650', 'vincetn4', '2013-02-18', '19:18:30', 'stburke'),
('S43168', 'akhoshkb', '2013-02-18', '19:18:30', 'stburke'),
('S26638', 'kromine', '2013-02-18', '19:18:30', 'stburke'),
('S43174', 'quynhv', '2013-02-18', '19:18:31', 'stburke'),
('S26626', 'dinicolk', '2013-02-18', '19:18:31', 'stburke'),
('S43180', 'ccvelasc', '2013-02-18', '19:18:32', 'stburke'),
('S26614', 'khok', '2013-02-18', '19:18:32', 'stburke'),
('S43186', 'huytv', '2013-02-18', '19:18:32', 'stburke'),
('S26602', 'fbendana', '2013-02-18', '19:18:32', 'stburke'),
('S26590', 'yufein', '2013-02-18', '19:18:33', 'stburke'),
('S43192', 'sttruong', '2013-02-18', '19:18:34', 'stburke'),
('S26578', 'narioj', '2013-02-18', '19:18:34', 'stburke'),
('S43198', 'alexbl', '2013-02-18', '19:18:35', 'stburke'),
('S26566', 'cling', '2013-02-18', '19:18:35', 'stburke'),
('S43204', 'akhalajh', '2013-02-18', '19:18:35', 'stburke'),
('S43210', 'aaskariz', '2013-02-18', '19:18:36', 'stburke'),
('S43216', 'spongpai', '2013-02-18', '19:18:36', 'stburke'),
('S43222', 'srostami', '2013-02-18', '19:18:37', 'stburke'),
('S43228', 'huangtc', '2013-02-18', '19:18:37', 'stburke'),
('S43234', 'azandian', '2013-02-18', '19:18:39', 'stburke'),
('S25840', 'wgaieck', '2013-02-18', '19:18:43', 'stburke'),
('S25852', 'shaloms', '2013-02-18', '19:18:43', 'stburke'),
('S25864', 'yijingx1', '2013-02-18', '19:18:44', 'stburke'),
('S25876', 'aaskari', '2013-02-18', '19:18:45', 'stburke'),
('S25888', 'dannyr', '2013-02-18', '19:18:45', 'stburke'),
('S25900', '', '2013-02-18', '19:18:46', 'stburke'),
('S41692', 'twalber', '2013-02-18', '19:18:47', 'stburke'),
('S25912', '', '2013-02-18', '19:18:47', 'stburke'),
('S41686', 'zliu6', '2013-02-18', '19:18:48', 'stburke'),
('S25924', 'linyix', '2013-02-18', '19:18:48', 'stburke'),
('S25936', 'jglouie', '2013-02-18', '19:18:48', 'stburke'),
('S25948', 'hbanh', '2013-02-18', '19:18:49', 'stburke'),
('S41698', 'directon', '2013-02-18', '19:18:49', 'stburke'),
('S25954', 'livingsp', '2013-02-18', '19:18:49', 'stburke'),
('S41704', 'nishidaa', '2013-02-18', '19:18:50', 'stburke'),
('S25942', 'adieteri', '2013-02-18', '19:18:50', 'stburke'),
('S25930', '', '2013-02-18', '19:18:50', 'stburke'),
('S41710', 'lynnnt', '2013-02-18', '19:18:51', 'stburke'),
('S41716', 'wurp', '2013-02-18', '19:18:52', 'stburke'),
('S25918', 'antonela', '2013-02-18', '19:18:52', 'stburke'),
('S25906', 'ewengert', '2013-02-18', '19:18:52', 'stburke'),
('S41722', 'cmander1', '2013-02-18', '19:18:52', 'stburke'),
('S25894', 'jitapia', '2013-02-18', '19:18:53', 'stburke'),
('S41728', 'skeshtka', '2013-02-18', '19:18:53', 'stburke'),
('S25882', 'noer', '2013-02-18', '19:18:53', 'stburke'),
('S41734', 'steffenp', '2013-02-18', '19:18:53', 'stburke'),
('S25870', 'dtran12', '2013-02-18', '19:18:54', 'stburke'),
('S25858', 'rhparker', '2013-02-18', '19:18:54', 'stburke'),
('S25846', 'ewilde', '2013-02-18', '19:18:55', 'stburke'),
('S41746', 'minamih', '2013-02-18', '19:18:56', 'stburke'),
('S41752', 'shahpa', '2013-02-18', '19:18:57', 'stburke'),
('S41758', 'ndphu', '2013-02-18', '19:18:58', 'stburke'),
('S41764', 'tajikh', '2013-02-18', '19:18:59', 'stburke'),
('S41776', 'lxkong', '2013-02-18', '19:19:00', 'stburke'),
('S41782', 'asadianm', '2013-02-18', '19:19:01', 'stburke'),
('S25120', 'jrhunt', '2013-02-18', '19:19:01', 'stburke'),
('S25132', '', '2013-02-18', '19:19:02', 'stburke'),
('S25144', 'luongmj', '2013-02-18', '19:19:02', 'stburke'),
('S41788', 'igujarat', '2013-02-18', '19:19:02', 'stburke'),
('S25156', 'woov', '2013-02-18', '19:19:03', 'stburke'),
('S41794', 'danieljm', '2013-02-18', '19:19:04', 'stburke'),
('S25168', 'bshergil', '2013-02-18', '19:19:04', 'stburke'),
('S25180', 'bhatiag', '2013-02-18', '19:19:04', 'stburke'),
('S25192', 'jkshah', '2013-02-18', '19:19:05', 'stburke'),
('S25204', 'rajas', '2013-02-18', '19:19:05', 'stburke'),
('S25216', '', '2013-02-18', '19:19:06', 'stburke'),
('S25228', 'irisl', '2013-02-18', '19:19:06', 'stburke'),
('S25234', 'jedl', '2013-02-18', '19:19:07', 'stburke'),
('S25222', 'cjcox', '2013-02-18', '19:19:07', 'stburke'),
('E77782', '', '2013-02-18', '19:19:08', 'stburke'),
('S25210', 'acrampto', '2013-02-18', '19:19:09', 'stburke'),
('E77776', '', '2013-02-18', '19:19:09', 'stburke'),
('S25198', 'ghaddon', '2013-02-18', '19:19:09', 'stburke'),
('E77764', '', '2013-02-18', '19:19:10', 'stburke'),
('S25186', 'chentiaw', '2013-02-18', '19:19:11', 'stburke'),
('E77758', '', '2013-02-18', '19:19:11', 'stburke'),
('S25174', 'atrentac', '2013-02-18', '19:19:11', 'stburke'),
('S40960', 'julians1', '2013-02-18', '19:19:12', 'stburke'),
('S25162', 'vbiggs', '2013-02-18', '19:19:12', 'stburke'),
('S40966', 'starrk', '2013-02-18', '19:19:12', 'stburke'),
('S40972', 'seunghyh', '2013-02-18', '19:19:13', 'stburke'),
('S25150', 'psy', '2013-02-18', '19:19:13', 'stburke'),
('S25138', 'pndo', '2013-02-18', '19:19:14', 'stburke'),
('E77752', '', '2013-02-18', '19:19:14', 'stburke'),
('S40984', 'tamayoa', '2013-02-18', '19:19:14', 'stburke'),
('S25126', 'jkoo4', '2013-02-18', '19:19:14', 'stburke'),
('E77746', '', '2013-02-18', '19:19:15', 'stburke'),
('S40990', 'abanaiya', '2013-02-18', '19:19:15', 'stburke'),
('E77740', '', '2013-02-18', '19:19:16', 'stburke'),
('S40996', 'shannonz', '2013-02-18', '19:19:18', 'stburke'),
('S41002', 'menewton', '2013-02-18', '19:19:19', 'stburke'),
('E77734', '', '2013-02-18', '19:19:19', 'stburke'),
('S41008', '', '2013-02-18', '19:19:20', 'stburke'),
('E77728', '', '2013-02-18', '19:19:20', 'stburke'),
('E77716', '', '2013-02-18', '19:19:21', 'stburke'),
('S41014', 'liuh1', '2013-02-18', '19:19:22', 'stburke'),
('E77704', '', '2013-02-18', '19:19:23', 'stburke'),
('S41020', 'yaofengz', '2013-02-18', '19:19:24', 'stburke'),
('E77686', '', '2013-02-18', '19:19:24', 'stburke'),
('S41026', 'trevorj', '2013-02-18', '19:19:25', 'stburke'),
('S41032', 'johnk3', '2013-02-18', '19:19:26', 'stburke'),
('S41038', 'mhamdorf', '2013-02-18', '19:19:28', 'stburke'),
('S41044', 'jawitt', '2013-02-18', '19:19:28', 'stburke'),
('S41050', 'chshum', '2013-02-18', '19:19:30', 'stburke'),
('S41056', 'khosford', '2013-02-18', '19:19:31', 'stburke'),
('S41062', 'ghaffark', '2013-02-18', '19:19:31', 'stburke'),
('S41068', 'anthondt', '2013-02-18', '19:19:32', 'stburke'),
('E77680', '', '2013-02-18', '19:19:32', 'stburke'),
('S41074', 'lalehj', '2013-02-18', '19:19:33', 'stburke'),
('S24400', 'mxduong', '2013-02-18', '19:19:33', 'stburke'),
('S24412', '', '2013-02-18', '19:19:34', 'stburke'),
('S24424', 'davefeng', '2013-02-18', '19:19:34', 'stburke'),
('S24436', 'sjaganna', '2013-02-18', '19:19:35', 'stburke'),
('E77692', '', '2013-02-18', '19:19:35', 'stburke'),
('E77698', '', '2013-02-18', '19:19:38', 'stburke'),
('S40240', 'sbougie', '2013-02-18', '19:19:39', 'stburke'),
('S24448', 'meganal', '2013-02-18', '19:19:39', 'stburke'),
('S40246', 'cgiercza', '2013-02-18', '19:19:40', 'stburke'),
('S24460', 'rlozada', '2013-02-18', '19:19:40', 'stburke'),
('S40252', 'rmmoreno', '2013-02-18', '19:19:41', 'stburke'),
('S24472', 'jbegley', '2013-02-18', '19:19:41', 'stburke'),
('S40258', 'ullaha', '2013-02-18', '19:19:41', 'stburke'),
('E77710', '', '2013-02-18', '19:19:42', 'stburke'),
('S40264', 'jchumbip', '2013-02-18', '19:19:42', 'stburke'),
('S40270', 'dlehnen', '2013-02-18', '19:19:43', 'stburke'),
('S40276', 'kaviah', '2013-02-18', '19:19:44', 'stburke'),
('S40282', 'scampion', '2013-02-18', '19:19:45', 'stburke'),
('S24484', 'asiddiqu', '2013-02-18', '19:19:45', 'stburke'),
('S40288', 'prabhaka', '2013-02-18', '19:19:46', 'stburke'),
('S24496', 'scatubig', '2013-02-18', '19:19:46', 'stburke'),
('E77722', '', '2013-02-18', '19:19:46', 'stburke'),
('S40294', 'zjdavis', '2013-02-18', '19:19:47', 'stburke'),
('S24508', 'libbyj', '2013-02-18', '19:19:47', 'stburke'),
('S40300', 'rque', '2013-02-18', '19:19:47', 'stburke'),
('S24514', '', '2013-02-18', '19:19:47', 'stburke'),
('S24502', 'tkwok', '2013-02-18', '19:19:48', 'stburke'),
('S40306', 'sdschrad', '2013-02-18', '19:19:48', 'stburke'),
('S24490', 'amarti12', '2013-02-18', '19:19:49', 'stburke'),
('S40312', 'holj', '2013-02-18', '19:19:49', 'stburke'),
('S24478', 'andren4', '2013-02-18', '19:19:50', 'stburke'),
('S40324', 'jlacasel', '2013-02-18', '19:19:51', 'stburke'),
('S24466', 'cmcalpin', '2013-02-18', '19:19:51', 'stburke'),
('S40330', 'aarif', '2013-02-18', '19:19:52', 'stburke'),
('S40336', 'ammoore', '2013-02-18', '19:19:53', 'stburke'),
('S40348', 'ksookwon', '2013-02-18', '19:19:54', 'stburke'),
('S24454', 'ksisouk', '2013-02-18', '19:19:55', 'stburke'),
('S40342', 'nrouhi', '2013-02-18', '19:19:55', 'stburke'),
('S24442', 'isamare', '2013-02-18', '19:19:58', 'stburke'),
('S24430', 'mbeto', '2013-02-18', '19:19:58', 'stburke'),
('S24418', 'msindaha', '2013-02-18', '19:19:59', 'stburke'),
('S24406', '', '2013-02-18', '19:20:00', 'stburke'),
('S39520', '', '2013-02-18', '19:20:00', 'stburke'),
('S39526', 'azsharif', '2013-02-18', '19:20:01', 'stburke'),
('E77770', '', '2013-02-18', '19:20:02', 'stburke'),
('S39532', 'ingn', '2013-02-18', '19:20:02', 'stburke'),
('S39538', 'adembla', '2013-02-18', '19:20:03', 'stburke'),
('S39544', 'jclouie', '2013-02-18', '19:20:04', 'stburke'),
('S39550', 'thompsk', '2013-02-18', '19:20:05', 'stburke'),
('S39556', 'mkile', '2013-02-18', '19:20:05', 'stburke'),
('S23680', 'lameri', '2013-02-18', '19:20:06', 'stburke'),
('S39562', 'acoakley', '2013-02-18', '19:20:06', 'stburke'),
('S23692', 'siowd', '2013-02-18', '19:20:07', 'stburke'),
('S39568', 'crkenned', '2013-02-18', '19:20:07', 'stburke'),
('S23704', 'mvigliar', '2013-02-18', '19:20:08', 'stburke'),
('S39574', 'pclo', '2013-02-18', '19:20:08', 'stburke'),
('S23716', 'cfaraci', '2013-02-18', '19:20:08', 'stburke'),
('S39580', 'rjgalleg', '2013-02-18', '19:20:09', 'stburke'),
('S23728', 'rsupan', '2013-02-18', '19:20:09', 'stburke'),
('S23740', 'mchengcu', '2013-02-18', '19:20:10', 'stburke'),
('S39592', 'aliciat', '2013-02-18', '19:20:10', 'stburke'),
('S39586', 'eykwan', '2013-02-18', '19:20:11', 'stburke'),
('S23752', 'mquinone', '2013-02-18', '19:20:11', 'stburke'),
('S39604', 'anassar', '2013-02-18', '19:20:12', 'stburke'),
('S23764', 'estanden', '2013-02-18', '19:20:12', 'stburke'),
('S39610', 'kmdnahid', '2013-02-18', '19:20:12', 'stburke'),
('S23776', 'hsujt', '2013-02-18', '19:20:13', 'stburke'),
('S39616', 'luongw1', '2013-02-18', '19:20:13', 'stburke'),
('S23788', 'cjduncan', '2013-02-18', '19:20:13', 'stburke'),
('S39622', 'georgef', '2013-02-18', '19:20:14', 'stburke'),
('S23794', 'kreichmu', '2013-02-18', '19:20:14', 'stburke'),
('S39628', 'hurstc', '2013-02-18', '19:20:15', 'stburke'),
('S23782', 'hnwilson', '2013-02-18', '19:20:15', 'stburke'),
('S23770', 'emirnate', '2013-02-18', '19:20:16', 'stburke'),
('S39634', 'actoledo', '2013-02-18', '19:20:16', 'stburke'),
('S23758', 'tyniguez', '2013-02-18', '19:20:17', 'stburke'),
('E78412', '', '2013-02-18', '19:20:19', 'stburke'),
('S23746', 'lboucher', '2013-02-18', '19:20:20', 'stburke'),
('S38800', 'kimw2', '2013-02-18', '19:20:20', 'stburke'),
('S23734', 'pcaguioa', '2013-02-18', '19:20:21', 'stburke'),
('S38806', 'bolar', '2013-02-18', '19:20:21', 'stburke'),
('S38812', 'hchaudhe', '2013-02-18', '19:20:22', 'stburke'),
('E78406', '', '2013-02-18', '19:20:22', 'stburke'),
('S23722', 'nblo', '2013-02-18', '19:20:22', 'stburke'),
('S38818', 'akbari', '2013-02-18', '19:20:22', 'stburke'),
('S23698', 'pgabot', '2013-02-18', '19:20:23', 'stburke'),
('S38824', 'ciportil', '2013-02-18', '19:20:23', 'stburke'),
('S23686', 'yunpenc', '2013-02-18', '19:20:24', 'stburke'),
('S38830', 'tkoster', '2013-02-18', '19:20:24', 'stburke'),
('S38836', 'miladn', '2013-02-18', '19:20:25', 'stburke'),
('S38842', 'eddiegg', '2013-02-18', '19:20:26', 'stburke'),
('E78418', '', '2013-02-18', '19:20:27', 'stburke'),
('S38848', 'kuemura', '2013-02-18', '19:20:27', 'stburke'),
('S38860', 'dpemba', '2013-02-18', '19:20:28', 'stburke'),
('E78424', '', '2013-02-18', '19:20:29', 'stburke'),
('S38866', 'hand2', '2013-02-18', '19:20:29', 'stburke'),
('S38872', 'patricjl', '2013-02-18', '19:20:30', 'stburke'),
('S22960', 'linh2', '2013-02-18', '19:20:30', 'stburke'),
('S22972', '', '2013-02-18', '19:20:31', 'stburke'),
('S38878', 'sxthacke', '2013-02-18', '19:20:31', 'stburke'),
('S22984', 'chenchuk', '2013-02-18', '19:20:31', 'stburke'),
('S38884', 'tsem1', '2013-02-18', '19:20:31', 'stburke'),
('S22996', 'achanpra', '2013-02-18', '19:20:32', 'stburke'),
('E78430', '', '2013-02-18', '19:20:32', 'stburke'),
('S38890', 'belenes', '2013-02-18', '19:20:32', 'stburke'),
('S23008', 'kennett', '2013-02-18', '19:20:33', 'stburke'),
('S23020', 'dsaleh', '2013-02-18', '19:20:33', 'stburke'),
('S38896', 'knee', '2013-02-18', '19:20:33', 'stburke'),
('S23032', 'rayromlo', '2013-02-18', '19:20:34', 'stburke'),
('S38902', 'bkoehne', '2013-02-18', '19:20:34', 'stburke'),
('E78436', '', '2013-02-18', '19:20:34', 'stburke'),
('S23044', 'maynigom', '2013-02-18', '19:20:34', 'stburke'),
('S23056', '', '2013-02-18', '19:20:35', 'stburke'),
('S38908', 'shreyajp', '2013-02-18', '19:20:35', 'stburke'),
('S23068', 'mwagstaf', '2013-02-18', '19:20:35', 'stburke'),
('S23074', 'tgocke', '2013-02-18', '19:20:36', 'stburke'),
('E78442', '', '2013-02-18', '19:20:36', 'stburke'),
('S23062', 'kadao', '2013-02-18', '19:20:36', 'stburke'),
('S38914', 'soo1', '2013-02-18', '19:20:37', 'stburke'),
('S23050', 'andyvn', '2013-02-18', '19:20:37', 'stburke'),
('S23038', 'yalek', '2013-02-18', '19:20:38', 'stburke'),
('S23026', 'alejang2', '2013-02-18', '19:20:39', 'stburke'),
('E78448', '', '2013-02-18', '19:20:39', 'stburke'),
('S23014', 'tcruicks', '2013-02-18', '19:20:39', 'stburke'),
('S23002', 'bterpeni', '2013-02-18', '19:20:40', 'stburke'),
('E78454', '', '2013-02-18', '19:20:41', 'stburke'),
('S22990', '', '2013-02-18', '19:20:41', 'stburke'),
('S22978', 'kina', '2013-02-18', '19:20:41', 'stburke'),
('S22966', 'samantn', '2013-02-18', '19:20:42', 'stburke'),
('E78460', '', '2013-02-18', '19:20:42', 'stburke'),
('E78466', '', '2013-02-18', '19:20:44', 'stburke'),
('S38080', '', '2013-02-18', '19:20:44', 'stburke'),
('S38086', '', '2013-02-18', '19:20:45', 'stburke'),
('S38092', 'arunimab', '2013-02-18', '19:20:45', 'stburke'),
('E78472', '', '2013-02-18', '19:20:45', 'stburke'),
('S38098', 'pcurry', '2013-02-18', '19:20:46', 'stburke'),
('S38104', 'lchuynh', '2013-02-18', '19:20:46', 'stburke'),
('S22240', 'alicekr', '2013-02-18', '19:20:47', 'stburke'),
('S38110', 'fhhernan', '2013-02-18', '19:20:47', 'stburke'),
('S22252', 'aeghbal', '2013-02-18', '19:20:47', 'stburke'),
('S38116', 'jhlam', '2013-02-18', '19:20:48', 'stburke'),
('S22264', 'allisosr', '2013-02-18', '19:20:48', 'stburke'),
('S22276', 'jritkes', '2013-02-18', '19:20:48', 'stburke'),
('S38122', 'mgarg', '2013-02-18', '19:20:48', 'stburke'),
('S22288', 'mallahvi', '2013-02-18', '19:20:49', 'stburke'),
('S38128', 'rjcabrer', '2013-02-18', '19:20:49', 'stburke'),
('S22300', 'dplaza', '2013-02-18', '19:20:50', 'stburke'),
('S38140', 'chikhant', '2013-02-18', '19:20:50', 'stburke'),
('S22312', 'weiweic', '2013-02-18', '19:20:51', 'stburke'),
('S22324', 'medinagj', '2013-02-18', '19:20:51', 'stburke'),
('S38146', 'kppham', '2013-02-18', '19:20:51', 'stburke'),
('S22336', 'bqluu', '2013-02-18', '19:20:52', 'stburke'),
('S38152', 'fernanj2', '2013-02-18', '19:20:52', 'stburke'),
('S22348', 'acuellar', '2013-02-18', '19:20:52', 'stburke'),
('S38158', 'prungta', '2013-02-18', '19:20:52', 'stburke'),
('E78484', '', '2013-02-18', '19:20:53', 'stburke'),
('S22354', 'skhosra1', '2013-02-18', '19:20:53', 'stburke'),
('S38164', 'squadri', '2013-02-18', '19:20:53', 'stburke'),
('S22342', 'tbondar', '2013-02-18', '19:20:53', 'stburke'),
('S22330', 'martam', '2013-02-18', '19:20:54', 'stburke'),
('S38170', 'florar', '2013-02-18', '19:20:54', 'stburke'),
('E78478', '', '2013-02-18', '19:20:54', 'stburke'),
('S22318', 'catong', '2013-02-18', '19:20:55', 'stburke'),
('S38176', 'mbthomas', '2013-02-18', '19:20:55', 'stburke'),
('S38182', 'brandsl1', '2013-02-18', '19:20:55', 'stburke'),
('S22294', 'swatis', '2013-02-18', '19:20:56', 'stburke'),
('S38188', 'kkamishi', '2013-02-18', '19:20:56', 'stburke'),
('E78490', '', '2013-02-18', '19:20:57', 'stburke'),
('S38194', 'sbabikia', '2013-02-18', '19:20:58', 'stburke'),
('E78496', '', '2013-02-18', '19:20:58', 'stburke'),
('S22282', 'brunov', '2013-02-18', '19:20:58', 'stburke'),
('S22270', 'ksale', '2013-02-18', '19:20:59', 'stburke'),
('S22258', 'garibaym', '2013-02-18', '19:21:00', 'stburke'),
('S22246', 'kwoks', '2013-02-18', '19:21:01', 'stburke'),
('E78502', '', '2013-02-18', '19:21:03', 'stburke'),
('S37360', 'japostol', '2013-02-18', '19:21:04', 'stburke'),
('S37366', 'kinciong', '2013-02-18', '19:21:04', 'stburke'),
('S37372', 'huangds', '2013-02-18', '19:21:05', 'stburke'),
('S37378', 'gnchu', '2013-02-18', '19:21:05', 'stburke'),
('S21628', 'carrila1', '2013-02-18', '19:21:06', 'stburke'),
('S21616', 'mrcruz', '2013-02-18', '19:21:07', 'stburke'),
('S37384', 'skabiri', '2013-02-18', '19:21:07', 'stburke'),
('S21604', 'hingoran', '2013-02-18', '19:21:07', 'stburke'),
('E78400', '', '2013-02-18', '19:21:07', 'stburke'),
('S21592', 'malleym', '2013-02-18', '19:21:08', 'stburke'),
('S21580', 'bhalbach', '2013-02-18', '19:21:09', 'stburke'),
('S37402', 'odahman', '2013-02-18', '19:21:09', 'stburke'),
('S21568', 'rkuehne', '2013-02-18', '19:21:10', 'stburke'),
('S37408', 'tostadop', '2013-02-18', '19:21:10', 'stburke'),
('S21556', 'pooriam', '2013-02-18', '19:21:10', 'stburke'),
('S37414', 'kaukshun', '2013-02-18', '19:21:10', 'stburke'),
('S21544', 'engsm', '2013-02-18', '19:21:11', 'stburke'),
('S37420', 'japelayo', '2013-02-18', '19:21:11', 'stburke'),
('S21532', 'kylecj', '2013-02-18', '19:21:11', 'stburke'),
('S37426', 'safaria', '2013-02-18', '19:21:12', 'stburke'),
('S21520', 'elisabem', '2013-02-18', '19:21:12', 'stburke'),
('S21526', '', '2013-02-18', '19:21:13', 'stburke'),
('S37432', 'rhlee1', '2013-02-18', '19:21:13', 'stburke'),
('S21538', 'atowstop', '2013-02-18', '19:21:13', 'stburke'),
('S37438', 'dbajaj', '2013-02-18', '19:21:13', 'stburke'),
('S37444', 'kkalsoom', '2013-02-18', '19:21:14', 'stburke'),
('S21550', 'tiantiay', '2013-02-18', '19:21:14', 'stburke'),
('S37456', 'edsosa', '2013-02-18', '19:21:15', 'stburke'),
('S37462', 'ecrazon', '2013-02-18', '19:21:16', 'stburke'),
('S21562', 'kushalks', '2013-02-18', '19:21:17', 'stburke'),
('S37468', '', '2013-02-18', '19:21:17', 'stburke'),
('S21574', 'kostera', '2013-02-18', '19:21:17', 'stburke'),
('S37474', 'willil2', '2013-02-18', '19:21:17', 'stburke'),
('S21586', 'cantong', '2013-02-18', '19:21:18', 'stburke'),
('S21598', 'jchinchi', '2013-02-18', '19:21:19', 'stburke'),
('S21610', 'vpaneto', '2013-02-18', '19:21:20', 'stburke'),
('S21622', 'tuckerjj', '2013-02-18', '19:21:21', 'stburke'),
('S21634', 'jgjimene', '2013-02-18', '19:21:21', 'stburke'),
('S36640', 'cuaboe', '2013-02-18', '19:21:21', 'stburke'),
('S36646', 'mandon', '2013-02-18', '19:21:22', 'stburke'),
('E81280', '', '2013-02-18', '19:21:23', 'stburke'),
('S36652', 'pnazari', '2013-02-18', '19:21:23', 'stburke'),
('S36658', 'bsoriano', '2013-02-18', '19:21:23', 'stburke'),
('S36664', 'jedson', '2013-02-18', '19:21:24', 'stburke'),
('S36670', 'cindyrm', '2013-02-18', '19:21:24', 'stburke'),
('S36676', 'vodk', '2013-02-18', '19:21:25', 'stburke'),
('S36682', 'yeeab', '2013-02-18', '19:21:25', 'stburke'),
('E81286', '', '2013-02-18', '19:21:25', 'stburke'),
('S36688', 'tgwatana', '2013-02-18', '19:21:26', 'stburke'),
('S20800', 'analsham', '2013-02-18', '19:21:27', 'stburke'),
('E81292', '', '2013-02-18', '19:21:27', 'stburke'),
('S20812', 'jacera', '2013-02-18', '19:21:27', 'stburke'),
('S20824', 'gabreelg', '2013-02-18', '19:21:28', 'stburke'),
('S36700', 'tkenney', '2013-02-18', '19:21:28', 'stburke'),
('S20836', 'pdedman', '2013-02-18', '19:21:29', 'stburke'),
('S36706', 'hpyeung', '2013-02-18', '19:21:29', 'stburke'),
('E81298', '', '2013-02-18', '19:21:29', 'stburke'),
('S20848', 'amylp', '2013-02-18', '19:21:29', 'stburke'),
('S36712', 'amatlock', '2013-02-18', '19:21:30', 'stburke'),
('S20860', 'rrabbon', '2013-02-18', '19:21:30', 'stburke'),
('S20872', 'mrsteven', '2013-02-18', '19:21:30', 'stburke'),
('S36718', 'mfaruque', '2013-02-18', '19:21:30', 'stburke'),
('S20884', 'yoshimy', '2013-02-18', '19:21:31', 'stburke'),
('S36724', 'mmorinis', '2013-02-18', '19:21:31', 'stburke'),
('E81304', '', '2013-02-18', '19:21:31', 'stburke'),
('S20896', 'lshannon', '2013-02-18', '19:21:32', 'stburke'),
('S36730', 'diegos', '2013-02-18', '19:21:32', 'stburke'),
('S20908', 'hashouri', '2013-02-18', '19:21:32', 'stburke'),
('S20914', 'kevinhn', '2013-02-18', '19:21:33', 'stburke'),
('S36736', 'manuelah', '2013-02-18', '19:21:33', 'stburke'),
('E81310', '', '2013-02-18', '19:21:33', 'stburke'),
('S20902', 'dphamle', '2013-02-18', '19:21:34', 'stburke'),
('S36742', 'amojaded', '2013-02-18', '19:21:34', 'stburke'),
('S36748', 'asansmun', '2013-02-18', '19:21:35', 'stburke'),
('E81316', '', '2013-02-18', '19:21:35', 'stburke'),
('S36754', 'chuongt', '2013-02-18', '19:21:36', 'stburke'),
('S20890', 'habtemaa', '2013-02-18', '19:21:36', 'stburke'),
('E81322', '', '2013-02-18', '19:21:38', 'stburke'),
('S20878', 'ymjeong', '2013-02-18', '19:21:39', 'stburke'),
('E81328', '', '2013-02-18', '19:21:39', 'stburke'),
('S20854', 'cuevasr', '2013-02-18', '19:21:40', 'stburke'),
('S20842', 'mmk', '2013-02-18', '19:21:42', 'stburke'),
('S20830', 'jljacobo', '2013-02-18', '19:21:43', 'stburke'),
('S20818', 'mjeung', '2013-02-18', '19:21:43', 'stburke'),
('S35920', 'jacuevas', '2013-02-18', '19:21:43', 'stburke'),
('S20806', 'yumengt', '2013-02-18', '19:21:44', 'stburke'),
('S35926', 'cbustill', '2013-02-18', '19:21:44', 'stburke'),
('S35932', 'ssternin', '2013-02-18', '19:21:44', 'stburke'),
('S35938', 'aziaee1', '2013-02-18', '19:21:45', 'stburke'),
('E81334', '', '2013-02-18', '19:21:45', 'stburke'),
('E81340', '', '2013-02-18', '19:21:46', 'stburke'),
('S35944', 'icheck', '2013-02-18', '19:21:46', 'stburke'),
('S20866', 'jlaughli', '2013-02-18', '19:21:46', 'stburke'),
('S35956', 'bmorey', '2013-02-18', '19:21:47', 'stburke'),
('S35950', 'asperez', '2013-02-18', '19:21:48', 'stburke'),
('S35968', 'alizcano', '2013-02-18', '19:21:49', 'stburke'),
('S35974', 'skrakiri', '2013-02-18', '19:21:49', 'stburke'),
('S35980', 'sophil2', '2013-02-18', '19:21:50', 'stburke'),
('S35986', 'wongcy2', '2013-02-18', '19:21:51', 'stburke'),
('S35992', 'aykwok', '2013-02-18', '19:21:51', 'stburke'),
('E81346', '', '2013-02-18', '19:21:51', 'stburke'),
('S20080', 'lweiden', '2013-02-18', '19:21:52', 'stburke'),
('S35998', 'sfarsai1', '2013-02-18', '19:21:52', 'stburke'),
('S20092', 'jdjohns1', '2013-02-18', '19:21:53', 'stburke'),
('S20104', '', '2013-02-18', '19:21:53', 'stburke'),
('S36010', 'bkhuong', '2013-02-18', '19:21:53', 'stburke'),
('E81352', '', '2013-02-18', '19:21:54', 'stburke'),
('S20116', 'ycchoi', '2013-02-18', '19:21:54', 'stburke'),
('S36016', 'adipasup', '2013-02-18', '19:21:54', 'stburke'),
('S20128', 'rwong3', '2013-02-18', '19:21:54', 'stburke'),
('E81358', '', '2013-02-18', '19:21:55', 'stburke'),
('S20140', 'klimtao', '2013-02-18', '19:21:55', 'stburke'),
('S20152', 'davisct', '2013-02-18', '19:21:56', 'stburke'),
('S36028', 'nguyenl1', '2013-02-18', '19:21:56', 'stburke'),
('S36022', 'jtluo', '2013-02-18', '19:21:57', 'stburke'),
('S20164', '', '2013-02-18', '19:21:57', 'stburke'),
('E81364', '', '2013-02-18', '19:21:57', 'stburke'),
('S20176', 'chient1', '2013-02-18', '19:21:58', 'stburke'),
('E81370', '', '2013-02-18', '19:21:58', 'stburke'),
('S20188', 'emnguyen', '2013-02-18', '19:21:58', 'stburke'),
('S20194', 'rma1', '2013-02-18', '19:21:59', 'stburke'),
('E81376', '', '2013-02-18', '19:22:00', 'stburke'),
('S20182', 'mannchuy', '2013-02-18', '19:22:00', 'stburke'),
('S20170', 'cnlai', '2013-02-18', '19:22:01', 'stburke'),
('S20158', 'nkarbala', '2013-02-18', '19:22:01', 'stburke'),
('E81382', 'pganesh', '2013-02-18', '19:22:02', 'stburke'),
('S35200', '', '2013-02-18', '19:22:02', 'stburke'),
('S20146', 'bteebi', '2013-02-18', '19:22:02', 'stburke'),
('S35206', 'sabham', '2013-02-18', '19:22:03', 'stburke'),
('E81388', 'teyoung', '2013-02-18', '19:22:03', 'stburke'),
('S35212', 'tbabikia', '2013-02-18', '19:22:03', 'stburke'),
('S20134', 'adngo', '2013-02-18', '19:22:04', 'stburke'),
('S35218', 'chieny', '2013-02-18', '19:22:04', 'stburke'),
('E81394', 'alhassem', '2013-02-18', '19:22:05', 'stburke'),
('S20122', 'kyokota', '2013-02-18', '19:22:05', 'stburke'),
('S35224', 'lianxic1', '2013-02-18', '19:22:05', 'stburke'),
('S35230', 'sandral2', '2013-02-18', '19:22:05', 'stburke'),
('S20110', '', '2013-02-18', '19:22:06', 'stburke'),
('S20098', 'dkunitsk', '2013-02-18', '19:22:06', 'stburke'),
('S20086', 'jcgomez', '2013-02-18', '19:22:07', 'stburke'),
('S35236', 'adriang4', '2013-02-18', '19:22:07', 'stburke'),
('S35248', 'jnlee', '2013-02-18', '19:22:08', 'stburke'),
('S35254', 'pche', '2013-02-18', '19:22:09', 'stburke'),
('S35260', 'xiaojiw', '2013-02-18', '19:22:10', 'stburke'),
('S35272', 'michaw1', '2013-02-18', '19:22:11', 'stburke'),
('S35278', 'rwikert', '2013-02-18', '19:22:12', 'stburke'),
('S19360', 'esomogyi', '2013-02-18', '19:22:12', 'stburke'),
('S19372', 'lchavezf', '2013-02-18', '19:22:13', 'stburke'),
('S35284', 'jmanuel', '2013-02-18', '19:22:13', 'stburke'),
('S19384', 'gquinabo', '2013-02-18', '19:22:14', 'stburke'),
('S19396', 'gdy', '2013-02-18', '19:22:14', 'stburke'),
('S19408', 'sdell', '2013-02-18', '19:22:15', 'stburke'),
('S19420', 'inanayak', '2013-02-18', '19:22:15', 'stburke'),
('S19432', '', '2013-02-18', '19:22:16', 'stburke'),
('E71200', '', '2013-02-18', '19:22:16', 'stburke'),
('S35296', 'hahnd1', '2013-02-18', '19:22:16', 'stburke'),
('S19444', 'djaimes', '2013-02-18', '19:22:17', 'stburke'),
('S19456', 'jturcios', '2013-02-18', '19:22:17', 'stburke'),
('S19468', 'mcarrico', '2013-02-18', '19:22:18', 'stburke'),
('S35290', 'caoa', '2013-02-18', '19:22:18', 'stburke'),
('S19474', 'yousefa', '2013-02-18', '19:22:18', 'stburke'),
('S35302', 'patelta', '2013-02-18', '19:22:20', 'stburke'),
('E71206', '', '2013-02-18', '19:22:20', 'stburke'),
('S19462', 'ctodmia', '2013-02-18', '19:22:20', 'stburke'),
('S35308', 'vdonikia', '2013-02-18', '19:22:21', 'stburke'),
('S19450', 'kkarwa', '2013-02-18', '19:22:21', 'stburke'),
('S19438', '', '2013-02-18', '19:22:22', 'stburke'),
('S35314', 'amazaher', '2013-02-18', '19:22:22', 'stburke'),
('E71212', 'wonghs', '2013-02-18', '19:22:22', 'stburke'),
('S19426', 'caitlir', '2013-02-18', '19:22:22', 'stburke'),
('S19414', 'aheidari', '2013-02-18', '19:22:23', 'stburke'),
('E71218', 'chiakueh', '2013-02-18', '19:22:23', 'stburke'),
('S19402', 'dmoshref', '2013-02-18', '19:22:23', 'stburke'),
('S19390', 'ammercad', '2013-02-18', '19:22:24', 'stburke'),
('S19378', 'jhuleis', '2013-02-18', '19:22:25', 'stburke'),
('E71224', 'samborok', '2013-02-18', '19:22:25', 'stburke'),
('S19366', 'amansour', '2013-02-18', '19:22:25', 'stburke'),
('E71230', 'vmsauer', '2013-02-18', '19:22:27', 'stburke'),
('E71236', 'wklei', '2013-02-18', '19:22:28', 'stburke'),
('E71242', 'chowj6', '2013-02-18', '19:22:30', 'stburke'),
('E71248', 'mirghass', '2013-02-18', '19:22:31', 'stburke'),
('S34480', 'mabazari', '2013-02-18', '19:22:31', 'stburke'),
('S34486', 'harrish1', '2013-02-18', '19:22:32', 'stburke'),
('S18640', 'lintg', '2013-02-18', '19:22:32', 'stburke'),
('S34492', 'ashirif', '2013-02-18', '19:22:32', 'stburke'),
('S18652', 'jmibrahi', '2013-02-18', '19:22:33', 'stburke'),
('S18664', 'csbecerr', '2013-02-18', '19:22:34', 'stburke'),
('S34504', 'eruedas', '2013-02-18', '19:22:34', 'stburke'),
('S18676', 'mmcharle', '2013-02-18', '19:22:34', 'stburke'),
('S34510', 'jefferd', '2013-02-18', '19:22:34', 'stburke'),
('E71260', 'crystald', '2013-02-18', '19:22:35', 'stburke'),
('S34516', 'nkrodrig', '2013-02-18', '19:22:35', 'stburke'),
('S18688', 'jkbell', '2013-02-18', '19:22:35', 'stburke'),
('S18700', 'xiaoyum1', '2013-02-18', '19:22:36', 'stburke'),
('S34528', 'abdinh', '2013-02-18', '19:22:36', 'stburke'),
('S18712', 'dcapule', '2013-02-18', '19:22:36', 'stburke'),
('S18724', 'rbarekat', '2013-02-18', '19:22:37', 'stburke'),
('E71254', 'johntt', '2013-02-18', '19:22:37', 'stburke'),
('S34534', 'tkeo', '2013-02-18', '19:22:37', 'stburke'),
('S18736', 'traceyt', '2013-02-18', '19:22:38', 'stburke'),
('S34540', 'mathewb', '2013-02-18', '19:22:38', 'stburke'),
('S18748', '', '2013-02-18', '19:22:38', 'stburke'),
('S34552', 'kpournag', '2013-02-18', '19:22:39', 'stburke'),
('S18754', 'kcutler', '2013-02-18', '19:22:39', 'stburke'),
('S34558', 'wsing', '2013-02-18', '19:22:40', 'stburke'),
('S34564', '', '2013-02-18', '19:22:40', 'stburke'),
('S18742', 'lucchesb', '2013-02-18', '19:22:41', 'stburke'),
('S34570', 'ayecheve', '2013-02-18', '19:22:41', 'stburke'),
('E71266', 'terziana', '2013-02-18', '19:22:41', 'stburke'),
('S18730', 'amoussav', '2013-02-18', '19:22:42', 'stburke'),
('S34588', 'mbadrina', '2013-02-18', '19:22:43', 'stburke'),
('S18718', 'norrisc', '2013-02-18', '19:22:43', 'stburke'),
('S34582', '', '2013-02-18', '19:22:43', 'stburke'),
('E71272', 'fosteres', '2013-02-18', '19:22:43', 'stburke'),
('S18706', 'zongling', '2013-02-18', '19:22:44', 'stburke'),
('S18694', 'spasin', '2013-02-18', '19:22:44', 'stburke'),
('S18682', '', '2013-02-18', '19:22:45', 'stburke'),
('E71278', 'bisselld', '2013-02-18', '19:22:45', 'stburke'),
('S18670', 'atshaw', '2013-02-18', '19:22:46', 'stburke'),
('S18658', 'zcampagn', '2013-02-18', '19:22:46', 'stburke'),
('S18646', 'ametulev', '2013-02-18', '19:22:47', 'stburke'),
('E71284', 'jsepulv1', '2013-02-18', '19:22:47', 'stburke'),
('E71290', 'wyhsieh', '2013-02-18', '19:22:49', 'stburke'),
('E71296', 'jacobaj', '2013-02-18', '19:22:50', 'stburke'),
('E71302', 'esarco', '2013-02-18', '19:22:52', 'stburke'),
('S17920', 'mrsulliv', '2013-02-18', '19:22:53', 'stburke'),
('S17932', 'akindel', '2013-02-18', '19:22:53', 'stburke'),
('E71308', 'theog', '2013-02-18', '19:22:54', 'stburke'),
('S17944', 'vavagyan', '2013-02-18', '19:22:54', 'stburke'),
('S17956', 'gahumada', '2013-02-18', '19:22:55', 'stburke'),
('E71314', 'sbecan', '2013-02-18', '19:22:55', 'stburke'),
('S17968', 'palaciok', '2013-02-18', '19:22:56', 'stburke'),
('S17980', 'gagomez', '2013-02-18', '19:22:57', 'stburke'),
('S17992', 'jpto', '2013-02-18', '19:22:57', 'stburke'),
('S18004', 'jna1', '2013-02-18', '19:22:58', 'stburke'),
('S18016', 'sbumatay', '2013-02-18', '19:22:58', 'stburke'),
('S18028', 'amnavarr', '2013-02-18', '19:22:59', 'stburke'),
('S18034', 'aeblanco', '2013-02-18', '19:23:00', 'stburke'),
('S18022', 'jpazzi', '2013-02-18', '19:23:01', 'stburke'),
('S18010', 'tltran1', '2013-02-18', '19:23:02', 'stburke'),
('S17986', 'jjocson', '2013-02-18', '19:23:03', 'stburke'),
('E70480', '', '2013-02-18', '19:23:04', 'stburke'),
('S34498', 'mbcurtis', '2013-02-18', '19:23:04', 'stburke'),
('S17974', 'ghovakim', '2013-02-18', '19:23:04', 'stburke'),
('S17962', 'mhvasque', '2013-02-18', '19:23:06', 'stburke'),
('E70486', '', '2013-02-18', '19:23:06', 'stburke'),
('S17950', 'jhsantia', '2013-02-18', '19:23:06', 'stburke'),
('S17926', 'nguyenlj', '2013-02-18', '19:23:07', 'stburke'),
('E70492', '', '2013-02-18', '19:23:07', 'stburke'),
('E70504', '', '2013-02-18', '19:23:10', 'stburke'),
('S34522', '', '2013-02-18', '19:23:11', 'stburke'),
('E70498', '', '2013-02-18', '19:23:12', 'stburke'),
('S17200', 'ddcobb', '2013-02-18', '19:23:14', 'stburke'),
('E70510', '', '2013-02-18', '19:23:15', 'stburke'),
('S17212', 'sudayamu', '2013-02-18', '19:23:16', 'stburke'),
('S17224', 'ipareja', '2013-02-18', '19:23:16', 'stburke'),
('S17236', 'moodiea', '2013-02-18', '19:23:17', 'stburke'),
('E70516', '', '2013-02-18', '19:23:18', 'stburke'),
('S17248', 'pverma', '2013-02-18', '19:23:18', 'stburke'),
('S17260', 'magpantr', '2013-02-18', '19:23:18', 'stburke'),
('S17272', 'jangle', '2013-02-18', '19:23:19', 'stburke'),
('E70522', '', '2013-02-18', '19:23:19', 'stburke'),
('S17284', 'wcisnero', '2013-02-18', '19:23:19', 'stburke'),
('S17296', '', '2013-02-18', '19:23:20', 'stburke'),
('S17308', 'whillhou', '2013-02-18', '19:23:20', 'stburke'),
('S17314', 'acao', '2013-02-18', '19:23:21', 'stburke'),
('E70528', '', '2013-02-18', '19:23:21', 'stburke'),
('S17302', 'vjma', '2013-02-18', '19:23:22', 'stburke'),
('E70534', '', '2013-02-18', '19:23:22', 'stburke'),
('S17290', '', '2013-02-18', '19:23:22', 'stburke'),
('S34576', 'alandres', '2013-02-18', '19:23:23', 'stburke'),
('S17278', 'lalonzo', '2013-02-18', '19:23:24', 'stburke'),
('E70540', '', '2013-02-18', '19:23:24', 'stburke'),
('S17266', 'sehsan', '2013-02-18', '19:23:25', 'stburke'),
('S17254', 'aesposo', '2013-02-18', '19:23:26', 'stburke'),
('S17242', 'ruizje', '2013-02-18', '19:23:26', 'stburke'),
('E70546', '', '2013-02-18', '19:23:27', 'stburke'),
('S17230', 'jlonner', '2013-02-18', '19:23:27', 'stburke'),
('S17218', 'rmhuynh', '2013-02-18', '19:23:28', 'stburke'),
('S17206', 'racelisj', '2013-02-18', '19:23:28', 'stburke'),
('E70552', '', '2013-02-18', '19:23:30', 'stburke'),
('E70558', '', '2013-02-18', '19:23:33', 'stburke'),
('E70564', '', '2013-02-18', '19:23:34', 'stburke'),
('S16480', 'cacampbe', '2013-02-18', '19:23:34', 'stburke'),
('S16492', 'badillos', '2013-02-18', '19:23:35', 'stburke'),
('S16504', 'tonyhp', '2013-02-18', '19:23:35', 'stburke'),
('S16516', 'arnesanc', '2013-02-18', '19:23:36', 'stburke'),
('E70570', '', '2013-02-18', '19:23:36', 'stburke'),
('S16528', 'washingl', '2013-02-18', '19:23:36', 'stburke'),
('S16540', 'sgsanche', '2013-02-18', '19:23:37', 'stburke'),
('S16552', 'safifi', '2013-02-18', '19:23:38', 'stburke'),
('E70576', '', '2013-02-18', '19:23:38', 'stburke'),
('S16564', 'samantaa', '2013-02-18', '19:23:38', 'stburke'),
('S16576', 'rapides', '2013-02-18', '19:23:39', 'stburke'),
('S16588', 'gmunozmo', '2013-02-18', '19:23:39', 'stburke'),
('S16594', 'asix', '2013-02-18', '19:23:39', 'stburke'),
('E70582', '', '2013-02-18', '19:23:40', 'stburke'),
('S16582', 'akowsar', '2013-02-18', '19:23:40', 'stburke'),
('S16570', 'tdta', '2013-02-18', '19:23:41', 'stburke'),
('E70588', '', '2013-02-18', '19:23:41', 'stburke'),
('S16558', 'carlink', '2013-02-18', '19:23:41', 'stburke'),
('S16546', 'tcdao', '2013-02-18', '19:23:42', 'stburke'),
('S16534', 'mardymaz', '2013-02-18', '19:23:42', 'stburke'),
('E70594', '', '2013-02-18', '19:23:43', 'stburke'),
('S16522', 'shlo', '2013-02-18', '19:23:43', 'stburke'),
('S16510', 'ysantoro', '2013-02-18', '19:23:43', 'stburke'),
('S16498', '', '2013-02-18', '19:23:44', 'stburke'),
('S16486', 'vmojica', '2013-02-18', '19:23:44', 'stburke'),
('S15760', '', '2013-02-18', '19:23:50', 'stburke'),
('S15772', 'jameshp', '2013-02-18', '19:23:50', 'stburke'),
('S15784', 'leone', '2013-02-18', '19:23:51', 'stburke'),
('S35266', 'wenqiy', '2013-02-18', '19:23:51', 'stburke'),
('S15796', 'felsingn', '2013-02-18', '19:23:51', 'stburke'),
('S15808', 'kveliz', '2013-02-18', '19:23:52', 'stburke'),
('E67714', '', '2013-02-18', '19:23:52', 'stburke'),
('S15820', 'ccase', '2013-02-18', '19:23:52', 'stburke'),
('S15832', 'bakerdm', '2013-02-18', '19:23:53', 'stburke'),
('S15844', '', '2013-02-18', '19:23:53', 'stburke'),
('S15856', 'vuhn1', '2013-02-18', '19:23:54', 'stburke'),
('E67708', '', '2013-02-18', '19:23:54', 'stburke'),
('S15868', 'andrewvn', '2013-02-18', '19:23:54', 'stburke'),
('S15874', '', '2013-02-18', '19:23:55', 'stburke'),
('S15862', 'teddem', '2013-02-18', '19:23:55', 'stburke'),
('S15850', 'kmmorita', '2013-02-18', '19:23:56', 'stburke'),
('E67702', '', '2013-02-18', '19:23:56', 'stburke'),
('S15838', 'oortiz', '2013-02-18', '19:23:57', 'stburke'),
('S15826', 'jatinaje', '2013-02-18', '19:23:57', 'stburke'),
('E67696', '', '2013-02-18', '19:23:58', 'stburke'),
('S15814', '', '2013-02-18', '19:23:58', 'stburke'),
('S15802', 'jiih', '2013-02-18', '19:23:59', 'stburke'),
('E67690', '', '2013-02-18', '19:23:59', 'stburke'),
('S15790', 'njfernan', '2013-02-18', '19:24:00', 'stburke'),
('S15778', 'mtvera', '2013-02-18', '19:24:01', 'stburke'),
('E67684', '', '2013-02-18', '19:24:01', 'stburke'),
('S15766', 'gvenneri', '2013-02-18', '19:24:01', 'stburke'),
('E67678', '', '2013-02-18', '19:24:02', 'stburke'),
('E67672', '', '2013-02-18', '19:24:04', 'stburke'),
('E67666', '', '2013-02-18', '19:24:06', 'stburke'),
('S15040', 'mingw3', '2013-02-18', '19:24:06', 'stburke'),
('S15052', 'isamra', '2013-02-18', '19:24:06', 'stburke'),
('S15064', 'karinar', '2013-02-18', '19:24:07', 'stburke'),
('S15076', 'rfarraro', '2013-02-18', '19:24:07', 'stburke'),
('S15088', 'sarahml', '2013-02-18', '19:24:08', 'stburke'),
('S15100', 'ehsiung1', '2013-02-18', '19:24:08', 'stburke'),
('S15112', 'xiaolez', '2013-02-18', '19:24:09', 'stburke'),
('S15124', 'phip1', '2013-02-18', '19:24:09', 'stburke'),
('E67660', '', '2013-02-18', '19:24:10', 'stburke'),
('S15136', 'daceved1', '2013-02-18', '19:24:10', 'stburke'),
('S15148', 'dsgrant', '2013-02-18', '19:24:10', 'stburke'),
('S15154', 'pvasanth', '2013-02-18', '19:24:11', 'stburke'),
('E67654', '', '2013-02-18', '19:24:11', 'stburke'),
('S15142', 'estradaz', '2013-02-18', '19:24:11', 'stburke'),
('S15130', 'raymonej', '2013-02-18', '19:24:13', 'stburke'),
('E67648', '', '2013-02-18', '19:24:13', 'stburke'),
('S15118', 'tnbui', '2013-02-18', '19:24:14', 'stburke'),
('E67642', '', '2013-02-18', '19:24:14', 'stburke'),
('S15106', 'cgurley', '2013-02-18', '19:24:14', 'stburke'),
('S15094', 'galavizn', '2013-02-18', '19:24:15', 'stburke'),
('S15082', 'slam10', '2013-02-18', '19:24:16', 'stburke'),
('S35962', 'mnajam', '2013-02-18', '19:24:16', 'stburke'),
('S15070', 'dcrakes', '2013-02-18', '19:24:16', 'stburke'),
('S15058', 'longakim', '2013-02-18', '19:24:17', 'stburke'),
('S15046', 'longp1', '2013-02-18', '19:24:17', 'stburke'),
('E67636', '', '2013-02-18', '19:24:17', 'stburke'),
('E67630', '', '2013-02-18', '19:24:19', 'stburke'),
('S14320', 'stevenb', '2013-02-18', '19:24:23', 'stburke'),
('S14332', 'aamelire', '2013-02-18', '19:24:24', 'stburke'),
('S14344', 'lxvu', '2013-02-18', '19:24:25', 'stburke'),
('S14356', 'robertsc', '2013-02-18', '19:24:25', 'stburke'),
('S14368', 'morrowd', '2013-02-18', '19:24:26', 'stburke'),
('S14380', 'meganl', '2013-02-18', '19:24:27', 'stburke'),
('S14392', 'jfkast', '2013-02-18', '19:24:27', 'stburke'),
('S14404', 'emamim', '2013-02-18', '19:24:28', 'stburke'),
('S14416', 'jschloss', '2013-02-18', '19:24:28', 'stburke'),
('S14428', 'acapulon', '2013-02-18', '19:24:29', 'stburke'),
('S14434', 'elkwan', '2013-02-18', '19:24:29', 'stburke'),
('S14422', 'andreamh', '2013-02-18', '19:24:31', 'stburke'),
('E67624', '', '2013-02-18', '19:24:31', 'stburke'),
('S14410', 'tsughrue', '2013-02-18', '19:24:31', 'stburke'),
('S14398', 'bpolson', '2013-02-18', '19:24:32', 'stburke'),
('S14386', 'colorada', '2013-02-18', '19:24:32', 'stburke'),
('S14374', 'ameliaam', '2013-02-18', '19:24:33', 'stburke'),
('S14362', 'iec', '2013-02-18', '19:24:34', 'stburke'),
('S36034', 'apaulos', '2013-02-18', '19:24:34', 'stburke'),
('S14350', 'chewy', '2013-02-18', '19:24:34', 'stburke'),
('E67618', '', '2013-02-18', '19:24:35', 'stburke'),
('S14338', 'dclouie', '2013-02-18', '19:24:35', 'stburke'),
('S14326', 'liuy14', '2013-02-18', '19:24:35', 'stburke'),
('E67606', '', '2013-02-18', '19:24:36', 'stburke'),
('E67600', '', '2013-02-18', '19:24:41', 'stburke'),
('E67612', '', '2013-02-18', '19:24:44', 'stburke'),
('S36694', 'ythoang', '2013-02-18', '19:24:51', 'stburke'),
('S13600', 'chinsh', '2013-02-18', '19:24:53', 'stburke'),
('S13612', 'jboachie', '2013-02-18', '19:24:54', 'stburke'),
('S13624', 'ehenson', '2013-02-18', '19:24:54', 'stburke'),
('S13636', 'jhelstro', '2013-02-18', '19:24:55', 'stburke'),
('S13648', 'ananthar', '2013-02-18', '19:24:55', 'stburke'),
('E68434', '', '2013-02-18', '19:24:55', 'stburke'),
('S13660', 'icheng1', '2013-02-18', '19:24:57', 'stburke'),
('S13672', 'rfiske', '2013-02-18', '19:24:57', 'stburke'),
('E68428', '', '2013-02-18', '19:24:58', 'stburke'),
('S13684', 'rlei', '2013-02-18', '19:24:58', 'stburke'),
('S13696', 'smtorres', '2013-02-18', '19:24:58', 'stburke'),
('S13708', 'japple', '2013-02-18', '19:24:59', 'stburke'),
('S13714', 'dmcvay', '2013-02-18', '19:24:59', 'stburke'),
('E68422', '', '2013-02-18', '19:25:00', 'stburke'),
('S13702', 'katherlw', '2013-02-18', '19:25:00', 'stburke'),
('S13690', 'cpcarter', '2013-02-18', '19:25:00', 'stburke'),
('S13678', 'lsyong', '2013-02-18', '19:25:01', 'stburke'),
('E68416', '', '2013-02-18', '19:25:01', 'stburke'),
('E68410', '', '2013-02-18', '19:25:02', 'stburke'),
('S13666', 'diepct', '2013-02-18', '19:25:02', 'stburke'),
('S13654', 'solarese', '2013-02-18', '19:25:03', 'stburke'),
('S13642', 'justial1', '2013-02-18', '19:25:03', 'stburke'),
('E68404', '', '2013-02-18', '19:25:04', 'stburke'),
('S13630', 'truongaw', '2013-02-18', '19:25:04', 'stburke'),
('S13618', 'meierj', '2013-02-18', '19:25:05', 'stburke'),
('E68398', '', '2013-02-18', '19:25:05', 'stburke'),
('S13606', 'aagaramm', '2013-02-18', '19:25:05', 'stburke'),
('E68392', '', '2013-02-18', '19:25:07', 'stburke'),
('E68386', '', '2013-02-18', '19:25:09', 'stburke'),
('E68380', '', '2013-02-18', '19:25:12', 'stburke'),
('S12880', 'wlee8', '2013-02-18', '19:25:12', 'stburke'),
('S12892', 'joshuaam', '2013-02-18', '19:25:13', 'stburke'),
('E68374', '', '2013-02-18', '19:25:13', 'stburke'),
('S12904', 'knightmb', '2013-02-18', '19:25:13', 'stburke'),
('S12916', 'llov', '2013-02-18', '19:25:14', 'stburke'),
('S12928', 'klaunglu', '2013-02-18', '19:25:14', 'stburke'),
('S12940', 'vanessad', '2013-02-18', '19:25:15', 'stburke'),
('S12952', 'athorste', '2013-02-18', '19:25:15', 'stburke'),
('S12964', 'miguelap', '2013-02-18', '19:25:16', 'stburke'),
('S12976', 'vanvolkk', '2013-02-18', '19:25:16', 'stburke'),
('E68368', '', '2013-02-18', '19:25:16', 'stburke'),
('S12988', 'dotv', '2013-02-18', '19:25:16', 'stburke'),
('S12994', 'sajedh', '2013-02-18', '19:25:17', 'stburke'),
('S12982', 'marielih', '2013-02-18', '19:25:18', 'stburke'),
('S12970', 'titusc', '2013-02-18', '19:25:19', 'stburke'),
('S12958', 'mrrahimi', '2013-02-18', '19:25:19', 'stburke'),
('S12946', '', '2013-02-18', '19:25:20', 'stburke'),
('S12934', 'fmartidu', '2013-02-18', '19:25:20', 'stburke'),
('S12922', 'jasonyc', '2013-02-18', '19:25:21', 'stburke'),
('S12910', 'taeyk1', '2013-02-18', '19:25:21', 'stburke'),
('S12898', 'awchao', '2013-02-18', '19:25:22', 'stburke'),
('E68362', '', '2013-02-18', '19:25:22', 'stburke'),
('S12886', 'acepero', '2013-02-18', '19:25:22', 'stburke'),
('E68350', '', '2013-02-18', '19:25:24', 'stburke'),
('E68356', '', '2013-02-18', '19:25:25', 'stburke'),
('E68344', 'aroque', '2013-02-18', '19:25:27', 'stburke'),
('S12160', 'stimko', '2013-02-18', '19:25:27', 'stburke'),
('S12172', 'tianxiz', '2013-02-18', '19:25:28', 'stburke'),
('E68338', 'marioa', '2013-02-18', '19:25:28', 'stburke'),
('S12184', 'rnaderi', '2013-02-18', '19:25:29', 'stburke'),
('S12196', 'gmccarth', '2013-02-18', '19:25:29', 'stburke'),
('S12208', 'jmoebius', '2013-02-18', '19:25:30', 'stburke'),
('E68332', 'descofet', '2013-02-18', '19:25:31', 'stburke'),
('S12220', 'billl', '2013-02-18', '19:25:31', 'stburke'),
('S12232', 'ahussien', '2013-02-18', '19:25:32', 'stburke'),
('S12244', 'junyanp', '2013-02-18', '19:25:32', 'stburke'),
('S12256', 'mkhairy', '2013-02-18', '19:25:33', 'stburke'),
('S12268', 'gangheej', '2013-02-18', '19:25:34', 'stburke'),
('S12274', 'yul11', '2013-02-18', '19:25:34', 'stburke'),
('S12262', 'mmaggia', '2013-02-18', '19:25:35', 'stburke'),
('S12250', 'lluiss', '2013-02-18', '19:25:36', 'stburke'),
('S12238', 'ccogan', '2013-02-18', '19:25:36', 'stburke'),
('E68326', 'rzane', '2013-02-18', '19:25:37', 'stburke'),
('S12226', 'laur2', '2013-02-18', '19:25:39', 'stburke'),
('S12214', 'mmsugimo', '2013-02-18', '19:25:40', 'stburke'),
('S12202', 'xiaoyil3', '2013-02-18', '19:25:40', 'stburke'),
('S12190', 'honj', '2013-02-18', '19:25:41', 'stburke'),
('E68320', 'bhernaez', '2013-02-18', '19:25:41', 'stburke'),
('S12178', 'achu4', '2013-02-18', '19:25:42', 'stburke'),
('S12166', 'ayonemur', '2013-02-18', '19:25:42', 'stburke'),
('E78508', '', '2013-02-18', '19:25:46', 'stburke'),
('S11440', 'akhavanm', '2013-02-18', '19:25:49', 'stburke'),
('S11452', 'lsalaris', '2013-02-18', '19:25:50', 'stburke'),
('S11464', 'siutt', '2013-02-18', '19:25:50', 'stburke'),
('S11476', 'tvtaing', '2013-02-18', '19:25:51', 'stburke'),
('S11488', 'jlagade', '2013-02-18', '19:25:51', 'stburke'),
('S11500', 'eugenel3', '2013-02-18', '19:25:52', 'stburke');
INSERT INTO `barcodes` (`barcode`, `ucinetid`, `date`, `time`, `volunteer`) VALUES
('S11512', 'ckalutha', '2013-02-18', '19:25:52', 'stburke'),
('S11524', 'yeungm1', '2013-02-18', '19:25:53', 'stburke'),
('S11536', 'rana', '2013-02-18', '19:25:53', 'stburke'),
('S11548', 'hphouasa', '2013-02-18', '19:25:54', 'stburke'),
('S11554', 'cafrica', '2013-02-18', '19:25:56', 'stburke'),
('S11542', 'rmitche1', '2013-02-18', '19:25:57', 'stburke'),
('E69760', '', '2013-02-18', '19:25:58', 'stburke'),
('S11530', 'imikkili', '2013-02-18', '19:25:58', 'stburke'),
('S11518', 'liujd', '2013-02-18', '19:25:59', 'stburke'),
('E69766', '', '2013-02-18', '19:26:00', 'stburke'),
('S11506', 'tsantosm', '2013-02-18', '19:26:01', 'stburke'),
('S11494', 'ademirta', '2013-02-18', '19:26:02', 'stburke'),
('E69772', '', '2013-02-18', '19:26:02', 'stburke'),
('S11482', 'krtran', '2013-02-18', '19:26:03', 'stburke'),
('S11470', 'cfruiz', '2013-02-18', '19:26:03', 'stburke'),
('S11458', 'minfeio', '2013-02-18', '19:26:04', 'stburke'),
('E69778', '', '2013-02-18', '19:26:04', 'stburke'),
('S11446', 'umukherj', '2013-02-18', '19:26:05', 'stburke'),
('E69784', '', '2013-02-18', '19:26:06', 'stburke'),
('E69790', '', '2013-02-18', '19:26:08', 'stburke'),
('E69796', '', '2013-02-18', '19:26:10', 'stburke'),
('S10720', 'felicifm', '2013-02-18', '19:26:11', 'stburke'),
('E69802', '', '2013-02-18', '19:26:12', 'stburke'),
('S10732', 'jkchew', '2013-02-18', '19:26:12', 'stburke'),
('S10744', 'gueramim', '2013-02-18', '19:26:12', 'stburke'),
('E69808', '', '2013-02-18', '19:26:13', 'stburke'),
('S10756', '', '2013-02-18', '19:26:13', 'stburke'),
('S10768', 'jeremyp', '2013-02-18', '19:26:14', 'stburke'),
('S10780', 'dnguye33', '2013-02-18', '19:26:14', 'stburke'),
('E69814', '', '2013-02-18', '19:26:15', 'stburke'),
('S10792', 'shekarae', '2013-02-18', '19:26:15', 'stburke'),
('S10804', 'wuj3', '2013-02-18', '19:26:15', 'stburke'),
('S37396', 'wwlui', '2013-02-18', '19:26:15', 'stburke'),
('S10816', 'apuga', '2013-02-18', '19:26:16', 'stburke'),
('E69820', '', '2013-02-18', '19:26:16', 'stburke'),
('S10828', 'leedy2', '2013-02-18', '19:26:17', 'stburke'),
('S10834', 'arauyeun', '2013-02-18', '19:26:18', 'stburke'),
('E69826', '', '2013-02-18', '19:26:18', 'stburke'),
('S10822', 'keatingm', '2013-02-18', '19:26:19', 'stburke'),
('S10810', 'sjalalic', '2013-02-18', '19:26:20', 'stburke'),
('E69832', '', '2013-02-18', '19:26:21', 'stburke'),
('S10798', 'eddiem1', '2013-02-18', '19:26:22', 'stburke'),
('E69838', '', '2013-02-18', '19:26:23', 'stburke'),
('S10786', 'wangkp', '2013-02-18', '19:26:23', 'stburke'),
('E69844', '', '2013-02-18', '19:26:24', 'stburke'),
('S10774', 'junangst', '2013-02-18', '19:26:24', 'stburke'),
('S10762', 'ergomez1', '2013-02-18', '19:26:25', 'stburke'),
('S10750', 'amanshad', '2013-02-18', '19:26:26', 'stburke'),
('S10738', 'mroumi', '2013-02-18', '19:26:26', 'stburke'),
('E69850', '', '2013-02-18', '19:26:26', 'stburke'),
('S10726', 'jessian1', '2013-02-18', '19:26:27', 'stburke'),
('E69856', '', '2013-02-18', '19:26:29', 'stburke'),
('E69862', '', '2013-02-18', '19:26:30', 'stburke'),
('E69868', '', '2013-02-18', '19:26:32', 'stburke'),
('S10108', 'alexh', '2013-02-18', '19:26:33', 'stburke'),
('S37450', 'navprekg', '2013-02-18', '19:26:33', 'stburke'),
('S10096', 'nicholam', '2013-02-18', '19:26:33', 'stburke'),
('E69874', '', '2013-02-18', '19:26:34', 'stburke'),
('S10084', 'cyyeung', '2013-02-18', '19:26:35', 'stburke'),
('S10072', 'ktemesge', '2013-02-18', '19:26:37', 'stburke'),
('S10060', 'lavalos', '2013-02-18', '19:26:37', 'stburke'),
('S10048', 'jdortiz', '2013-02-18', '19:26:38', 'stburke'),
('S10036', 'vsun', '2013-02-18', '19:26:39', 'stburke'),
('S10024', 'lmejia', '2013-02-18', '19:26:39', 'stburke'),
('S10012', 'sivang', '2013-02-18', '19:26:40', 'stburke'),
('S10000', 'vangd', '2013-02-18', '19:26:41', 'stburke'),
('S10006', 'gian', '2013-02-18', '19:26:41', 'stburke'),
('S10018', 'hellers', '2013-02-18', '19:26:42', 'stburke'),
('S10030', 'adecarmo', '2013-02-18', '19:26:43', 'stburke'),
('S10042', 'kzand', '2013-02-18', '19:26:43', 'stburke'),
('S10054', 'decheve1', '2013-02-18', '19:26:44', 'stburke'),
('E69040', '', '2013-02-18', '19:26:46', 'stburke'),
('S10066', 'dcheng4', '2013-02-18', '19:26:48', 'stburke'),
('E69046', '', '2013-02-18', '19:26:48', 'stburke'),
('S10078', 'tedp', '2013-02-18', '19:26:50', 'stburke'),
('E69052', '', '2013-02-18', '19:26:50', 'stburke'),
('S10090', 'jsoukup', '2013-02-18', '19:26:51', 'stburke'),
('S10102', 'wangyy', '2013-02-18', '19:26:51', 'stburke'),
('S10114', 'mvpatel', '2013-02-18', '19:26:52', 'stburke'),
('E69058', '', '2013-02-18', '19:26:52', 'stburke'),
('E69064', '', '2013-02-18', '19:26:54', 'stburke'),
('E69070', '', '2013-02-18', '19:26:56', 'stburke'),
('E69076', '', '2013-02-18', '19:26:58', 'stburke'),
('E69082', '', '2013-02-18', '19:26:59', 'stburke'),
('E69088', '', '2013-02-18', '19:27:01', 'stburke'),
('S38134', 'avdo', '2013-02-18', '19:27:01', 'stburke'),
('E69094', '', '2013-02-18', '19:27:02', 'stburke'),
('E69100', '', '2013-02-18', '19:27:04', 'stburke'),
('E69106', '', '2013-02-18', '19:27:06', 'stburke'),
('E69112', '', '2013-02-18', '19:27:07', 'stburke'),
('E69118', '', '2013-02-18', '19:27:12', 'stburke'),
('E69124', '', '2013-02-18', '19:27:13', 'stburke'),
('E69130', '', '2013-02-18', '19:27:15', 'stburke'),
('E69136', '', '2013-02-18', '19:27:17', 'stburke'),
('E69142', '', '2013-02-18', '19:27:18', 'stburke'),
('E69148', '', '2013-02-18', '19:27:22', 'stburke'),
('E69154', '', '2013-02-18', '19:27:23', 'stburke'),
('E72016', '', '2013-02-18', '19:27:30', 'stburke'),
('E72010', '', '2013-02-18', '19:27:31', 'stburke'),
('E72004', '', '2013-02-18', '19:27:33', 'stburke'),
('E71998', '', '2013-02-18', '19:27:35', 'stburke'),
('E71992', '', '2013-02-18', '19:27:36', 'stburke'),
('E71986', '', '2013-02-18', '19:27:38', 'stburke'),
('S38854', 'mbcaball', '2013-02-18', '19:27:41', 'stburke'),
('E71974', '', '2013-02-18', '19:27:42', 'stburke'),
('E71980', '', '2013-02-18', '19:27:43', 'stburke'),
('E71962', '', '2013-02-18', '19:27:46', 'stburke'),
('E71968', '', '2013-02-18', '19:27:48', 'stburke'),
('E71956', '', '2013-02-18', '19:27:50', 'stburke'),
('E71950', '', '2013-02-18', '19:27:52', 'stburke'),
('E71944', '', '2013-02-18', '19:27:56', 'stburke'),
('E71938', '', '2013-02-18', '19:27:58', 'stburke'),
('E71932', '', '2013-02-18', '19:28:00', 'stburke'),
('E71926', '', '2013-02-18', '19:28:01', 'stburke'),
('E71920', '', '2013-02-18', '19:28:04', 'stburke'),
('E80560', '', '2013-02-18', '19:28:12', 'stburke'),
('E80566', '', '2013-02-18', '19:28:13', 'stburke'),
('S39598', 'fbarsoum', '2013-02-18', '19:28:15', 'stburke'),
('E80572', '', '2013-02-18', '19:28:15', 'stburke'),
('E80578', '', '2013-02-18', '19:28:17', 'stburke'),
('E80584', '', '2013-02-18', '19:28:18', 'stburke'),
('E80590', '', '2013-02-18', '19:28:21', 'stburke'),
('E80596', '', '2013-02-18', '19:28:22', 'stburke'),
('E80602', '', '2013-02-18', '19:28:24', 'stburke'),
('E80608', '', '2013-02-18', '19:28:26', 'stburke'),
('E80614', '', '2013-02-18', '19:28:27', 'stburke'),
('E80620', '', '2013-02-18', '19:28:28', 'stburke'),
('E80626', '', '2013-02-18', '19:28:30', 'stburke'),
('E80632', '', '2013-02-18', '19:28:36', 'stburke'),
('E80638', '', '2013-02-18', '19:28:38', 'stburke'),
('E80644', '', '2013-02-18', '19:28:40', 'stburke'),
('E80650', '', '2013-02-18', '19:28:41', 'stburke'),
('S40318', 'sbreen', '2013-02-18', '19:28:42', 'stburke'),
('E80656', '', '2013-02-18', '19:28:43', 'stburke'),
('E80662', '', '2013-02-18', '19:28:44', 'stburke'),
('E80668', '', '2013-02-18', '19:28:45', 'stburke'),
('E80674', '', '2013-02-18', '19:28:46', 'stburke'),
('S40354', 'suttonj', '2013-02-18', '19:28:52', 'stburke'),
('E79840', '', '2013-02-18', '19:28:53', 'stburke'),
('E79846', '', '2013-02-18', '19:28:55', 'stburke'),
('E79852', '', '2013-02-18', '19:28:57', 'stburke'),
('E79858', '', '2013-02-18', '19:28:58', 'stburke'),
('E79864', '', '2013-02-18', '19:28:59', 'stburke'),
('E79870', '', '2013-02-18', '19:29:00', 'stburke'),
('E79876', '', '2013-02-18', '19:29:02', 'stburke'),
('S40978', 'ssalehia', '2013-02-18', '19:29:03', 'stburke'),
('E79882', '', '2013-02-18', '19:29:03', 'stburke'),
('E79888', '', '2013-02-18', '19:29:06', 'stburke'),
('E79894', '', '2013-02-18', '19:29:07', 'stburke'),
('E79900', '', '2013-02-18', '19:29:09', 'stburke'),
('E79906', '', '2013-02-18', '19:29:10', 'stburke'),
('E79912', '', '2013-02-18', '19:29:12', 'stburke'),
('E79918', '', '2013-02-18', '19:29:14', 'stburke'),
('E79924', '', '2013-02-18', '19:29:16', 'stburke'),
('E79930', '', '2013-02-18', '19:29:18', 'stburke'),
('E79936', '', '2013-02-18', '19:29:21', 'stburke'),
('E79942', '', '2013-02-18', '19:29:22', 'stburke'),
('E79948', '', '2013-02-18', '19:29:24', 'stburke'),
('E79954', '', '2013-02-18', '19:29:26', 'stburke'),
('S41680', 'aojedira', '2013-02-18', '19:29:28', 'stburke'),
('S41740', 'ifu', '2013-02-18', '19:29:39', 'stburke'),
('E79120', '', '2013-02-18', '19:29:40', 'stburke'),
('E79126', '', '2013-02-18', '19:29:41', 'stburke'),
('E79132', '', '2013-02-18', '19:29:43', 'stburke'),
('E79138', '', '2013-02-18', '19:29:44', 'stburke'),
('E79144', '', '2013-02-18', '19:29:45', 'stburke'),
('E79150', '', '2013-02-18', '19:29:46', 'stburke'),
('E79156', '', '2013-02-18', '19:29:47', 'stburke'),
('E79162', '', '2013-02-18', '19:29:48', 'stburke'),
('S41770', 'mrahmati', '2013-02-18', '19:29:48', 'stburke'),
('E79168', '', '2013-02-18', '19:29:49', 'stburke'),
('E79174', '', '2013-02-18', '19:29:50', 'stburke'),
('E79180', '', '2013-02-18', '19:29:51', 'stburke'),
('E79186', '', '2013-02-18', '19:29:54', 'stburke'),
('E79192', '', '2013-02-18', '19:29:55', 'stburke'),
('E79198', '', '2013-02-18', '19:29:55', 'stburke'),
('E79204', '', '2013-02-18', '19:29:56', 'stburke'),
('E79210', '', '2013-02-18', '19:29:57', 'stburke'),
('E79216', '', '2013-02-18', '19:29:58', 'stburke'),
('E79222', '', '2013-02-18', '19:29:59', 'stburke'),
('E79228', '', '2013-02-18', '19:30:00', 'stburke'),
('E79234', '', '2013-02-18', '19:30:02', 'stburke'),
('S43150', 'chubk', '2013-02-18', '19:30:05', 'stburke'),
('E75520', '', '2013-02-18', '19:30:16', 'stburke'),
('E75526', '', '2013-02-18', '19:30:17', 'stburke'),
('E75532', '', '2013-02-18', '19:30:18', 'stburke'),
('E75538', '', '2013-02-18', '19:30:19', 'stburke'),
('E75544', '', '2013-02-18', '19:30:20', 'stburke'),
('E75550', '', '2013-02-18', '19:30:21', 'stburke'),
('E75556', '', '2013-02-18', '19:30:22', 'stburke'),
('E75562', '', '2013-02-18', '19:30:23', 'stburke'),
('E75568', '', '2013-02-18', '19:30:24', 'stburke'),
('E75574', '', '2013-02-18', '19:30:25', 'stburke'),
('E75580', '', '2013-02-18', '19:30:27', 'stburke'),
('E75586', '', '2013-02-18', '19:30:30', 'stburke'),
('E75592', '', '2013-02-18', '19:30:36', 'stburke'),
('E75598', '', '2013-02-18', '19:30:37', 'stburke'),
('S42454', 'shammel', '2013-02-18', '19:30:37', 'stburke'),
('E75604', '', '2013-02-18', '19:30:39', 'stburke'),
('E75610', '', '2013-02-18', '19:30:41', 'stburke'),
('E75616', '', '2013-02-18', '19:30:42', 'stburke'),
('E75622', '', '2013-02-18', '19:30:43', 'stburke'),
('S42496', 'scchang', '2013-02-18', '19:30:45', 'stburke'),
('E75628', '', '2013-02-18', '19:30:45', 'stburke'),
('E75634', '', '2013-02-18', '19:30:46', 'stburke'),
('E74800', '', '2013-02-18', '19:31:01', 'stburke'),
('E74806', '', '2013-02-18', '19:31:02', 'stburke'),
('E74818', '', '2013-02-18', '19:31:04', 'stburke'),
('E74824', '', '2013-02-18', '19:31:05', 'stburke'),
('E74830', '', '2013-02-18', '19:31:06', 'stburke'),
('E74842', '', '2013-02-18', '19:31:07', 'stburke'),
('E74848', '', '2013-02-18', '19:31:08', 'stburke'),
('E74854', '', '2013-02-18', '19:31:09', 'stburke'),
('E74860', '', '2013-02-18', '19:31:10', 'stburke'),
('E74866', '', '2013-02-18', '19:31:11', 'stburke'),
('E74872', '', '2013-02-18', '19:31:13', 'stburke'),
('E74878', '', '2013-02-18', '19:31:15', 'stburke'),
('E74884', '', '2013-02-18', '19:31:17', 'stburke'),
('E74890', '', '2013-02-18', '19:31:19', 'stburke'),
('E74896', '', '2013-02-18', '19:31:20', 'stburke'),
('E74902', '', '2013-02-18', '19:31:21', 'stburke'),
('E74908', '', '2013-02-18', '19:31:21', 'stburke'),
('E74914', '', '2013-02-18', '19:31:22', 'stburke'),
('E76240', '', '2013-02-18', '19:31:30', 'stburke'),
('E76246', '', '2013-02-18', '19:31:33', 'stburke'),
('E76258', '', '2013-02-18', '19:31:35', 'stburke'),
('E76264', '', '2013-02-18', '19:31:36', 'stburke'),
('E76270', '', '2013-02-18', '19:31:37', 'stburke'),
('E76276', '', '2013-02-18', '19:31:38', 'stburke'),
('E76282', '', '2013-02-18', '19:31:39', 'stburke'),
('E76300', '', '2013-02-18', '19:31:41', 'stburke'),
('E76306', '', '2013-02-18', '19:31:42', 'stburke'),
('E76312', '', '2013-02-18', '19:31:42', 'stburke'),
('E76318', '', '2013-02-18', '19:31:46', 'stburke'),
('E76324', '', '2013-02-18', '19:31:50', 'stburke'),
('E76330', '', '2013-02-18', '19:31:51', 'stburke'),
('E76336', '', '2013-02-18', '19:31:52', 'stburke'),
('E76342', '', '2013-02-18', '19:31:56', 'stburke'),
('E76348', '', '2013-02-18', '19:31:57', 'stburke'),
('E76354', '', '2013-02-18', '19:31:58', 'stburke'),
('E76288', '', '2013-02-18', '19:32:15', 'stburke'),
('E74080', '', '2013-02-18', '19:32:25', 'stburke'),
('E74086', '', '2013-02-18', '19:32:27', 'stburke'),
('S33760', '', '2013-02-18', '19:32:28', 'stburke'),
('E74092', '', '2013-02-18', '19:32:29', 'stburke'),
('E74098', '', '2013-02-18', '19:32:29', 'stburke'),
('E74104', '', '2013-02-18', '19:32:32', 'stburke'),
('S33766', 'boyerj', '2013-02-18', '19:32:32', 'stburke'),
('S33772', 'alexnv', '2013-02-18', '19:32:33', 'stburke'),
('E74110', '', '2013-02-18', '19:32:33', 'stburke'),
('S33778', 'bacaa', '2013-02-18', '19:32:35', 'stburke'),
('E74116', '', '2013-02-18', '19:32:35', 'stburke'),
('S33784', 'imagana', '2013-02-18', '19:32:36', 'stburke'),
('S33790', 'nkurtz', '2013-02-18', '19:32:37', 'stburke'),
('E74122', '', '2013-02-18', '19:32:37', 'stburke'),
('S33796', 'cehall', '2013-02-18', '19:32:38', 'stburke'),
('S33802', 'zmai', '2013-02-18', '19:32:39', 'stburke'),
('E74128', '', '2013-02-18', '19:32:40', 'stburke'),
('S33808', 'kcolesen', '2013-02-18', '19:32:40', 'stburke'),
('S33814', 'bafaneh', '2013-02-18', '19:32:41', 'stburke'),
('E74134', '', '2013-02-18', '19:32:42', 'stburke'),
('S33820', 'fstaub', '2013-02-18', '19:32:42', 'stburke'),
('E74140', '', '2013-02-18', '19:32:43', 'stburke'),
('S33826', 'payala', '2013-02-18', '19:32:44', 'stburke'),
('E74146', '', '2013-02-18', '19:32:44', 'stburke'),
('S33832', 'ifrausto', '2013-02-18', '19:32:45', 'stburke'),
('E74152', '', '2013-02-18', '19:32:45', 'stburke'),
('S33838', 'mgabon', '2013-02-18', '19:32:47', 'stburke'),
('E74158', '', '2013-02-18', '19:32:47', 'stburke'),
('S33844', 'tingyic', '2013-02-18', '19:32:48', 'stburke'),
('E74164', '', '2013-02-18', '19:32:49', 'stburke'),
('S33850', 'tnlee', '2013-02-18', '19:32:49', 'stburke'),
('S33856', 'rkansaka', '2013-02-18', '19:32:50', 'stburke'),
('E74170', '', '2013-02-18', '19:32:50', 'stburke'),
('E74176', '', '2013-02-18', '19:32:51', 'stburke'),
('S33862', 'stephaag', '2013-02-18', '19:32:52', 'stburke'),
('E74182', '', '2013-02-18', '19:32:52', 'stburke'),
('S33868', 'garyc1', '2013-02-18', '19:32:53', 'stburke'),
('E74188', '', '2013-02-18', '19:32:53', 'stburke'),
('S33874', 'yangat', '2013-02-18', '19:32:54', 'stburke'),
('E74194', '', '2013-02-18', '19:32:55', 'stburke'),
('S33040', 'mehrabi', '2013-02-18', '19:33:00', 'stburke'),
('S33046', 'lamk1', '2013-02-18', '19:33:01', 'stburke'),
('S33052', 'emehrabi', '2013-02-18', '19:33:02', 'stburke'),
('S33058', 'tprakash', '2013-02-18', '19:33:03', 'stburke'),
('S33064', 'bvhuynh', '2013-02-18', '19:33:04', 'stburke'),
('S33070', '', '2013-02-18', '19:33:05', 'stburke'),
('S33076', '', '2013-02-18', '19:33:06', 'stburke'),
('S33082', '', '2013-02-18', '19:33:07', 'stburke'),
('S33088', 'maazs', '2013-02-18', '19:33:08', 'stburke'),
('S33094', '', '2013-02-18', '19:33:09', 'stburke'),
('S33100', 'azhao', '2013-02-18', '19:33:09', 'stburke'),
('S33106', 'nealony', '2013-02-18', '19:33:14', 'stburke'),
('S33118', 'pmontene', '2013-02-18', '19:33:15', 'stburke'),
('S33124', 'hsiaohsy', '2013-02-18', '19:33:16', 'stburke'),
('S33130', '', '2013-02-18', '19:33:17', 'stburke'),
('S33136', 'mvenaas', '2013-02-18', '19:33:18', 'stburke'),
('S33142', 'syquimsm', '2013-02-18', '19:33:19', 'stburke'),
('S33148', '', '2013-02-18', '19:33:20', 'stburke'),
('S33154', 'obandoma', '2013-02-18', '19:33:21', 'stburke'),
('E55360', '', '2013-02-18', '19:33:25', 'stburke'),
('E55366', '', '2013-02-18', '19:33:26', 'stburke'),
('E55372', '', '2013-02-18', '19:33:28', 'stburke'),
('S32320', 'spinyo', '2013-02-18', '19:33:29', 'stburke'),
('E55378', '', '2013-02-18', '19:33:29', 'stburke'),
('S32326', 'acooke', '2013-02-18', '19:33:31', 'stburke'),
('E55384', '', '2013-02-18', '19:33:31', 'stburke'),
('E55390', '', '2013-02-18', '19:33:32', 'stburke'),
('S32332', '', '2013-02-18', '19:33:32', 'stburke'),
('S32338', 'dyilmaz', '2013-02-18', '19:33:33', 'stburke'),
('E55396', '', '2013-02-18', '19:33:33', 'stburke'),
('S32344', 'shaofeiw', '2013-02-18', '19:33:34', 'stburke'),
('E55402', '', '2013-02-18', '19:33:34', 'stburke'),
('E55408', '', '2013-02-18', '19:33:36', 'stburke'),
('S32350', 'ihafeez', '2013-02-18', '19:33:36', 'stburke'),
('E55414', '', '2013-02-18', '19:33:37', 'stburke'),
('S32356', 'mkader', '2013-02-18', '19:33:38', 'stburke'),
('E55420', '', '2013-02-18', '19:33:38', 'stburke'),
('E55426', '', '2013-02-18', '19:33:40', 'stburke'),
('S32362', 'nairg', '2013-02-18', '19:33:40', 'stburke'),
('S32368', 'raot', '2013-02-18', '19:33:41', 'stburke'),
('E55432', '', '2013-02-18', '19:33:41', 'stburke'),
('S32374', 'murbino', '2013-02-18', '19:33:42', 'stburke'),
('E55438', '', '2013-02-18', '19:33:43', 'stburke'),
('S32380', 'wangbm', '2013-02-18', '19:33:43', 'stburke'),
('S32386', 'ykchung', '2013-02-18', '19:33:44', 'stburke'),
('S32392', 'rdjames', '2013-02-18', '19:33:45', 'stburke'),
('E55444', '', '2013-02-18', '19:33:45', 'stburke'),
('S32398', '', '2013-02-18', '19:33:46', 'stburke'),
('E55450', '', '2013-02-18', '19:33:46', 'stburke'),
('S32404', 'ctran13', '2013-02-18', '19:33:47', 'stburke'),
('E55456', '', '2013-02-18', '19:33:49', 'stburke'),
('S32416', 'kellyl7', '2013-02-18', '19:33:49', 'stburke'),
('S32410', 'rycheung', '2013-02-18', '19:33:50', 'stburke'),
('E55462', '', '2013-02-18', '19:33:51', 'stburke'),
('S32428', 'genm', '2013-02-18', '19:33:51', 'stburke'),
('S32434', 'jdejesus', '2013-02-18', '19:33:53', 'stburke'),
('E55468', '', '2013-02-18', '19:33:53', 'stburke'),
('E55474', '', '2013-02-18', '19:33:55', 'stburke'),
('S31714', 'cpoblete', '2013-02-18', '19:33:59', 'stburke'),
('S31708', 'amagtoto', '2013-02-18', '19:34:00', 'stburke'),
('S31702', 'apoorvas', '2013-02-18', '19:34:01', 'stburke'),
('S31696', 'prprabhu', '2013-02-18', '19:34:03', 'stburke'),
('S31690', '', '2013-02-18', '19:34:05', 'stburke'),
('S17938', 'gcustodi', '2013-02-18', '19:34:05', 'stburke'),
('S31684', 'ashivapu', '2013-02-18', '19:34:06', 'stburke'),
('S31678', 'bpattabh', '2013-02-18', '19:34:07', 'stburke'),
('S31672', 'kubala', '2013-02-18', '19:34:08', 'stburke'),
('S31666', 'aereyes', '2013-02-18', '19:34:09', 'stburke'),
('S31660', 'raynardr', '2013-02-18', '19:34:10', 'stburke'),
('S31654', 'chunks', '2013-02-18', '19:34:11', 'stburke'),
('S31648', 'dschu', '2013-02-18', '19:34:15', 'stburke'),
('S31642', 'wchan2', '2013-02-18', '19:34:16', 'stburke'),
('S31636', 'calvinn1', '2013-02-18', '19:34:17', 'stburke'),
('S31630', 'dimasa', '2013-02-18', '19:34:18', 'stburke'),
('S31624', 'dorellan', '2013-02-18', '19:34:19', 'stburke'),
('S31618', 'ioushiaw', '2013-02-18', '19:34:20', 'stburke'),
('E73378', '', '2013-02-18', '19:34:21', 'stburke'),
('S31612', 'kteeter', '2013-02-18', '19:34:21', 'stburke'),
('E73384', '', '2013-02-18', '19:34:22', 'stburke'),
('S31606', 'svafaeif', '2013-02-18', '19:34:23', 'stburke'),
('E73390', '', '2013-02-18', '19:34:23', 'stburke'),
('S31600', 'petersow', '2013-02-18', '19:34:25', 'stburke'),
('E73396', '', '2013-02-18', '19:34:25', 'stburke'),
('E73402', '', '2013-02-18', '19:34:26', 'stburke'),
('E73414', '', '2013-02-18', '19:34:29', 'stburke'),
('S30880', 'gharabea', '2013-02-18', '19:34:30', 'stburke'),
('S30886', 'dsolorza', '2013-02-18', '19:34:32', 'stburke'),
('E73420', '', '2013-02-18', '19:34:33', 'stburke'),
('S30898', 'jblam', '2013-02-18', '19:34:34', 'stburke'),
('S30904', '', '2013-02-18', '19:34:35', 'stburke'),
('S30910', 'bburchma', '2013-02-18', '19:34:36', 'stburke'),
('E73426', '', '2013-02-18', '19:34:36', 'stburke'),
('S30916', 'emannari', '2013-02-18', '19:34:37', 'stburke'),
('S30922', 'nchau', '2013-02-18', '19:34:38', 'stburke'),
('E73432', '', '2013-02-18', '19:34:38', 'stburke'),
('S30928', 'gsu', '2013-02-18', '19:34:39', 'stburke'),
('S30934', 'schmitzj', '2013-02-18', '19:34:40', 'stburke'),
('E73438', '', '2013-02-18', '19:34:40', 'stburke'),
('S30940', 'nkirksey', '2013-02-18', '19:34:40', 'stburke'),
('E73444', '', '2013-02-18', '19:34:42', 'stburke'),
('S30952', 'cshen3', '2013-02-18', '19:34:42', 'stburke'),
('S30946', 'mfarooqu', '2013-02-18', '19:34:43', 'stburke'),
('E73450', '', '2013-02-18', '19:34:44', 'stburke'),
('S30964', 'ashuba', '2013-02-18', '19:34:45', 'stburke'),
('E73456', '', '2013-02-18', '19:34:46', 'stburke'),
('S30958', 'abwright', '2013-02-18', '19:34:47', 'stburke'),
('S30970', '', '2013-02-18', '19:34:48', 'stburke'),
('E73462', '', '2013-02-18', '19:34:48', 'stburke'),
('S30976', 'dokp', '2013-02-18', '19:34:49', 'stburke'),
('S30982', 'jymartin', '2013-02-18', '19:34:51', 'stburke'),
('S30988', 'yangc5', '2013-02-18', '19:34:52', 'stburke'),
('S30994', 'dux1', '2013-02-18', '19:34:55', 'stburke'),
('E77068', '', '2013-02-18', '19:35:02', 'stburke'),
('S30160', 'bsluo', '2013-02-18', '19:35:02', 'stburke'),
('S30166', 'alicehc', '2013-02-18', '19:35:04', 'stburke'),
('S30172', 'cheanj', '2013-02-18', '19:35:05', 'stburke'),
('E56878', '', '2013-02-18', '19:35:06', 'stburke'),
('S30178', 'tcasasol', '2013-02-18', '19:35:06', 'stburke'),
('S30184', 'clekavic', '2013-02-18', '19:35:08', 'stburke'),
('S30190', 'ggrimes', '2013-02-18', '19:35:09', 'stburke'),
('S30196', 'kaiyuay', '2013-02-18', '19:35:10', 'stburke'),
('E43228', '', '2013-02-18', '19:35:10', 'stburke'),
('S30202', 'cyphan', '2013-02-18', '19:35:12', 'stburke'),
('S30208', 'pvjantre', '2013-02-18', '19:35:13', 'stburke'),
('S30214', 'dshin3', '2013-02-18', '19:35:14', 'stburke'),
('S30220', 'dwyckoff', '2013-02-18', '19:35:15', 'stburke'),
('E56860', '', '2013-02-18', '19:35:15', 'stburke'),
('S30226', 'clov', '2013-02-18', '19:35:16', 'stburke'),
('S30232', 'ynasr', '2013-02-18', '19:35:17', 'stburke'),
('S30238', 'bmugg', '2013-02-18', '19:35:18', 'stburke'),
('S30244', 'slay1', '2013-02-18', '19:35:19', 'stburke'),
('S30250', 'rmenchac', '2013-02-18', '19:35:20', 'stburke'),
('E36034', '', '2013-02-18', '19:35:21', 'stburke'),
('S30256', 'weihanc', '2013-02-18', '19:35:22', 'stburke'),
('S30262', '', '2013-02-18', '19:35:24', 'stburke'),
('E56824', '', '2013-02-18', '19:35:25', 'stburke'),
('S30268', 'dvyang', '2013-02-18', '19:35:25', 'stburke'),
('S30274', 'andyw1', '2013-02-18', '19:35:26', 'stburke'),
('E73474', '', '2013-02-18', '19:35:32', 'stburke'),
('S29440', 'mhuynh', '2013-02-18', '19:35:32', 'stburke'),
('S29446', 'nborrell', '2013-02-18', '19:35:36', 'stburke'),
('S29452', '', '2013-02-18', '19:35:37', 'stburke'),
('E72754', '', '2013-02-18', '19:35:37', 'stburke'),
('S29458', 'mlorenzo', '2013-02-18', '19:35:38', 'stburke'),
('S29464', 'faizurr', '2013-02-18', '19:35:39', 'stburke'),
('S29470', 'ctzuheng', '2013-02-18', '19:35:40', 'stburke'),
('S29476', 'chunht', '2013-02-18', '19:35:41', 'stburke'),
('E77056', '', '2013-02-18', '19:35:41', 'stburke'),
('S29482', 'jgisi', '2013-02-18', '19:35:43', 'stburke'),
('S29488', 'lukb', '2013-02-18', '19:35:45', 'stburke'),
('E72718', '', '2013-02-18', '19:35:45', 'stburke'),
('S29494', 'jesusjr', '2013-02-18', '19:35:46', 'stburke'),
('S29500', 'tianminc', '2013-02-18', '19:35:47', 'stburke'),
('S29506', 'rdwilson', '2013-02-18', '19:35:48', 'stburke'),
('E56830', '', '2013-02-18', '19:35:48', 'stburke'),
('S29512', '', '2013-02-18', '19:35:52', 'stburke'),
('S29518', 'slongj', '2013-02-18', '19:35:53', 'stburke'),
('E72748', '', '2013-02-18', '19:35:53', 'stburke'),
('S29524', 'angelacy', '2013-02-18', '19:35:57', 'stburke'),
('S29530', 'askaris', '2013-02-18', '19:35:58', 'stburke'),
('S29536', 'jeriksso', '2013-02-18', '19:36:00', 'stburke'),
('S29542', 'carrilc1', '2013-02-18', '19:36:01', 'stburke'),
('S29548', 'cokoro', '2013-02-18', '19:36:02', 'stburke'),
('E72640', '', '2013-02-18', '19:36:02', 'stburke'),
('E72646', '', '2013-02-18', '19:36:04', 'stburke'),
('E72652', '', '2013-02-18', '19:36:05', 'stburke'),
('S29554', 'swarilm', '2013-02-18', '19:36:05', 'stburke'),
('E72658', '', '2013-02-18', '19:36:08', 'stburke'),
('E72664', '', '2013-02-18', '19:36:09', 'stburke'),
('E72670', '', '2013-02-18', '19:36:10', 'stburke'),
('E72676', '', '2013-02-18', '19:36:11', 'stburke'),
('S28720', 'nidiart', '2013-02-18', '19:36:13', 'stburke'),
('E72682', '', '2013-02-18', '19:36:13', 'stburke'),
('E72688', '', '2013-02-18', '19:36:15', 'stburke'),
('S28726', 'jparhusi', '2013-02-18', '19:36:15', 'stburke'),
('S28732', 'juanz', '2013-02-18', '19:36:16', 'stburke'),
('E72694', '', '2013-02-18', '19:36:16', 'stburke'),
('S28744', '', '2013-02-18', '19:36:17', 'stburke'),
('S28750', 'jsvarela', '2013-02-18', '19:36:18', 'stburke'),
('E72700', '', '2013-02-18', '19:36:18', 'stburke'),
('S28756', 'stevew1', '2013-02-18', '19:36:20', 'stburke'),
('S28762', 'lhmeng', '2013-02-18', '19:36:21', 'stburke'),
('S28768', 'binjuew', '2013-02-18', '19:36:22', 'stburke'),
('S28774', 'mgarci11', '2013-02-18', '19:36:25', 'stburke'),
('S28780', 'kaoj3', '2013-02-18', '19:36:29', 'stburke'),
('S28786', 'dstaal', '2013-02-18', '19:36:33', 'stburke'),
('S28792', 'balane', '2013-02-18', '19:36:34', 'stburke'),
('S28798', 'ghebriam', '2013-02-18', '19:36:35', 'stburke'),
('E77020', 'trentl', '2013-02-18', '19:36:36', 'stburke'),
('S28804', 'milanif', '2013-02-18', '19:36:36', 'stburke'),
('S28810', 'wlu2', '2013-02-18', '19:36:37', 'stburke'),
('E77026', 'sabdelgh', '2013-02-18', '19:36:37', 'stburke'),
('S28816', 'xuny', '2013-02-18', '19:36:38', 'stburke'),
('E77032', 'jcgariba', '2013-02-18', '19:36:39', 'stburke'),
('S28822', 'rpprado', '2013-02-18', '19:36:40', 'stburke'),
('E77038', 'bcacanin', '2013-02-18', '19:36:40', 'stburke'),
('E77044', '', '2013-02-18', '19:36:42', 'stburke'),
('S28828', 'iloh', '2013-02-18', '19:36:42', 'stburke'),
('E77050', '', '2013-02-18', '19:36:43', 'stburke'),
('S28834', 'msenneff', '2013-02-18', '19:36:43', 'stburke'),
('S28000', 'epetross', '2013-02-18', '19:36:49', 'stburke'),
('S28006', 'beidson', '2013-02-18', '19:36:50', 'stburke'),
('S28012', 'stburke', '2013-02-18', '19:36:51', 'stburke'),
('E60400', '', '2013-02-18', '19:36:53', 'stburke'),
('S28018', 'changhs', '2013-02-18', '19:36:53', 'stburke'),
('S28024', 'vismaily', '2013-02-18', '19:36:54', 'stburke'),
('E60406', '', '2013-02-18', '19:36:55', 'stburke'),
('S28030', '', '2013-02-18', '19:36:55', 'stburke'),
('E60412', '', '2013-02-18', '19:36:56', 'stburke'),
('S28036', 'jkar', '2013-02-18', '19:36:56', 'stburke'),
('S28042', 'apaul1', '2013-02-18', '19:36:57', 'stburke'),
('E60418', '', '2013-02-18', '19:36:57', 'stburke'),
('E60424', '', '2013-02-18', '19:36:59', 'stburke'),
('S28048', 'brookse', '2013-02-18', '19:36:59', 'stburke'),
('S28054', 'jessichn', '2013-02-18', '19:37:00', 'stburke'),
('E60430', '', '2013-02-18', '19:37:00', 'stburke'),
('S28060', 'vmlow', '2013-02-18', '19:37:01', 'stburke'),
('E60436', '', '2013-02-18', '19:37:01', 'stburke'),
('E60442', '', '2013-02-18', '19:37:02', 'stburke'),
('S28066', 'pkngo', '2013-02-18', '19:37:03', 'stburke'),
('S28072', 'ahormaza', '2013-02-18', '19:37:03', 'stburke'),
('E60448', '', '2013-02-18', '19:37:03', 'stburke'),
('E60454', '', '2013-02-18', '19:37:05', 'stburke'),
('E60460', '', '2013-02-18', '19:37:07', 'stburke'),
('S28078', 'dennisam', '2013-02-18', '19:37:08', 'stburke'),
('S28084', 'azavar', '2013-02-18', '19:37:08', 'stburke'),
('E60466', '', '2013-02-18', '19:37:09', 'stburke'),
('S28090', 'joanney1', '2013-02-18', '19:37:10', 'stburke'),
('E60472', '', '2013-02-18', '19:37:10', 'stburke'),
('S28096', 'ksujata', '2013-02-18', '19:37:11', 'stburke'),
('E60478', '', '2013-02-18', '19:37:11', 'stburke'),
('S28102', 'nhegde', '2013-02-18', '19:37:12', 'stburke'),
('E60484', '', '2013-02-18', '19:37:13', 'stburke'),
('S28108', 'jluc', '2013-02-18', '19:37:14', 'stburke'),
('E60490', '', '2013-02-18', '19:37:14', 'stburke'),
('S28114', '', '2013-02-18', '19:37:15', 'stburke'),
('E60496', '', '2013-02-18', '19:37:16', 'stburke'),
('E60502', '', '2013-02-18', '19:37:17', 'stburke'),
('E60508', '', '2013-02-18', '19:37:18', 'stburke'),
('E60514', '', '2013-02-18', '19:37:20', 'stburke'),
('E59680', '', '2013-02-18', '19:37:26', 'stburke'),
('E59686', '', '2013-02-18', '19:37:28', 'stburke'),
('E59692', '', '2013-02-18', '19:37:29', 'stburke'),
('E59698', '', '2013-02-18', '19:37:30', 'stburke'),
('E59704', '', '2013-02-18', '19:37:31', 'stburke'),
('E59710', '', '2013-02-18', '19:37:33', 'stburke'),
('E59716', '', '2013-02-18', '19:37:34', 'stburke'),
('E59722', '', '2013-02-18', '19:37:35', 'stburke'),
('E59728', '', '2013-02-18', '19:37:37', 'stburke'),
('E59734', '', '2013-02-18', '19:37:40', 'stburke'),
('E59740', '', '2013-02-18', '19:37:41', 'stburke'),
('E59746', '', '2013-02-18', '19:37:42', 'stburke'),
('E59752', '', '2013-02-18', '19:37:43', 'stburke'),
('E59758', '', '2013-02-18', '19:37:44', 'stburke'),
('E59764', '', '2013-02-18', '19:37:45', 'stburke'),
('E59770', '', '2013-02-18', '19:37:46', 'stburke'),
('E59776', '', '2013-02-18', '19:37:47', 'stburke'),
('E59782', '', '2013-02-18', '19:37:50', 'stburke'),
('S22306', 'hkorkis', '2013-02-18', '19:37:51', 'stburke'),
('E59788', '', '2013-02-18', '19:37:52', 'stburke'),
('E59794', '', '2013-02-18', '19:37:54', 'stburke'),
('E61840', '', '2013-02-18', '19:38:04', 'stburke'),
('E61846', '', '2013-02-18', '19:38:05', 'stburke'),
('E61852', '', '2013-02-18', '19:38:07', 'stburke'),
('E61858', '', '2013-02-18', '19:38:08', 'stburke'),
('E61864', '', '2013-02-18', '19:38:09', 'stburke'),
('E61870', '', '2013-02-18', '19:38:11', 'stburke'),
('E61876', '', '2013-02-18', '19:38:12', 'stburke'),
('E61882', '', '2013-02-18', '19:38:14', 'stburke'),
('E61888', '', '2013-02-18', '19:38:15', 'stburke'),
('E61894', '', '2013-02-18', '19:38:16', 'stburke'),
('E61900', '', '2013-02-18', '19:38:17', 'stburke'),
('E61906', '', '2013-02-18', '19:38:19', 'stburke'),
('E61912', '', '2013-02-18', '19:38:20', 'stburke'),
('E61918', '', '2013-02-18', '19:38:21', 'stburke'),
('E61924', '', '2013-02-18', '19:38:22', 'stburke'),
('E61930', '', '2013-02-18', '19:38:24', 'stburke'),
('E61936', '', '2013-02-18', '19:38:25', 'stburke'),
('E61942', '', '2013-02-18', '19:38:27', 'stburke'),
('E61948', '', '2013-02-18', '19:38:28', 'stburke'),
('E61954', '', '2013-02-18', '19:38:30', 'stburke'),
('E56884', '', '2013-02-18', '19:38:35', 'stburke'),
('E61120', '', '2013-02-18', '19:38:44', 'stburke'),
('E61126', '', '2013-02-18', '19:38:45', 'stburke'),
('E61132', '', '2013-02-18', '19:38:46', 'stburke'),
('S23710', 'jpanzari', '2013-02-18', '19:38:47', 'stburke'),
('E61138', '', '2013-02-18', '19:38:48', 'stburke'),
('E61144', '', '2013-02-18', '19:38:49', 'stburke'),
('E61150', '', '2013-02-18', '19:38:50', 'stburke'),
('E61156', '', '2013-02-18', '19:38:51', 'stburke'),
('E61162', '', '2013-02-18', '19:38:53', 'stburke'),
('E61168', '', '2013-02-18', '19:38:54', 'stburke'),
('E61174', '', '2013-02-18', '19:38:55', 'stburke'),
('E61180', '', '2013-02-18', '19:38:56', 'stburke'),
('E61186', '', '2013-02-18', '19:38:58', 'stburke'),
('E61192', '', '2013-02-18', '19:38:59', 'stburke'),
('E61198', '', '2013-02-18', '19:39:00', 'stburke'),
('E61204', '', '2013-02-18', '19:39:01', 'stburke'),
('E61210', '', '2013-02-18', '19:39:03', 'stburke'),
('E61216', '', '2013-02-18', '19:39:04', 'stburke'),
('E61222', '', '2013-02-18', '19:39:05', 'stburke'),
('E61228', '', '2013-02-18', '19:39:06', 'stburke'),
('E61234', '', '2013-02-18', '19:39:09', 'stburke'),
('E54640', '', '2013-02-18', '19:39:17', 'stburke'),
('E54646', '', '2013-02-18', '19:39:19', 'stburke'),
('E54652', '', '2013-02-18', '19:39:20', 'stburke'),
('E54658', '', '2013-02-18', '19:39:22', 'stburke'),
('E54664', '', '2013-02-18', '19:39:23', 'stburke'),
('E54670', '', '2013-02-18', '19:39:24', 'stburke'),
('E54676', '', '2013-02-18', '19:39:25', 'stburke'),
('E54682', '', '2013-02-18', '19:39:27', 'stburke'),
('E54688', '', '2013-02-18', '19:39:30', 'stburke'),
('E54694', '', '2013-02-18', '19:39:33', 'stburke'),
('E54700', '', '2013-02-18', '19:39:35', 'stburke'),
('E54706', '', '2013-02-18', '19:39:37', 'stburke'),
('E54712', '', '2013-02-18', '19:39:38', 'stburke'),
('E54718', '', '2013-02-18', '19:39:40', 'stburke'),
('E54724', '', '2013-02-18', '19:39:41', 'stburke'),
('E54730', '', '2013-02-18', '19:39:42', 'stburke'),
('E54736', '', '2013-02-18', '19:39:44', 'stburke'),
('E54742', '', '2013-02-18', '19:39:45', 'stburke'),
('E54748', '', '2013-02-18', '19:39:46', 'stburke'),
('E54754', '', '2013-02-18', '19:39:47', 'stburke'),
('E53920', '', '2013-02-18', '19:39:54', 'stburke'),
('E53926', '', '2013-02-18', '19:39:55', 'stburke'),
('E53932', '', '2013-02-18', '19:39:56', 'stburke'),
('E53938', '', '2013-02-18', '19:39:58', 'stburke'),
('E53944', '', '2013-02-18', '19:39:59', 'stburke'),
('E53950', '', '2013-02-18', '19:40:00', 'stburke'),
('E53956', '', '2013-02-18', '19:40:01', 'stburke'),
('E53962', '', '2013-02-18', '19:40:03', 'stburke'),
('E53968', '', '2013-02-18', '19:40:04', 'stburke'),
('E53974', '', '2013-02-18', '19:40:05', 'stburke'),
('E53980', '', '2013-02-18', '19:40:06', 'stburke'),
('E53986', '', '2013-02-18', '19:40:08', 'stburke'),
('E53992', '', '2013-02-18', '19:40:09', 'stburke'),
('E53998', '', '2013-02-18', '19:40:10', 'stburke'),
('E54004', '', '2013-02-18', '19:40:12', 'stburke'),
('E54010', '', '2013-02-18', '19:40:13', 'stburke'),
('E54016', '', '2013-02-18', '19:40:14', 'stburke'),
('E54022', '', '2013-02-18', '19:40:17', 'stburke'),
('E54028', '', '2013-02-18', '19:40:18', 'stburke'),
('E54034', '', '2013-02-18', '19:40:20', 'stburke'),
('E53200', '', '2013-02-18', '19:40:28', 'stburke'),
('E53206', '', '2013-02-18', '19:40:29', 'stburke'),
('E53212', '', '2013-02-18', '19:40:30', 'stburke'),
('E53218', '', '2013-02-18', '19:40:32', 'stburke'),
('E53224', '', '2013-02-18', '19:40:33', 'stburke'),
('E53230', '', '2013-02-18', '19:40:35', 'stburke'),
('E53236', '', '2013-02-18', '19:40:36', 'stburke'),
('E53242', '', '2013-02-18', '19:40:37', 'stburke'),
('E53248', '', '2013-02-18', '19:40:38', 'stburke'),
('E53254', '', '2013-02-18', '19:40:40', 'stburke'),
('E53260', '', '2013-02-18', '19:40:41', 'stburke'),
('E53266', '', '2013-02-18', '19:40:42', 'stburke'),
('E53272', '', '2013-02-18', '19:40:43', 'stburke'),
('E53278', '', '2013-02-18', '19:40:45', 'stburke'),
('E53284', '', '2013-02-18', '19:40:46', 'stburke'),
('E53290', '', '2013-02-18', '19:40:47', 'stburke'),
('E53296', '', '2013-02-18', '19:40:49', 'stburke'),
('E53302', '', '2013-02-18', '19:40:50', 'stburke'),
('E53308', '', '2013-02-18', '19:40:51', 'stburke'),
('E53314', '', '2013-02-18', '19:40:53', 'stburke'),
('E52480', '', '2013-02-18', '19:41:02', 'stburke'),
('E52486', '', '2013-02-18', '19:41:03', 'stburke'),
('E52492', '', '2013-02-18', '19:41:05', 'stburke'),
('E52498', '', '2013-02-18', '19:41:06', 'stburke'),
('E52504', '', '2013-02-18', '19:41:09', 'stburke'),
('E52510', '', '2013-02-18', '19:41:10', 'stburke'),
('E52516', '', '2013-02-18', '19:41:11', 'stburke'),
('E52522', '', '2013-02-18', '19:41:13', 'stburke'),
('E52528', '', '2013-02-18', '19:41:14', 'stburke'),
('E52534', '', '2013-02-18', '19:41:15', 'stburke'),
('E52540', '', '2013-02-18', '19:41:16', 'stburke'),
('E52546', '', '2013-02-18', '19:41:18', 'stburke'),
('E52552', '', '2013-02-18', '19:41:19', 'stburke'),
('E52558', '', '2013-02-18', '19:41:20', 'stburke'),
('E52564', '', '2013-02-18', '19:41:22', 'stburke'),
('E52570', '', '2013-02-18', '19:41:23', 'stburke'),
('E52576', '', '2013-02-18', '19:41:24', 'stburke'),
('E52582', '', '2013-02-18', '19:41:26', 'stburke'),
('E52588', '', '2013-02-18', '19:41:27', 'stburke'),
('E52594', '', '2013-02-18', '19:41:29', 'stburke'),
('S27280', 'rtramos', '2013-02-18', '19:41:30', 'stburke');
-- --------------------------------------------------------
--
-- Truncate table before insert `events`
--
TRUNCATE TABLE `events`;
-- --------------------------------------------------------
--
-- Dumping data for table `events`
--
INSERT INTO `events` (`eid`, `name`, `date`, `time`, `host`, `prize`, `description`, `volunteer`) VALUES
(1, 'Volunteer Meeting', '2013-02-18', '19:00:00', 'Sean Burke', 0, 'Volunteers must attend this event!', 'stburke'),
(2, 'Dean''s Breakfast', '2013-02-19', '09:00:00', 'ESC', 0, 'Have breakfast with professors and faculty of the engineering department', 'stburke'),
(3, 'EngiTECH', '2013-02-20', '09:30:00', 'ESC', 0, 'Career fair for engineers. A great opportunity to network with peers as well as representatives from numerous companies.', 'stburke'),
(4, 'E-Week BBQ', '2013-02-21', '11:00:00', 'ESC', 0, 'Free BBQ at the Engineering Quad provided by UCI Dining and Catering.', 'stburke'),
(6, 'Broomball', '2013-02-22', '23:00:00', 'ESC', 0, 'After the Awards Banquet, come out and play Broomball with fellow engineers.', 'stburke'),
(7, 'Awards Banquet', '2013-02-22', '18:30:00', 'ESC', 0, 'Come to Doheny Beach (in the Student Center) to celebrate the top students, faculty members, and TA''s in the engineering department. Dinner will be provided.', 'stburke'),
(8, 'Student/Faculty Softball Game', '2013-02-23', '11:00:00', 'ESC', 0, 'Students and faculty will face off in a friendly, yet competitive, softball game at the Gabrielino Fields in Irvine.', 'stburke');
-- --------------------------------------------------------
--
-- Truncate table before insert `scans`
--
TRUNCATE TABLE `scans`;
-- --------------------------------------------------------
--
-- Dumping data for table `scans`
--
INSERT INTO `scans` (`sid`, `eid`, `barcode`, `volunteer`, `date`, `time`) VALUES
(22, '2', 'S34504', 'mbcurtis', '2013-02-19', '07:13:32'),
(21, '2', 'S34528', 'mbcurtis', '2013-02-19', '07:12:49'),
(20, '2', 'S34594', 'mbcurtis', '2013-02-19', '07:12:24'),
(19, '2', 'S34498', 'mbcurtis', '2013-02-19', '07:12:01'),
(18, '2', 'S34546', 'mbcurtis', '2013-02-19', '07:11:36'),
(6, '1', 'S34588', 'stburke', '2013-02-18', '19:45:46'),
(7, '1', 'S34480', 'stburke', '2013-02-18', '19:48:54'),
(23, '2', 'S34522', 'mbcurtis', '2013-02-19', '07:14:18'),
(9, '1', 'S34582', 'stburke', '2013-02-18', '19:49:41'),
(10, '1', 'S34570', 'stburke', '2013-02-18', '19:50:02'),
(11, '1', 'S34564', 'stburke', '2013-02-18', '19:50:19'),
(12, '1', 'S34486', 'stburke', '2013-02-18', '19:50:47'),
(13, '1', 'S34492', 'stburke', '2013-02-18', '19:51:10'),
(14, '1', 'S34558', 'stburke', '2013-02-18', '19:51:40'),
(15, '1', 'S34552', 'stburke', '2013-02-18', '19:53:55'),
(16, '1', 'S34498', 'stburke', '2013-02-18', '19:54:29'),
(17, '1', 'S34540', 'stburke', '2013-02-18', '19:54:33'),
(24, '2', 'S34510', 'mbcurtis', '2013-02-19', '07:14:53'),
(25, '2', 'S34516', 'mbcurtis', '2013-02-19', '07:15:26'),
(26, '2', 'S28114', 'mbcurtis', '2013-02-19', '07:15:57'),
(27, '2', 'S28108', 'mbcurtis', '2013-02-19', '07:19:59'),
(28, '2', 'S28102', 'mbcurtis', '2013-02-19', '07:20:20'),
(29, '2', 'S28096', 'mbcurtis', '2013-02-19', '07:20:41'),
(30, '2', 'S28090', 'mbcurtis', '2013-02-19', '07:21:05'),
(31, '2', 'S28084', 'mbcurtis', '2013-02-19', '07:21:28'),
(32, '2', 'S28078', 'mbcurtis', '2013-02-19', '07:22:20'),
(33, '2', 'S28072', 'mbcurtis', '2013-02-19', '07:27:23'),
(34, '2', 'S28066', 'mbcurtis', '2013-02-19', '07:42:06'),
(35, '2', 'S28060', 'mbcurtis', '2013-02-19', '08:00:53'),
(36, '2', 'S28834', 'mbcurtis', '2013-02-19', '08:02:10'),
(37, '2', 'S28042', 'mbcurtis', '2013-02-19', '08:28:00'),
(38, '2', 'S28036', 'mbcurtis', '2013-02-19', '08:49:15'),
(39, '2', 'S28030', 'mbcurtis', '2013-02-19', '08:49:38'),
(40, '2', 'S27394', 'mbcurtis', '2013-02-19', '09:00:59'),
(41, '2', 'S27388', 'mbcurtis', '2013-02-19', '09:01:09'),
(42, '2', 'S27280', 'mbcurtis', '2013-02-19', '09:01:36'),
(43, '2', 'S27382', 'mbcurtis', '2013-02-19', '09:01:49'),
(44, '2', 'S27286', 'mbcurtis', '2013-02-19', '09:02:05'),
(45, '2', 'S27334', 'mbcurtis', '2013-02-19', '09:02:46'),
(46, '2', 'S27328', 'mbcurtis', '2013-02-19', '09:02:55'),
(47, '2', 'S27376', 'mbcurtis', '2013-02-19', '09:03:18'),
(48, '2', 'S27340', 'mbcurtis', '2013-02-19', '09:03:32'),
(49, '2', 'S27292', 'mbcurtis', '2013-02-19', '09:03:55'),
(50, '2', 'S27322', 'mbcurtis', '2013-02-19', '09:04:54'),
(51, '2', 'S27346', 'mbcurtis', '2013-02-19', '09:04:55'),
(52, '2', 'S27298', 'mbcurtis', '2013-02-19', '09:05:43'),
(53, '2', 'S27370', 'mbcurtis', '2013-02-19', '09:05:54'),
(54, '2', 'S27304', 'mbcurtis', '2013-02-19', '09:06:24'),
(55, '2', 'S27364', 'mbcurtis', '2013-02-19', '09:06:49'),
(56, '2', 'S27310', 'mbcurtis', '2013-02-19', '09:07:10'),
(57, '2', 'S27358', 'mbcurtis', '2013-02-19', '09:07:38'),
(58, '2', 'S27316', 'mbcurtis', '2013-02-19', '09:07:55'),
(59, '2', 'S27352', 'mbcurtis', '2013-02-19', '09:08:30'),
(60, '2', 'S26674', 'mbcurtis', '2013-02-19', '09:08:42'),
(61, '2', 'S25954', 'mbcurtis', '2013-02-19', '09:09:06'),
(62, '2', 'S25840', 'mbcurtis', '2013-02-19', '09:09:53'),
(63, '2', 'S25846', 'mbcurtis', '2013-02-19', '09:10:20'),
(64, '2', 'S26668', 'mbcurtis', '2013-02-19', '09:10:35'),
(65, '2', 'S25852', 'mbcurtis', '2013-02-19', '09:10:45'),
(66, '2', 'S25858', 'mbcurtis', '2013-02-19', '09:11:15'),
(67, '2', 'S26656', 'mbcurtis', '2013-02-19', '09:11:19'),
(68, '2', 'S25228', 'mathewb', '2013-02-19', '09:11:22'),
(69, '2', 'S25222', 'mathewb', '2013-02-19', '09:11:57'),
(70, '2', 'S26662', 'mbcurtis', '2013-02-19', '09:12:07'),
(71, '2', 'S25864', 'mbcurtis', '2013-02-19', '09:12:23'),
(72, '2', 'S26650', 'mbcurtis', '2013-02-19', '09:12:43'),
(73, '2', 'S25216', 'mathewb', '2013-02-19', '09:12:53'),
(74, '2', 'S25870', 'mbcurtis', '2013-02-19', '09:13:13'),
(75, '2', 'S26644', 'mbcurtis', '2013-02-19', '09:13:34'),
(76, '2', 'S25210', 'mathewb', '2013-02-19', '09:13:45'),
(77, '2', 'S25876', 'mbcurtis', '2013-02-19', '09:14:00'),
(78, '2', 'S26638', 'mbcurtis', '2013-02-19', '09:14:13'),
(79, '2', 'S26632', 'mbcurtis', '2013-02-19', '09:14:50'),
(80, '2', 'S25882', 'mbcurtis', '2013-02-19', '09:14:58'),
(81, '2', 'S26626', 'mbcurtis', '2013-02-19', '09:15:21'),
(82, '2', 'S25888', 'mbcurtis', '2013-02-19', '09:15:33'),
(83, '2', 'S26620', 'mbcurtis', '2013-02-19', '09:15:53'),
(84, '2', 'S25204', 'mathewb', '2013-02-19', '09:15:55'),
(85, '2', 'S25894', 'mbcurtis', '2013-02-19', '09:16:06'),
(86, '2', 'S26614', 'mbcurtis', '2013-02-19', '09:16:26'),
(87, '2', 'S25198', 'mathewb', '2013-02-19', '09:16:35'),
(88, '2', 'S25900', 'mbcurtis', '2013-02-19', '09:16:37'),
(89, '2', 'S26608', 'mbcurtis', '2013-02-19', '09:16:53'),
(90, '2', 'S25906', 'mbcurtis', '2013-02-19', '09:17:14'),
(91, '2', 'S25192', 'mathewb', '2013-02-19', '09:17:17'),
(92, '2', 'S26602', 'mbcurtis', '2013-02-19', '09:17:35'),
(93, '2', 'S26596', 'mbcurtis', '2013-02-19', '09:17:58'),
(94, '2', 'S25948', 'mbcurtis', '2013-02-19', '09:18:02'),
(95, '2', 'S25186', 'mathewb', '2013-02-19', '09:18:26'),
(96, '2', 'S26590', 'mbcurtis', '2013-02-19', '09:18:26'),
(97, '2', 'S25942', 'mbcurtis', '2013-02-19', '09:18:44'),
(98, '2', 'S25180', 'mathewb', '2013-02-19', '09:19:03'),
(99, '2', 'S25936', 'mbcurtis', '2013-02-19', '09:19:15'),
(100, '2', 'S34534', 'mathewb', '2013-02-19', '09:19:26'),
(101, '2', 'S26560', 'mbcurtis', '2013-02-19', '09:19:29'),
(102, '2', 'S25930', 'mbcurtis', '2013-02-19', '09:19:48'),
(103, '2', 'S25174', 'mathewb', '2013-02-19', '09:19:58'),
(104, '2', 'S26566', 'mbcurtis', '2013-02-19', '09:19:58'),
(105, '2', 'S25924', 'mbcurtis', '2013-02-19', '09:20:17'),
(106, '2', 'S26572', 'mbcurtis', '2013-02-19', '09:20:31'),
(107, '2', 'S25912', 'mbcurtis', '2013-02-19', '09:20:48'),
(108, '2', 'S26584', 'mbcurtis', '2013-02-19', '09:21:08'),
(109, '2', 'S25918', 'mbcurtis', '2013-02-19', '09:21:35'),
(110, '2', 'S25162', 'mathewb', '2013-02-19', '09:21:46'),
(111, '2', 'S23680', 'mbcurtis', '2013-02-19', '09:22:18'),
(112, '2', 'S25156', 'mathewb', '2013-02-19', '09:22:26'),
(113, '2', 'S26578', 'mbcurtis', '2013-02-19', '09:22:34'),
(114, '2', 'S23686', 'mbcurtis', '2013-02-19', '09:23:04'),
(115, '2', 'S24400', 'mbcurtis', '2013-02-19', '09:23:58'),
(116, '2', 'S23692', 'mbcurtis', '2013-02-19', '09:24:06'),
(117, '2', 'S25150', 'mathewb', '2013-02-19', '09:24:22'),
(118, '2', 'S24406', 'mbcurtis', '2013-02-19', '09:24:40'),
(119, '2', 'S23698', 'mbcurtis', '2013-02-19', '09:24:57'),
(120, '2', 'S24412', 'mbcurtis', '2013-02-19', '09:25:16'),
(121, '2', 'S25144', 'mathewb', '2013-02-19', '09:25:17'),
(122, '2', 'S25138', 'mathewb', '2013-02-19', '09:25:41'),
(123, '2', 'S24430', 'mbcurtis', '2013-02-19', '09:26:19'),
(124, '2', 'S23704', 'mbcurtis', '2013-02-19', '09:26:26'),
(125, '2', 'S24418', 'mbcurtis', '2013-02-19', '09:26:56'),
(126, '2', 'S25126', 'mathewb', '2013-02-19', '09:27:05'),
(127, '2', 'S23710', 'mbcurtis', '2013-02-19', '09:27:11'),
(128, '2', 'S24424', 'mbcurtis', '2013-02-19', '09:27:34'),
(129, '2', 'S23716', 'mbcurtis', '2013-02-19', '09:27:42'),
(130, '2', 'S25120', 'mathewb', '2013-02-19', '09:28:01'),
(131, '2', 'S23722', 'mbcurtis', '2013-02-19', '09:28:11'),
(132, '2', 'S24436', 'mbcurtis', '2013-02-19', '09:28:22'),
(133, '2', 'S22960', 'mathewb', '2013-02-19', '09:28:40'),
(134, '2', 'S23728', 'mbcurtis', '2013-02-19', '09:28:47'),
(135, '2', 'S24442', 'mbcurtis', '2013-02-19', '09:28:53'),
(136, '2', 'S22966', 'mathewb', '2013-02-19', '09:29:17'),
(137, '2', 'S24448', 'mbcurtis', '2013-02-19', '09:29:25'),
(138, '2', 'S23734', 'mbcurtis', '2013-02-19', '09:29:39'),
(139, '2', 'S23074', 'mathewb', '2013-02-19', '09:29:53'),
(140, '2', 'S24454', 'mbcurtis', '2013-02-19', '09:29:57'),
(141, '2', 'S23740', 'mbcurtis', '2013-02-19', '09:30:07'),
(142, '2', 'S24460', 'mbcurtis', '2013-02-19', '09:30:29'),
(143, '2', 'S23746', 'mbcurtis', '2013-02-19', '09:30:47'),
(144, '2', 'S24466', 'mbcurtis', '2013-02-19', '09:31:01'),
(145, '2', 'S23068', 'mathewb', '2013-02-19', '09:31:16'),
(146, '2', 'S23752', 'mbcurtis', '2013-02-19', '09:31:23'),
(147, '2', 'S24472', 'mbcurtis', '2013-02-19', '09:31:34'),
(148, '2', 'S23062', 'mathewb', '2013-02-19', '09:31:44'),
(149, '2', 'S23758', 'mbcurtis', '2013-02-19', '09:32:15'),
(150, '2', 'S24478', 'mbcurtis', '2013-02-19', '09:32:29'),
(151, '2', 'S23764', 'mbcurtis', '2013-02-19', '09:33:03'),
(152, '2', 'S24484', 'mbcurtis', '2013-02-19', '09:33:07'),
(153, '2', 'S23056', 'mbcurtis', '2013-02-19', '09:33:24'),
(154, '2', 'S24490', 'mbcurtis', '2013-02-19', '09:33:37'),
(155, '2', 'S23770', 'mbcurtis', '2013-02-19', '09:33:51'),
(156, '2', 'S23050', 'mathewb', '2013-02-19', '09:34:13'),
(157, '2', 'S24496', 'mbcurtis', '2013-02-19', '09:34:14'),
(158, '2', 'S23776', 'mbcurtis', '2013-02-19', '09:34:32'),
(159, '2', 'S24502', 'mbcurtis', '2013-02-19', '09:35:10'),
(160, '2', 'S23782', 'mbcurtis', '2013-02-19', '09:35:11'),
(161, '2', 'S23044', 'mathewb', '2013-02-19', '09:35:22'),
(162, '2', 'S23794', 'mbcurtis', '2013-02-19', '09:35:53'),
(163, '2', 'S24508', 'mbcurtis', '2013-02-19', '09:35:55'),
(164, '2', 'S23038', 'mathewb', '2013-02-19', '09:36:02'),
(165, '2', 'S23788', 'mbcurtis', '2013-02-19', '09:36:32'),
(166, '2', 'S24514', 'mbcurtis', '2013-02-19', '09:36:33'),
(167, '2', 'S23032', 'mathewb', '2013-02-19', '09:36:46'),
(168, '2', 'S22354', 'mbcurtis', '2013-02-19', '09:37:19'),
(169, '2', 'S21634', 'mbcurtis', '2013-02-19', '09:37:21'),
(170, '2', 'S21628', 'mbcurtis', '2013-02-19', '09:38:04'),
(171, '2', 'S22348', 'mbcurtis', '2013-02-19', '09:38:16'),
(172, '2', 'S23020', 'mathewb', '2013-02-19', '09:38:37'),
(173, '2', 'S21622', 'mbcurtis', '2013-02-19', '09:38:41'),
(174, '2', 'S22342', 'mbcurtis', '2013-02-19', '09:38:57'),
(175, '2', 'S23014', 'mathewb', '2013-02-19', '09:39:32'),
(176, '2', 'S21616', 'mbcurtis', '2013-02-19', '09:40:02'),
(177, '2', 'S23008', 'mathewb', '2013-02-19', '09:40:04'),
(178, '2', 'S22330', 'mbcurtis', '2013-02-19', '09:40:18'),
(179, '2', 'S21610', 'mbcurtis', '2013-02-19', '09:40:28'),
(180, '2', 'S22324', 'mbcurtis', '2013-02-19', '09:40:49'),
(181, '2', 'S21604', 'mbcurtis', '2013-02-19', '09:40:56'),
(182, '2', 'S23002', 'mathewb', '2013-02-19', '09:41:11'),
(183, '2', 'S22318', 'mbcurtis', '2013-02-19', '09:41:17'),
(184, '2', 'S22996', 'mathewb', '2013-02-19', '09:41:43'),
(185, '2', 'S22312', 'mbcurtis', '2013-02-19', '09:41:46'),
(186, '2', 'S21598', 'mbcurtis', '2013-02-19', '09:41:49'),
(187, '2', 'S22306', 'mbcurtis', '2013-02-19', '09:42:20'),
(188, '2', 'S22300', 'mbcurtis', '2013-02-19', '09:42:51'),
(189, '2', 'S21592', 'mbcurtis', '2013-02-19', '09:42:55'),
(190, '2', 'S22294', 'mbcurtis', '2013-02-19', '09:43:15'),
(191, '2', 'S22984', 'mathewb', '2013-02-19', '09:43:27'),
(192, '2', 'S21586', 'mbcurtis', '2013-02-19', '09:43:44'),
(193, '2', 'S22288', 'mbcurtis', '2013-02-19', '09:43:45'),
(194, '2', 'S22978', 'mathewb', '2013-02-19', '09:44:05'),
(195, '2', 'S22282', 'mbcurtis', '2013-02-19', '09:44:09'),
(196, '2', 'S21580', 'mbcurtis', '2013-02-19', '09:44:16'),
(197, '2', 'S22276', 'mbcurtis', '2013-02-19', '09:44:46'),
(198, '2', 'S21574', 'mbcurtis', '2013-02-19', '09:44:47'),
(199, '2', 'S22972', 'mathewb', '2013-02-19', '09:45:01'),
(200, '2', 'S22270', 'mbcurtis', '2013-02-19', '09:45:10'),
(201, '2', 'S21568', 'mbcurtis', '2013-02-19', '09:45:12'),
(202, '2', 'S22264', 'mbcurtis', '2013-02-19', '09:45:45'),
(203, '2', 'S21562', 'mbcurtis', '2013-02-19', '09:45:55'),
(204, '2', 'S20914', 'mathewb', '2013-02-19', '09:46:00'),
(205, '2', 'S22258', 'mbcurtis', '2013-02-19', '09:46:26'),
(206, '2', 'S21556', 'mbcurtis', '2013-02-19', '09:46:56'),
(207, '2', 'S22252', 'mbcurtis', '2013-02-19', '09:47:15'),
(208, '2', 'S20908', 'mbcurtis', '2013-02-19', '09:47:35'),
(209, '2', 'S22240', 'mbcurtis', '2013-02-19', '09:49:43'),
(210, '2', 'S21520', 'mbcurtis', '2013-02-19', '09:50:24'),
(211, '2', 'S21526', 'mbcurtis', '2013-02-19', '09:54:00'),
(212, '2', 'S22246', 'mbcurtis', '2013-02-19', '09:54:41'),
(213, '2', 'S21532', 'mbcurtis', '2013-02-19', '09:55:14'),
(214, '2', 'S20800', 'mbcurtis', '2013-02-19', '09:56:19'),
(215, '2', 'S21550', 'mbcurtis', '2013-02-19', '09:56:36'),
(216, '2', 'S20806', 'mbcurtis', '2013-02-19', '09:56:56'),
(217, '2', 'S21544', 'mbcurtis', '2013-02-19', '09:57:11'),
(218, '2', 'S20812', 'mbcurtis', '2013-02-19', '09:58:12'),
(219, '2', 'S20080', 'mbcurtis', '2013-02-19', '09:58:47'),
(220, '2', 'S20086', 'mbcurtis', '2013-02-19', '09:59:17'),
(221, '2', 'S20824', 'mbcurtis', '2013-02-19', '09:59:25'),
(222, '2', 'S20830', 'mbcurtis', '2013-02-19', '10:00:42'),
(223, '2', 'S20836', 'mbcurtis', '2013-02-19', '10:01:16'),
(224, '2', 'S34570', 'mbcurtis', '2013-02-19', '10:01:18'),
(225, '2', 'S20842', 'mbcurtis', '2013-02-19', '10:01:48'),
(226, '2', 'S20092', 'mbcurtis', '2013-02-19', '10:03:40'),
(227, '2', 'S20854', 'mbcurtis', '2013-02-19', '10:04:25'),
(228, '2', 'S20098', 'mbcurtis', '2013-02-19', '10:04:52'),
(229, '2', 'S20860', 'mbcurtis', '2013-02-19', '10:04:56'),
(230, '2', 'S20866', 'mbcurtis', '2013-02-19', '10:05:37'),
(231, '2', 'S20104', 'mbcurtis', '2013-02-19', '10:05:59'),
(232, '2', 'S20872', 'mbcurtis', '2013-02-19', '10:06:02'),
(233, '2', 'S20110', 'mbcurtis', '2013-02-19', '10:06:29'),
(234, '2', 'S20878', 'mbcurtis', '2013-02-19', '10:06:45'),
(235, '2', 'S20116', 'mbcurtis', '2013-02-19', '10:07:15'),
(236, '2', 'S20884', 'mbcurtis', '2013-02-19', '10:07:31'),
(237, '2', 'S20122', 'mbcurtis', '2013-02-19', '10:07:44'),
(238, '2', 'S20890', 'mbcurtis', '2013-02-19', '10:08:04'),
(239, '2', 'S20128', 'mbcurtis', '2013-02-19', '10:08:25'),
(240, '2', 'S20134', 'mbcurtis', '2013-02-19', '10:09:06'),
(241, '2', 'S20896', 'mbcurtis', '2013-02-19', '10:09:36'),
(242, '2', 'S20140', 'mbcurtis', '2013-02-19', '10:09:41'),
(243, '2', 'S20902', 'mbcurtis', '2013-02-19', '10:10:18'),
(244, '2', 'S20146', 'mbcurtis', '2013-02-19', '10:11:34'),
(245, '2', 'S19474', 'mbcurtis', '2013-02-19', '10:11:38'),
(246, '2', 'S20152', 'mbcurtis', '2013-02-19', '10:12:00'),
(247, '2', 'S19360', 'mbcurtis', '2013-02-19', '10:12:19'),
(248, '2', 'S20158', 'mbcurtis', '2013-02-19', '10:13:32'),
(249, '2', 'S20164', 'mbcurtis', '2013-02-19', '10:14:17'),
(250, '2', 'S20170', 'mbcurtis', '2013-02-19', '10:15:09'),
(251, '2', 'S20176', 'mbcurtis', '2013-02-19', '10:15:43'),
(252, '2', 'S20182', 'mbcurtis', '2013-02-19', '10:16:15'),
(253, '2', 'S20188', 'mbcurtis', '2013-02-19', '10:17:46'),
(254, '2', 'S20194', 'mbcurtis', '2013-02-19', '10:18:10'),
(255, '2', 'S19366', 'mbcurtis', '2013-02-19', '10:18:31'),
(256, '2', 'S21538', 'mbcurtis', '2013-02-19', '10:18:49'),
(257, '2', 'S19372', 'mbcurtis', '2013-02-19', '10:18:57'),
(258, '2', 'S19468', 'mbcurtis', '2013-02-19', '10:20:20'),
(259, '2', 'S19378', 'mbcurtis', '2013-02-19', '10:20:44'),
(260, '2', 'S19384', 'mbcurtis', '2013-02-19', '10:21:27'),
(261, '2', 'S19390', 'mbcurtis', '2013-02-19', '10:21:56'),
(262, '2', 'S19396', 'mbcurtis', '2013-02-19', '10:22:21'),
(263, '2', 'S19402', 'mbcurtis', '2013-02-19', '10:24:42'),
(264, '2', 'S19408', 'mbcurtis', '2013-02-19', '10:25:30'),
(265, '2', 'S19414', 'mbcurtis', '2013-02-19', '10:26:00'),
(266, '2', 'S34480', 'ayecheve', '2013-02-19', '10:26:08'),
(267, '2', 'S19420', 'mbcurtis', '2013-02-19', '10:26:51'),
(268, '2', 'S18754', 'ayecheve', '2013-02-19', '10:26:57'),
(269, '2', 'S19426', 'mbcurtis', '2013-02-19', '10:27:12'),
(270, '2', 'S19432', 'mbcurtis', '2013-02-19', '10:27:34'),
(271, '2', 'S18640', 'ayecheve', '2013-02-19', '10:27:50'),
(272, '2', 'S19438', 'mbcurtis', '2013-02-19', '10:27:57'),
(273, '2', 'S19444', 'mbcurtis', '2013-02-19', '10:29:08'),
(274, '2', 'S18748', 'ayecheve', '2013-02-19', '10:29:15'),
(275, '2', 'S19450', 'mbcurtis', '2013-02-19', '10:29:39'),
(276, '2', 'S19456', 'mbcurtis', '2013-02-19', '10:31:16'),
(277, '2', 'S18646', 'ayecheve', '2013-02-19', '10:31:21'),
(278, '2', 'S19462', 'harrish1', '2013-02-19', '10:32:01'),
(279, '2', 'S18034', 'harrish1', '2013-02-19', '10:33:06'),
(280, '2', 'S34486', 'harrish1', '2013-02-19', '10:35:19'),
(281, '2', 'S18742', 'harrish1', '2013-02-19', '10:35:55'),
(282, '2', 'S18022', 'harrish1', '2013-02-19', '10:36:25'),
(283, '2', 'S34588', 'harrish1', '2013-02-19', '10:36:51'),
(284, '2', 'S18016', 'harrish1', '2013-02-19', '10:38:08'),
(285, '2', 'S18010', 'harrish1', '2013-02-19', '10:40:06'),
(286, '2', 'S18736', 'ayecheve', '2013-02-19', '10:40:17'),
(287, '2', 'S18004', 'harrish1', '2013-02-19', '10:40:31'),
(288, '2', 'S18730', 'ayecheve', '2013-02-19', '10:41:16'),
(289, '2', 'S18718', 'ayecheve', '2013-02-19', '10:43:18'),
(290, '2', 'S18712', 'ayecheve', '2013-02-19', '10:45:08'),
(291, '2', 'S17986', 'ayecheve', '2013-02-19', '10:45:13'),
(292, '2', 'S18652', 'ayecheve', '2013-02-19', '10:46:20'),
(293, '2', 'S18658', 'ayecheve', '2013-02-19', '10:47:16'),
(294, '2', 'S17980', 'ayecheve', '2013-02-19', '10:47:28'),
(295, '2', 'S17974', 'ayecheve', '2013-02-19', '10:47:57'),
(296, '2', 'S18670', 'ayecheve', '2013-02-19', '10:51:55'),
(297, '2', 'S18706', 'harrish1', '2013-02-19', '10:52:34'),
(298, '2', 'S17200', 'ayecheve', '2013-02-19', '10:53:09'),
(299, '2', 'S18700', 'harrish1', '2013-02-19', '10:53:11'),
(300, '2', 'S18676', 'harrish1', '2013-02-19', '10:54:29'),
(301, '2', 'S17206', 'ayecheve', '2013-02-19', '10:54:31'),
(302, '2', 'S17212', 'ayecheve', '2013-02-19', '10:55:08'),
(303, '2', 'S18682', 'harrish1', '2013-02-19', '10:55:14'),
(304, '2', 'S17218', 'ayecheve', '2013-02-19', '10:55:38'),
(305, '2', 'S18688', 'harrish1', '2013-02-19', '10:55:44'),
(306, '2', 'S18694', 'harrish1', '2013-02-19', '10:56:13'),
(307, '2', 'S17224', 'ayecheve', '2013-02-19', '10:56:22'),
(308, '2', 'S17962', 'harrish1', '2013-02-19', '10:56:39'),
(309, '2', 'S17230', 'ayecheve', '2013-02-19', '10:57:02'),
(310, '2', 'S17236', 'ayecheve', '2013-02-19', '10:57:45'),
(311, '2', 'S17956', 'harrish1', '2013-02-19', '10:57:54'),
(312, '2', 'S17242', 'ayecheve', '2013-02-19', '10:58:29'),
(313, '2', 'S17950', 'harrish1', '2013-02-19', '10:59:07'),
(314, '2', 'S17254', 'ayecheve', '2013-02-19', '11:00:09'),
(315, '2', 'S17944', 'harrish1', '2013-02-19', '11:00:30'),
(316, '2', 'S17260', 'ayecheve', '2013-02-19', '11:01:41'),
(317, '2', 'S17938', 'harrish1', '2013-02-19', '11:02:13'),
(318, '2', 'S17266', 'ayecheve', '2013-02-19', '11:02:14'),
(319, '2', 'S17272', 'ayecheve', '2013-02-19', '11:02:33'),
(320, '2', 'S17920', 'harrish1', '2013-02-19', '11:02:52'),
(321, '2', 'S17278', 'ayecheve', '2013-02-19', '11:02:52'),
(322, '2', 'S17932', 'harrish1', '2013-02-19', '11:03:10'),
(323, '2', 'S17284', 'ayecheve', '2013-02-19', '11:03:26'),
(324, '2', 'S17926', 'harrish1', '2013-02-19', '11:04:23'),
(325, '2', 'S17290', 'ayecheve', '2013-02-19', '11:04:27'),
(326, '2', 'S17314', 'ayecheve', '2013-02-19', '11:05:17'),
(327, '2', 'S16480', 'harrish1', '2013-02-19', '11:05:32'),
(328, '2', 'S17308', 'ayecheve', '2013-02-19', '11:06:06'),
(329, '2', 'S16486', 'harrish1', '2013-02-19', '11:06:16'),
(330, '2', 'S17302', 'ayecheve', '2013-02-19', '11:07:03'),
(331, '2', 'S16498', 'harrish1', '2013-02-19', '11:07:30'),
(332, '2', 'S16504', 'harrish1', '2013-02-19', '11:08:20'),
(333, '2', 'S16510', 'harrish1', '2013-02-19', '11:09:01'),
(334, '2', 'S15760', 'ayecheve', '2013-02-19', '11:09:09'),
(335, '2', 'S16516', 'harrish1', '2013-02-19', '11:09:36'),
(336, '2', 'S16522', 'harrish1', '2013-02-19', '11:09:57'),
(337, '2', 'S15874', 'ayecheve', '2013-02-19', '11:09:59'),
(338, '2', 'S16528', 'harrish1', '2013-02-19', '11:10:29'),
(339, '2', 'S15862', 'ayecheve', '2013-02-19', '11:10:48'),
(340, '2', 'S16534', 'harrish1', '2013-02-19', '11:10:51'),
(341, '2', 'S16540', 'harrish1', '2013-02-19', '11:11:28'),
(342, '2', 'S15868', 'ayecheve', '2013-02-19', '11:11:32'),
(343, '2', 'S16546', 'harrish1', '2013-02-19', '11:12:45'),
(344, '2', 'S15856', 'ayecheve', '2013-02-19', '11:13:18'),
(345, '2', 'S16552', 'harrish1', '2013-02-19', '11:13:23'),
(346, '2', 'S16558', 'harrish1', '2013-02-19', '11:14:02'),
(347, '2', 'S16564', 'harrish1', '2013-02-19', '11:14:48'),
(348, '2', 'S15844', 'ayecheve', '2013-02-19', '11:15:05'),
(349, '2', 'S16570', 'harrish1', '2013-02-19', '11:15:46'),
(350, '2', 'S15838', 'ayecheve', '2013-02-19', '11:16:03'),
(351, '2', 'S16576', 'harrish1', '2013-02-19', '11:16:13'),
(352, '2', 'S15832', 'ayecheve', '2013-02-19', '11:16:44'),
(353, '2', 'S16582', 'harrish1', '2013-02-19', '11:16:54'),
(354, '2', 'S16588', 'harrish1', '2013-02-19', '11:17:26'),
(355, '2', 'S16594', 'harrish1', '2013-02-19', '11:17:57'),
(356, '2', 'S15826', 'ayecheve', '2013-02-19', '11:18:12'),
(357, '2', 'S15820', 'ayecheve', '2013-02-19', '11:18:51'),
(358, '2', 'S15154', 'harrish1', '2013-02-19', '11:18:51'),
(359, '2', 'S15148', 'harrish1', '2013-02-19', '11:19:33'),
(360, '2', 'S15814', 'ayecheve', '2013-02-19', '11:19:40'),
(361, '2', 'S15142', 'harrish1', '2013-02-19', '11:19:59'),
(362, '2', 'S15808', 'ayecheve', '2013-02-19', '11:20:25'),
(363, '2', 'S15136', 'harrish1', '2013-02-19', '11:20:25'),
(364, '2', 'S15130', 'harrish1', '2013-02-19', '11:20:56'),
(365, '2', 'S15766', 'ayecheve', '2013-02-19', '11:21:23'),
(366, '3', 'S34498', 'mbcurtis', '2013-02-19', '11:53:50'),
(367, '3', 'S34504', 'mbcurtis', '2013-02-19', '11:53:56'),
(368, '3', 'S28000', 'mbcurtis', '2013-02-19', '11:54:00'),
(369, '3', 'S34534', 'mbcurtis', '2013-02-19', '11:54:17'),
(370, '3', 'S28048', 'mbcurtis', '2013-02-19', '11:54:27'),
(371, '3', 'S29554', 'mbcurtis', '2013-02-19', '11:55:49'),
(372, '2', 'S29554', 'mbcurtis', '2013-02-19', '11:56:01'),
(373, '4', 's28000', 'mbcurtis', '2013-02-19', '14:06:52'),
(374, '3', 'S28024', 'mbcurtis', '2013-02-20', '07:26:52'),
(375, '3', 'S28012', 'stburke', '2013-02-20', '09:03:41'),
(376, '3', 'S24490', 'ayecheve', '2013-02-20', '09:13:37'),
(377, '3', 'S22984', 'ayecheve', '2013-02-20', '09:17:56'),
(378, '3', 'S34540', 'ayecheve', '2013-02-20', '09:26:00'),
(379, '3', 'S28066', 'ayecheve', '2013-02-20', '09:26:24'),
(380, '3', 'S29548', 'mbcurtis', '2013-02-20', '09:26:51'),
(381, '3', 'S29542', 'mbcurtis', '2013-02-20', '09:28:43'),
(382, '3', 'S28018', 'ayecheve', '2013-02-20', '09:28:44'),
(383, '3', 'S34570', 'ayecheve', '2013-02-20', '09:29:40'),
(384, '3', 'S34576', 'ayecheve', '2013-02-20', '09:29:50'),
(385, '3', 'S15802', 'ayecheve', '2013-02-20', '09:30:45'),
(386, '3', 'S15796', 'ayecheve', '2013-02-20', '09:31:55'),
(387, '3', 'S15790', 'ayecheve', '2013-02-20', '09:32:26'),
(388, '3', 'S15784', 'ayecheve', '2013-02-20', '09:34:23'),
(389, '3', 'S15772', 'ayecheve', '2013-02-20', '09:35:52'),
(390, '3', 'S29536', 'mbcurtis', '2013-02-20', '09:36:38'),
(391, '3', 'S15778', 'ayecheve', '2013-02-20', '09:39:32'),
(392, '3', 'S29530', 'mbcurtis', '2013-02-20', '09:40:01'),
(393, '3', 'S28828', 'ayecheve', '2013-02-20', '09:40:35'),
(394, '3', 'S28822', 'ayecheve', '2013-02-20', '09:42:58'),
(395, '3', 'S28816', 'ayecheve', '2013-02-20', '09:46:16'),
(396, '3', 'S22270', 'alandres', '2013-02-20', '09:48:01'),
(397, '3', 'S29440', 'mbcurtis', '2013-02-20', '09:48:39'),
(398, '3', 'S28720', 'ayecheve', '2013-02-20', '09:49:16'),
(399, '3', 'S29482', 'mbcurtis', '2013-02-20', '09:49:38'),
(400, '3', 'S25228', 'mbcurtis', '2013-02-20', '09:50:13'),
(401, '3', 'S25900', 'ayecheve', '2013-02-20', '09:50:23'),
(402, '3', 'S29524', 'alandres', '2013-02-20', '09:50:33'),
(403, '3', 'S26560', 'mbcurtis', '2013-02-20', '09:50:46'),
(404, '3', 'S21544', 'mbcurtis', '2013-02-20', '09:51:17'),
(405, '3', 'S28726', 'alandres', '2013-02-20', '09:52:07'),
(406, '3', 'S28810', 'ayecheve', '2013-02-20', '09:54:31'),
(407, '3', 'S19396', 'ayecheve', '2013-02-20', '09:54:59'),
(408, '3', 'S28732', 'alandres', '2013-02-20', '09:55:17'),
(409, '3', 'S28804', 'ayecheve', '2013-02-20', '09:55:50'),
(410, '3', 'S28744', 'alandres', '2013-02-20', '09:59:16'),
(411, '3', 'S28750', 'ayecheve', '2013-02-20', '09:59:21'),
(412, '3', 'S28798', 'ayecheve', '2013-02-20', '10:00:14'),
(413, '3', 'S29476', 'alandres', '2013-02-20', '10:00:15'),
(414, '3', 'S28792', 'ayecheve', '2013-02-20', '10:01:13'),
(415, '3', 'S29446', 'alandres', '2013-02-20', '10:01:47'),
(416, '3', 'S28756', 'ayecheve', '2013-02-20', '10:02:16'),
(417, '3', 'S29470', 'alandres', '2013-02-20', '10:03:15'),
(418, '3', 'S28762', 'ayecheve', '2013-02-20', '10:03:35'),
(419, '3', 'S29518', 'mbcurtis', '2013-02-20', '10:03:48'),
(420, '3', 'S24424', 'alandres', '2013-02-20', '10:04:17'),
(421, '3', 'S29512', 'mbcurtis', '2013-02-20', '10:04:40'),
(422, '3', 'S22282', 'alandres', '2013-02-20', '10:04:58'),
(423, '3', 'S28768', 'ayecheve', '2013-02-20', '10:05:14'),
(424, '3', 'S29506', 'mbcurtis', '2013-02-20', '10:05:17'),
(425, '3', 'S27346', 'mbcurtis', '2013-02-20', '10:06:20'),
(426, '3', 'S29452', 'alandres', '2013-02-20', '10:06:33'),
(427, '3', 'S25936', 'mbcurtis', '2013-02-20', '10:06:42'),
(428, '3', 'S28774', 'ayecheve', '2013-02-20', '10:06:50'),
(429, '3', 'S27370', 'mbcurtis', '2013-02-20', '10:07:00'),
(430, '3', 'S29488', 'alandres', '2013-02-20', '10:07:41'),
(431, '3', 'S29494', 'mbcurtis', '2013-02-20', '10:08:13'),
(432, '3', 'S26572', 'alandres', '2013-02-20', '10:08:52'),
(433, '3', 'S29500', 'mbcurtis', '2013-02-20', '10:09:20'),
(434, '3', 'S22354', 'alandres', '2013-02-20', '10:09:35'),
(435, '3', 'S24436', 'ayecheve', '2013-02-20', '10:09:41'),
(436, '3', 'S29458', 'mbcurtis', '2013-02-20', '10:09:52'),
(437, '3', 'S23032', 'ayecheve', '2013-02-20', '10:09:53'),
(438, '3', 'S26662', 'alandres', '2013-02-20', '10:10:03'),
(439, '3', 'S29464', 'mbcurtis', '2013-02-20', '10:10:27'),
(440, '3', 'S30160', 'alandres', '2013-02-20', '10:11:13'),
(441, '3', 'S30274', 'mbcurtis', '2013-02-20', '10:11:16'),
(442, '3', 'S28786', 'ayecheve', '2013-02-20', '10:11:45'),
(443, '3', 'S26602', 'ayecheve', '2013-02-20', '10:12:21'),
(444, '3', 'S30166', 'alandres', '2013-02-20', '10:12:31'),
(445, '3', 'S30172', 'mbcurtis', '2013-02-20', '10:12:51'),
(446, '3', 'S26596', 'mbcurtis', '2013-02-20', '10:13:30'),
(447, '3', 'S18646', 'ayecheve', '2013-02-20', '10:14:46'),
(448, '3', 'S30190', 'alandres', '2013-02-20', '10:14:51'),
(449, '3', 'S26614', 'ayecheve', '2013-02-20', '10:15:44'),
(450, '3', 'S27382', 'alandres', '2013-02-20', '10:15:47'),
(451, '3', 'S26608', 'ayecheve', '2013-02-20', '10:16:11'),
(452, '3', 'S30196', 'mbcurtis', '2013-02-20', '10:16:20'),
(453, '3', 'S17272', 'ayecheve', '2013-02-20', '10:16:26'),
(454, '3', 'S22978', 'alandres', '2013-02-20', '10:17:30'),
(455, '3', 'S21580', 'mbcurtis', '2013-02-20', '10:17:33'),
(456, '3', 'S17926', 'alandres', '2013-02-20', '10:19:11'),
(457, '3', 'S28780', 'ayecheve', '2013-02-20', '10:19:47'),
(458, '3', 'S30202', 'alandres', '2013-02-20', '10:19:53'),
(459, '3', 'S32434', 'alandres', '2013-02-20', '10:21:14'),
(460, '3', 'S30184', 'mbcurtis', '2013-02-20', '10:21:20'),
(461, '3', 'S18736', 'alandres', '2013-02-20', '10:22:05'),
(462, '3', 'S20134', 'mbcurtis', '2013-02-20', '10:22:08'),
(463, '3', 'S20848', 'alandres', '2013-02-20', '10:22:26'),
(464, '3', 'S30994', 'mbcurtis', '2013-02-20', '10:23:12'),
(465, '3', 'S32428', 'alandres', '2013-02-20', '10:23:35'),
(466, '3', 'S30988', 'mbcurtis', '2013-02-20', '10:23:47'),
(467, '3', 'S30982', 'mbcurtis', '2013-02-20', '10:24:24'),
(468, '3', 'S30976', 'mbcurtis', '2013-02-20', '10:24:53'),
(469, '3', 'S32416', 'alandres', '2013-02-20', '10:25:07'),
(470, '3', 'S30970', 'mbcurtis', '2013-02-20', '10:25:27'),
(471, '3', 'S30964', 'mbcurtis', '2013-02-20', '10:26:18'),
(472, '3', 'S21532', 'alandres', '2013-02-20', '10:26:48'),
(473, '3', 'S30958', 'mbcurtis', '2013-02-20', '10:27:29'),
(474, '3', 'S30952', 'alandres', '2013-02-20', '10:29:12'),
(475, '3', 'S30946', 'alandres', '2013-02-20', '10:31:46'),
(476, '3', 'S30940', 'alandres', '2013-02-20', '10:32:44'),
(477, '3', 'S30934', 'alandres', '2013-02-20', '10:34:24'),
(478, '3', 'S20866', 'alandres', '2013-02-20', '10:34:54'),
(479, '3', 'S20122', 'alandres', '2013-02-20', '10:35:13'),
(480, '3', 'S30928', 'alandres', '2013-02-20', '10:35:46'),
(481, '3', 'S20884', 'alandres', '2013-02-20', '10:36:32'),
(482, '3', 'S28036', 'alandres', '2013-02-20', '10:37:00'),
(483, '3', 'S25948', 'alandres', '2013-02-20', '10:37:17'),
(484, '3', 'S15820', 'alandres', '2013-02-20', '10:44:44'),
(485, '3', 'S30922', 'alandres', '2013-02-20', '10:46:10'),
(486, '3', 'S20128', 'alandres', '2013-02-20', '10:47:21'),
(487, '3', 'S25216', 'alandres', '2013-02-20', '10:48:00'),
(488, '3', 'S22318', 'alandres', '2013-02-20', '10:48:11'),
(489, '3', 'S30880', 'alandres', '2013-02-20', '10:49:20'),
(490, '3', 'S32410', 'alandres', '2013-02-20', '10:50:10'),
(491, '3', 'S32404', 'alandres', '2013-02-20', '10:51:15'),
(492, '3', 'S31600', 'mbcurtis', '2013-02-20', '10:52:49'),
(493, '3', 'S18664', 'mbcurtis', '2013-02-20', '10:53:17'),
(494, '3', 'S30268', 'mbcurtis', '2013-02-20', '10:54:04'),
(495, '3', 'S24400', 'mbcurtis', '2013-02-20', '10:54:46'),
(496, '3', 'S30178', 'mbcurtis', '2013-02-20', '10:59:48'),
(497, '3', 'S16522', 'mbcurtis', '2013-02-20', '11:00:03'),
(498, '3', 'S30256', 'mbcurtis', '2013-02-20', '11:00:52'),
(499, '3', 'S32398', 'mbcurtis', '2013-02-20', '11:01:26'),
(500, '3', 'S32392', 'mbcurtis', '2013-02-20', '11:02:19'),
(501, '3', 'S27340', 'wsing', '2013-02-20', '11:03:33'),
(502, '3', 'S30886', 'wsing', '2013-02-20', '11:04:25'),
(503, '3', 'S30916', 'wsing', '2013-02-20', '11:05:21'),
(504, '3', 'S30910', 'wsing', '2013-02-20', '11:06:01'),
(505, '3', 'S30904', 'wsing', '2013-02-20', '11:07:01'),
(506, '3', 'S30898', 'wsing', '2013-02-20', '11:07:36'),
(507, '3', 'S30250', 'wsing', '2013-02-20', '11:08:51'),
(508, '3', 'S30244', 'wsing', '2013-02-20', '11:09:44'),
(509, '3', 'S20092', 'mbcurtis', '2013-02-20', '11:10:10'),
(510, '3', 'S21634', 'wsing', '2013-02-20', '11:10:25'),
(511, '3', 'S31606', 'mbcurtis', '2013-02-20', '11:11:33'),
(512, '3', 'S30238', 'wsing', '2013-02-20', '11:11:36'),
(513, '3', 'S30232', 'wsing', '2013-02-20', '11:12:43'),
(514, '3', 'S15148', 'wsing', '2013-02-20', '11:14:09'),
(515, '3', 'S25840', 'wsing', '2013-02-20', '11:15:49'),
(516, '3', 'S30226', 'wsing', '2013-02-20', '11:17:58'),
(517, '3', 'S32326', 'mbcurtis', '2013-02-20', '11:19:06'),
(518, '3', 'S32332', 'wsing', '2013-02-20', '11:19:55'),
(519, '3', 'S18028', 'mbcurtis', '2013-02-20', '11:20:45'),
(520, '3', 'S32338', 'wsing', '2013-02-20', '11:20:52'),
(521, '3', 'S32344', 'wsing', '2013-02-20', '11:22:41'),
(522, '3', 'S20854', 'mbcurtis', '2013-02-20', '11:23:45'),
(523, '3', 'S30220', 'wsing', '2013-02-20', '11:27:08'),
(524, '3', 'S31714', 'mbcurtis', '2013-02-20', '11:27:23'),
(525, '3', 'S32386', 'wsing', '2013-02-20', '11:28:15'),
(526, '3', 'S28078', 'wsing', '2013-02-20', '11:28:51'),
(527, '3', 'S32380', 'wsing', '2013-02-20', '11:29:32'),
(528, '3', 'S31708', 'mbcurtis', '2013-02-20', '11:30:02'),
(529, '3', 'S20830', 'wsing', '2013-02-20', '11:31:52'),
(530, '3', 'S31702', 'mbcurtis', '2013-02-20', '11:38:40'),
(531, '3', 'S31696', 'mbcurtis', '2013-02-20', '11:39:21'),
(532, '3', 'S31690', 'mbcurtis', '2013-02-20', '11:39:50'),
(533, '3', 'S31684', 'mbcurtis', '2013-02-20', '11:40:20'),
(534, '3', 'S31678', 'mbcurtis', '2013-02-20', '11:41:01'),
(535, '3', 'S31672', 'mbcurtis', '2013-02-20', '11:41:45'),
(536, '3', 'S31666', 'mbcurtis', '2013-02-20', '11:42:37'),
(537, '3', 'S31660', 'mbcurtis', '2013-02-20', '11:43:12'),
(538, '3', 'S31654', 'mbcurtis', '2013-02-20', '11:44:27'),
(539, '3', 'S31648', 'mbcurtis', '2013-02-20', '11:45:12'),
(540, '3', 'S31612', 'mbcurtis', '2013-02-20', '11:46:01'),
(541, '3', 'S21568', 'mbcurtis', '2013-02-20', '11:46:52'),
(542, '3', 'S25156', 'wsing', '2013-02-20', '11:50:18'),
(543, '3', 'S31618', 'mbcurtis', '2013-02-20', '11:50:39'),
(544, '3', 'S30214', 'wsing', '2013-02-20', '11:50:52'),
(545, '3', 'S32320', 'mbcurtis', '2013-02-20', '11:54:08'),
(546, '3', 'S30208', 'wsing', '2013-02-20', '11:55:07'),
(547, '3', 'S32350', 'mbcurtis', '2013-02-20', '11:55:28'),
(548, '3', 'S31642', 'mbcurtis', '2013-02-20', '11:55:56'),
(549, '3', 'S32368', 'wsing', '2013-02-20', '11:56:30'),
(550, '3', 'S31636', 'mbcurtis', '2013-02-20', '11:57:04'),
(551, '3', 'S32362', 'wsing', '2013-02-20', '11:57:06'),
(552, '3', 'S18712', 'mbcurtis', '2013-02-20', '11:57:24'),
(553, '3', 'S23746', 'mbcurtis', '2013-02-20', '11:57:57'),
(554, '3', 'S32356', 'wsing', '2013-02-20', '11:58:04'),
(555, '3', 'S31630', 'mbcurtis', '2013-02-20', '11:58:08'),
(556, '3', 'S19390', 'mbcurtis', '2013-02-20', '11:59:19'),
(557, '3', 'S23026', 'wsing', '2013-02-20', '12:00:43'),
(558, '3', 'S23068', 'ayecheve', '2013-02-20', '12:00:58'),
(559, '3', 'S33154', 'wsing', '2013-02-20', '12:04:12'),
(560, '3', 'S33148', 'wsing', '2013-02-20', '12:05:29'),
(561, '3', 'S16510', 'wsing', '2013-02-20', '12:06:07'),
(562, '3', 'S25876', 'mbcurtis', '2013-02-20', '12:07:32'),
(563, '3', 'S33142', 'wsing', '2013-02-20', '12:09:38'),
(564, '3', 'S23680', 'ayecheve', '2013-02-20', '12:19:04'),
(565, '3', 'S33052', 'wsing', '2013-02-20', '12:19:40'),
(566, '3', 'S33874', 'ayecheve', '2013-02-20', '12:23:26'),
(567, '3', 'S17968', 'wsing', '2013-02-20', '12:27:40'),
(568, '3', 'S21562', 'wsing', '2013-02-20', '12:30:57'),
(569, '3', 'S33100', 'wsing', '2013-02-20', '12:32:54'),
(570, '3', 'S22276', 'wsing', '2013-02-20', '12:40:54'),
(571, '3', 'S17284', 'wsing', '2013-02-20', '12:41:11'),
(572, '3', 'S33868', 'ayecheve', '2013-02-20', '12:41:38'),
(573, '3', 'S44560', 'wsing', '2013-02-20', '12:43:51'),
(574, '3', 'S45388', 'wsing', '2013-02-20', '12:49:34'),
(575, '3', 'S45382', 'wsing', '2013-02-20', '12:52:16'),
(576, '3', 'S45292', 'wsing', '2013-02-20', '12:52:57'),
(577, '3', 'S33856', 'ayecheve', '2013-02-20', '12:54:05'),
(578, '3', 'S33064', 'wsing', '2013-02-20', '12:56:10'),
(579, '3', 'S45298', 'wsing', '2013-02-20', '12:57:21'),
(580, '3', 'S34528', 'ayecheve', '2013-02-20', '12:59:05'),
(581, '3', 'S45304', 'wsing', '2013-02-20', '12:59:31'),
(582, '3', 'S33838', 'ayecheve', '2013-02-20', '12:59:43'),
(583, '3', 'S45310', 'wsing', '2013-02-20', '13:00:38'),
(584, '3', 'S45316', 'wsing', '2013-02-20', '13:02:32'),
(585, '3', 'S33832', 'ayecheve', '2013-02-20', '13:04:54'),
(586, '3', 'S25150', 'mbcurtis', '2013-02-20', '13:07:35'),
(587, '3', 'S45322', 'wsing', '2013-02-20', '13:08:12'),
(588, '3', 'S32374', 'mbcurtis', '2013-02-20', '13:09:03'),
(589, '3', 'S25852', 'ayecheve', '2013-02-20', '13:10:23'),
(590, '3', 'S45328', 'wsing', '2013-02-20', '13:10:45'),
(591, '3', 'S26656', 'ayecheve', '2013-02-20', '13:11:08'),
(592, '3', 'S45370', 'wsing', '2013-02-20', '13:12:37'),
(593, '3', 'S28042', 'mbcurtis', '2013-02-20', '13:17:59'),
(594, '3', 'S45364', 'wsing', '2013-02-20', '13:22:18'),
(595, '3', 'S27280', 'mbcurtis', '2013-02-20', '13:22:28'),
(596, '3', 'S45352', 'wsing', '2013-02-20', '13:27:16'),
(597, '3', 'S16564', 'mbcurtis', '2013-02-20', '13:28:53'),
(598, '3', 'S45358', 'wsing', '2013-02-20', '13:30:27'),
(599, '3', 'S44566', 'wsing', '2013-02-20', '13:32:46'),
(600, '3', 'S34486', 'wsing', '2013-02-20', '13:35:24'),
(601, '3', 'S44572', 'wsing', '2013-02-20', '13:36:50'),
(602, '3', 'S33826', 'ayecheve', '2013-02-20', '13:36:51'),
(603, '3', 'S33820', 'ayecheve', '2013-02-20', '13:40:37'),
(604, '3', 'S33802', 'wsing', '2013-02-20', '13:47:55'),
(605, '3', 'S44662', 'ayecheve', '2013-02-20', '13:48:03'),
(606, '3', 'S33808', 'wsing', '2013-02-20', '13:49:27'),
(607, '3', 'S21538', 'wsing', '2013-02-20', '13:51:44'),
(608, '3', 'S43852', 'wsing', '2013-02-20', '13:51:50'),
(609, '3', 'S33766', 'wsing', '2013-02-20', '13:52:38'),
(610, '3', 'S16534', 'ayecheve', '2013-02-20', '13:53:45'),
(611, '3', 'S44584', 'ayecheve', '2013-02-20', '14:00:41'),
(612, '3', 'S43954', 'mbcurtis', '2013-02-20', '14:01:38'),
(613, '3', 'S44656', 'ayecheve', '2013-02-20', '14:02:09'),
(614, '3', 'S43948', 'ergomez1', '2013-02-20', '14:05:52'),
(615, '3', 'S43942', 'mbcurtis', '2013-02-20', '14:06:22'),
(616, '3', 'S43936', 'ergomez1', '2013-02-20', '14:08:56'),
(617, '3', 'S23050', 'mbcurtis', '2013-02-20', '14:09:48'),
(618, '3', 'S43930', 'mbcurtis', '2013-02-20', '14:11:43'),
(619, '3', 'S33772', 'ergomez1', '2013-02-20', '14:16:06'),
(620, '3', 'S33778', 'ergomez1', '2013-02-20', '14:19:35'),
(621, '3', 'S24460', 'mbcurtis', '2013-02-20', '14:19:57'),
(622, '3', 'S33796', 'ergomez1', '2013-02-20', '14:45:57'),
(623, '3', 'S34564', 'ergomez1', '2013-02-20', '14:50:10'),
(624, '3', 'S25894', 'ergomez1', '2013-02-20', '14:51:04'),
(625, '3', 'S34480', 'mabazari', '2013-02-20', '14:52:28'),
(626, '3', 'S33784', 'ergomez1', '2013-02-20', '14:53:18'),
(627, '3', 'S33790', 'ergomez1', '2013-02-20', '14:56:56'),
(628, '3', 'S43924', 'ergomez1', '2013-02-20', '15:02:51'),
(629, '3', 'S43918', 'ergomez1', '2013-02-20', '15:03:28'),
(630, '3', 'S43912', 'ergomez1', '2013-02-20', '15:03:58'),
(631, '3', 'S43858', 'ergomez1', '2013-02-20', '15:04:30'),
(632, '4', 'S43906', 'harrish1', '2013-02-21', '10:25:35'),
(633, '4', 'S43900', 'harrish1', '2013-02-21', '10:26:20'),
(634, '4', 'S43894', 'harrish1', '2013-02-21', '10:26:52'),
(635, '4', 'S21634', 'harrish1', '2013-02-21', '10:27:34'),
(636, '4', 'S28096', 'harrish1', '2013-02-21', '10:28:07'),
(637, '4', 'S34486', 'harrish1', '2013-02-21', '10:28:12'),
(638, '4', 'S45298', 'mathewb', '2013-02-21', '10:29:02'),
(639, '4', 'S28066', 'harrish1', '2013-02-21', '10:33:22'),
(640, '4', 'S34498', 'mbcurtis', '2013-02-21', '10:47:39'),
(641, '4', 'S28012', 'mbcurtis', '2013-02-21', '10:47:48'),
(642, '4', 'S28048', 'mbcurtis', '2013-02-21', '10:47:51'),
(643, '4', 'S23050', 'mbcurtis', '2013-02-21', '10:52:58'),
(644, '4', 'S25846', 'mbcurtis', '2013-02-21', '10:53:13'),
(645, '4', 'S20842', 'mbcurtis', '2013-02-21', '10:53:23'),
(646, '4', 'S35218', 'mbcurtis', '2013-02-21', '10:53:29'),
(647, '4', 'S35206', 'mbcurtis', '2013-02-21', '10:53:39'),
(648, '4', 'S20830', 'mbcurtis', '2013-02-21', '10:53:46'),
(649, '4', 'S27352', 'mbcurtis', '2013-02-21', '10:53:51'),
(650, '4', 'S25954', 'mbcurtis', '2013-02-21', '10:53:55'),
(651, '4', 'S27364', 'mbcurtis', '2013-02-21', '10:54:04'),
(652, '4', 'S33784', 'mbcurtis', '2013-02-21', '10:54:10'),
(653, '4', 'S25222', 'mbcurtis', '2013-02-21', '10:54:12'),
(654, '4', 'S30898', 'mbcurtis', '2013-02-21', '10:54:15'),
(655, '4', 'S28756', 'mbcurtis', '2013-02-21', '10:54:20'),
(656, '4', 'S25894', 'mbcurtis', '2013-02-21', '10:54:23'),
(657, '4', 'S26560', 'mbcurtis', '2013-02-21', '10:54:29'),
(658, '4', 'S43876', 'mbcurtis', '2013-02-21', '10:54:34'),
(659, '4', 'S27280', 'mbcurtis', '2013-02-21', '10:54:39'),
(660, '4', 'S27382', 'mbcurtis', '2013-02-21', '10:54:43'),
(661, '4', 'S18688', 'mbcurtis', '2013-02-21', '10:54:50'),
(662, '4', 'S18034', 'mbcurtis', '2013-02-21', '10:55:36'),
(663, '4', 'S35230', 'mbcurtis', '2013-02-21', '10:55:41'),
(664, '4', 'S25840', 'mbcurtis', '2013-02-21', '10:55:46'),
(665, '4', 'S25138', 'mbcurtis', '2013-02-21', '10:56:19'),
(666, '4', 's43870', 'mbcurtis', '2013-02-21', '10:56:50'),
(667, '4', 'S24460', 'mbcurtis', '2013-02-21', '10:57:13'),
(668, '4', 'S18664', 'mbcurtis', '2013-02-21', '10:57:17'),
(669, '4', 'S43864', 'mbcurtis', '2013-02-21', '10:57:25'),
(670, '4', 'S32392', 'mbcurtis', '2013-02-21', '10:57:31'),
(671, '4', 'S26614', 'mbcurtis', '2013-02-21', '10:57:35'),
(672, '4', 'S25948', 'mbcurtis', '2013-02-21', '10:58:01'),
(673, '4', 'S26608', 'mbcurtis', '2013-02-21', '10:58:26'),
(674, '4', 'S35236', 'mbcurtis', '2013-02-21', '10:58:34'),
(675, '4', 'S28834', 'mbcurtis', '2013-02-21', '10:58:40'),
(676, '4', 'S22282', 'mbcurtis', '2013-02-21', '10:58:47'),
(677, '4', 'S22276', 'mbcurtis', '2013-02-21', '10:58:58'),
(678, '4', 'S15040', 'mbcurtis', '2013-02-21', '10:59:02'),
(679, '4', 'S29500', 'mbcurtis', '2013-02-21', '10:59:08'),
(680, '4', 'S35254', 'mbcurtis', '2013-02-21', '10:59:12'),
(681, '4', 'S35248', 'mbcurtis', '2013-02-21', '10:59:24'),
(682, '4', 'S35308', 'mbcurtis', '2013-02-21', '10:59:28'),
(683, '4', 'S26584', 'mbcurtis', '2013-02-21', '10:59:46'),
(684, '4', 'S15046', 'mbcurtis', '2013-02-21', '10:59:58'),
(685, '4', 'S35314', 'mbcurtis', '2013-02-21', '11:00:14'),
(686, '4', 'S15124', 'mbcurtis', '2013-02-21', '11:00:19'),
(687, '4', 'S23710', 'mbcurtis', '2013-02-21', '11:00:26'),
(688, '4', 'S15112', 'mbcurtis', '2013-02-21', '11:00:31'),
(689, '4', 'S35260', 'mbcurtis', '2013-02-21', '11:00:43'),
(690, '4', 'S35266', 'mbcurtis', '2013-02-21', '11:00:51'),
(691, '4', 'S21574', 'mbcurtis', '2013-02-21', '11:01:00'),
(692, '4', 'S17224', 'mbcurtis', '2013-02-21', '11:01:17'),
(693, '4', 'S18694', 'mbcurtis', '2013-02-21', '11:01:26'),
(694, '4', 'S17962', 'mbcurtis', '2013-02-21', '11:01:33'),
(695, '4', 'S35224', 'mbcurtis', '2013-02-21', '11:01:39'),
(696, '4', 'S15106', 'mbcurtis', '2013-02-21', '11:01:42'),
(697, '4', 'S23758', 'mbcurtis', '2013-02-21', '11:01:48'),
(698, '4', 'S24472', 'mbcurtis', '2013-02-21', '11:02:05'),
(699, '4', 'S19426', 'mbcurtis', '2013-02-21', '11:02:10'),
(700, '4', 'S18640', 'mbcurtis', '2013-02-21', '11:02:14'),
(701, '4', 'S25150', 'mbcurtis', '2013-02-21', '11:02:21'),
(702, '4', 'S17296', 'mbcurtis', '2013-02-21', '11:02:27'),
(703, '4', 'S18016', 'mbcurtis', '2013-02-21', '11:02:39'),
(704, '4', 'S20182', 'mbcurtis', '2013-02-21', '11:02:45'),
(705, '4', 'S23680', 'mbcurtis', '2013-02-21', '11:02:52'),
(706, '4', 'S25228', 'mbcurtis', '2013-02-21', '11:02:59'),
(707, '4', 'S17938', 'mbcurtis', '2013-02-21', '11:03:07'),
(708, '4', 'S32404', 'mbcurtis', '2013-02-21', '11:03:13'),
(709, '4', 'S45382', 'mbcurtis', '2013-02-21', '11:03:20'),
(710, '4', 'S33862', 'mbcurtis', '2013-02-21', '11:03:32'),
(711, '4', 'S35272', 'mbcurtis', '2013-02-21', '11:03:38'),
(712, '4', 'S15100', 'mbcurtis', '2013-02-21', '11:03:46'),
(713, '4', 'S35302', 'mbcurtis', '2013-02-21', '11:03:55'),
(714, '4', 'S15094', 'mbcurtis', '2013-02-21', '11:04:26'),
(715, '4', 'S25216', 'mbcurtis', '2013-02-21', '11:04:35'),
(716, '4', 'S16570', 'mbcurtis', '2013-02-21', '11:05:27'),
(717, '4', 'S15838', 'mbcurtis', '2013-02-21', '11:05:37'),
(718, '4', 's31606', 'mbcurtis', '2013-02-21', '11:06:01'),
(719, '4', 's18754', 'mbcurtis', '2013-02-21', '11:06:29'),
(720, '4', 'S15088', 'mbcurtis', '2013-02-21', '11:06:41'),
(721, '4', 'S44656', 'mbcurtis', '2013-02-21', '11:07:00'),
(722, '4', 'S23752', 'mbcurtis', '2013-02-21', '11:07:19'),
(723, '4', 's22318', 'mbcurtis', '2013-02-21', '11:08:15'),
(724, '4', 'S35296', 'mbcurtis', '2013-02-21', '11:08:33'),
(725, '4', 'S35278', 'mbcurtis', '2013-02-21', '11:08:40'),
(726, '4', 'S35284', 'mbcurtis', '2013-02-21', '11:08:51'),
(727, '4', 's23062', 'mbcurtis', '2013-02-21', '11:09:16'),
(728, '4', 's25162', 'mbcurtis', '2013-02-21', '11:09:50'),
(729, '4', 'S20836', 'mbcurtis', '2013-02-21', '11:10:10'),
(730, '4', 'S14434', 'stburke', '2013-02-21', '11:10:15'),
(731, '4', 'S14428', 'mbcurtis', '2013-02-21', '11:10:28'),
(732, '4', 'S14356', 'stburke', '2013-02-21', '11:10:33'),
(733, '4', 'S19360', 'mbcurtis', '2013-02-21', '11:10:36'),
(734, '4', 'S25870', 'stburke', '2013-02-21', '11:10:45'),
(735, '4', 'S14422', 'mbcurtis', '2013-02-21', '11:10:46'),
(736, '4', 's20914', 'mbcurtis', '2013-02-21', '11:11:15'),
(737, '4', 'S17260', 'mbcurtis', '2013-02-21', '11:11:43'),
(738, '4', 'S14410', 'mbcurtis', '2013-02-21', '11:11:50'),
(739, '4', 'S15070', 'stburke', '2013-02-21', '11:11:57'),
(740, '4', 'S14416', 'mbcurtis', '2013-02-21', '11:11:58'),
(741, '4', 'S15076', 'mbcurtis', '2013-02-21', '11:12:07'),
(742, '4', 'S23692', 'stburke', '2013-02-21', '11:12:11'),
(743, '4', 'S22990', 'mbcurtis', '2013-02-21', '11:12:17'),
(744, '4', 'S15118', 'mbcurtis', '2013-02-21', '11:12:25'),
(745, '4', 'S14404', 'stburke', '2013-02-21', '11:12:27'),
(746, '4', 'S15064', 'mathewb', '2013-02-21', '11:12:34'),
(747, '4', 'S15784', 'stburke', '2013-02-21', '11:12:41'),
(748, '4', 'S23698', 'mbcurtis', '2013-02-21', '11:12:43'),
(749, '4', 'S14398', 'stburke', '2013-02-21', '11:12:54'),
(750, '4', 'S29464', 'mathewb', '2013-02-21', '11:13:04'),
(751, '4', 'S30274', 'mathewb', '2013-02-21', '11:13:12'),
(752, '4', 'S29458', 'mbcurtis', '2013-02-21', '11:13:18'),
(753, '4', 'S14386', 'mbcurtis', '2013-02-21', '11:13:25'),
(754, '4', 'S33100', 'mbcurtis', '2013-02-21', '11:13:33'),
(755, '4', 'S13702', 'mbcurtis', '2013-02-21', '11:13:38'),
(756, '4', 'S14392', 'stburke', '2013-02-21', '11:13:44'),
(757, '4', 'S13708', 'mbcurtis', '2013-02-21', '11:13:54'),
(758, '4', 'S16540', 'stburke', '2013-02-21', '11:13:58'),
(759, '4', 'S31684', 'mbcurtis', '2013-02-21', '11:14:06'),
(760, '4', 'S13714', 'mathewb', '2013-02-21', '11:14:12'),
(761, '4', 'S14380', 'mbcurtis', '2013-02-21', '11:14:15'),
(762, '4', 'S13696', 'mbcurtis', '2013-02-21', '11:14:19'),
(763, '4', 'S14374', 'mbcurtis', '2013-02-21', '11:14:26'),
(764, '4', 'S45358', 'mathewb', '2013-02-21', '11:14:29'),
(765, '4', 'S13690', 'mbcurtis', '2013-02-21', '11:14:31'),
(766, '4', 'S43858', 'mathewb', '2013-02-21', '11:14:37'),
(767, '4', 'S14368', 'mbcurtis', '2013-02-21', '11:14:39'),
(768, '4', 'S24418', 'mathewb', '2013-02-21', '11:14:44'),
(769, '4', 'S16522', 'mbcurtis', '2013-02-21', '11:15:05'),
(770, '4', 'S29488', 'stburke', '2013-02-21', '11:15:14'),
(771, '4', 'S26662', 'mbcurtis', '2013-02-21', '11:15:16'),
(772, '4', 'S25936', 'stburke', '2013-02-21', '11:15:32'),
(773, '4', 'S14362', 'mbcurtis', '2013-02-21', '11:15:35'),
(774, '4', 'S27370', 'mathewb', '2013-02-21', '11:15:38'),
(775, '4', 'S13678', 'mbcurtis', '2013-02-21', '11:15:48'),
(776, '4', 'S13684', 'mbcurtis', '2013-02-21', '11:15:55'),
(777, '4', 'S30214', 'stburke', '2013-02-21', '11:15:55'),
(778, '4', 'S20806', 'mbcurtis', '2013-02-21', '11:16:01'),
(779, '4', 'S14326', 'mbcurtis', '2013-02-21', '11:16:09'),
(780, '4', 'S24478', 'stburke', '2013-02-21', '11:16:17'),
(781, '4', 'S17206', 'mbcurtis', '2013-02-21', '11:16:19'),
(782, '4', 'S25156', 'mbcurtis', '2013-02-21', '11:16:31'),
(783, '4', 'S20080', 'mbcurtis', '2013-02-21', '11:16:38'),
(784, '4', 'S14338', 'mbcurtis', '2013-02-21', '11:16:42'),
(785, '4', 'S25918', 'stburke', '2013-02-21', '11:16:44'),
(786, '4', 'S13648', 'mbcurtis', '2013-02-21', '11:16:50'),
(787, '4', 'S13606', 'mbcurtis', '2013-02-21', '11:16:57'),
(788, '4', 'S13654', 'stburke', '2013-02-21', '11:16:58'),
(789, '4', 'S33808', 'mbcurtis', '2013-02-21', '11:17:06'),
(790, '4', 'S13600', 'mbcurtis', '2013-02-21', '11:17:17'),
(791, '4', 'S25858', 'stburke', '2013-02-21', '11:17:19'),
(792, '4', 'S14350', 'mbcurtis', '2013-02-21', '11:17:25'),
(793, '4', 'S17986', 'mbcurtis', '2013-02-21', '11:17:33'),
(794, '4', 'S12880', 'stburke', '2013-02-21', '11:17:38'),
(795, '4', 'S13630', 'mbcurtis', '2013-02-21', '11:17:44'),
(796, '4', 'S26650', 'mbcurtis', '2013-02-21', '11:17:51'),
(797, '4', 'S25876', 'stburke', '2013-02-21', '11:17:52'),
(798, '4', 'S16564', 'mbcurtis', '2013-02-21', '11:17:56'),
(799, '4', 'S33136', 'mbcurtis', '2013-02-21', '11:18:01'),
(800, '4', 'S29506', 'stburke', '2013-02-21', '11:18:04'),
(801, '4', 'S34528', 'mbcurtis', '2013-02-21', '11:18:09'),
(802, '4', 'S13624', 'stburke', '2013-02-21', '11:18:22'),
(803, '4', 'S12892', 'mbcurtis', '2013-02-21', '11:18:23'),
(804, '4', 'S21568', 'mbcurtis', '2013-02-21', '11:18:35'),
(805, '4', 'S13642', 'stburke', '2013-02-21', '11:18:43'),
(806, '4', 'S13612', 'mbcurtis', '2013-02-21', '11:18:44'),
(807, '4', 'S33838', 'mbcurtis', '2013-02-21', '11:18:53'),
(808, '4', 'S44650', 'stburke', '2013-02-21', '11:19:04'),
(809, '4', 'S44602', 'mbcurtis', '2013-02-21', '11:19:14'),
(810, '4', 'S31642', 'stburke', '2013-02-21', '11:19:19'),
(811, '4', 'S12916', 'mbcurtis', '2013-02-21', '11:19:23'),
(812, '4', 'S17212', 'mbcurtis', '2013-02-21', '11:19:29'),
(813, '4', 'S44608', 'stburke', '2013-02-21', '11:19:31'),
(814, '4', 'S44644', 'mbcurtis', '2013-02-21', '11:20:00'),
(815, '4', 'S24466', 'mbcurtis', '2013-02-21', '11:20:28'),
(816, '4', 'S29482', 'mbcurtis', '2013-02-21', '11:20:36'),
(817, '4', 'S22354', 'mbcurtis', '2013-02-21', '11:21:05'),
(818, '4', 'S14344', 'mbcurtis', '2013-02-21', '11:21:42'),
(819, '4', 'S15148', 'stburke', '2013-02-21', '11:22:51'),
(820, '4', 'S27346', 'stburke', '2013-02-21', '11:23:19'),
(821, '4', 'S17314', 'mbcurtis', '2013-02-21', '11:23:21'),
(822, '4', 'S12928', 'stburke', '2013-02-21', '11:23:30'),
(823, '4', 'S12934', 'stburke', '2013-02-21', '11:23:37'),
(824, '4', 'S44626', 'stburke', '2013-02-21', '11:23:47'),
(825, '4', 'S12940', 'mbcurtis', '2013-02-21', '11:23:58'),
(826, '4', 'S44620', 'stburke', '2013-02-21', '11:24:43'),
(827, '4', 'S44578', 'stburke', '2013-02-21', '11:25:02'),
(828, '4', 'S44632', 'mbcurtis', '2013-02-21', '11:25:04'),
(829, '4', 'S12952', 'stburke', '2013-02-21', '11:25:12'),
(830, '4', 'S18712', 'stburke', '2013-02-21', '11:25:17'),
(831, '4', 'S44614', 'stburke', '2013-02-21', '11:25:25'),
(832, '4', 'S12958', 'stburke', '2013-02-21', '11:25:30'),
(833, '4', 'S42514', 'stburke', '2013-02-21', '11:25:36'),
(834, '4', 'S24484', 'mbcurtis', '2013-02-21', '11:25:42'),
(835, '4', 'S34540', 'stburke', '2013-02-21', '11:26:27'),
(836, '4', 'S12970', 'mbcurtis', '2013-02-21', '11:26:35'),
(837, '4', 'S26674', 'stburke', '2013-02-21', '11:26:51'),
(838, '4', 'S12982', 'mathewb', '2013-02-21', '11:28:09'),
(839, '4', 'S12964', 'mathewb', '2013-02-21', '11:28:20'),
(840, '4', 'S22996', 'mbcurtis', '2013-02-21', '11:28:39'),
(841, '4', 'S28720', 'mathewb', '2013-02-21', '11:29:13'),
(842, '4', 'S12976', 'mathewb', '2013-02-21', '11:29:53'),
(843, '4', 'S12994', 'mathewb', '2013-02-21', '11:30:12'),
(844, '4', 'S11554', 'mbcurtis', '2013-02-21', '11:31:01'),
(845, '4', 'S12166', 'mbcurtis', '2013-02-21', '11:31:47'),
(846, '4', 'S42508', 'mathewb', '2013-02-21', '11:31:55'),
(847, '4', 'S12172', 'mathewb', '2013-02-21', '11:32:17'),
(848, '4', 'S12274', 'mathewb', '2013-02-21', '11:33:04'),
(849, '4', 'S42400', 'mbcurtis', '2013-02-21', '11:33:05'),
(850, '4', 'S30238', 'mbcurtis', '2013-02-21', '11:33:41'),
(851, '4', 'S30250', 'mathewb', '2013-02-21', '11:33:59'),
(852, '4', 'S42406', 'mbcurtis', '2013-02-21', '11:34:01'),
(853, '4', 'S28792', 'mathewb', '2013-02-21', '11:34:04'),
(854, '4', 'S29446', 'mbcurtis', '2013-02-21', '11:34:07'),
(855, '4', 'S29476', 'mathewb', '2013-02-21', '11:34:12'),
(856, '4', 'S12268', 'mbcurtis', '2013-02-21', '11:35:05'),
(857, '4', 'S42412', 'mbcurtis', '2013-02-21', '11:35:11'),
(858, '4', 'S12178', 'mathewb', '2013-02-21', '11:35:13'),
(859, '4', 'S24424', 'harrish1', '2013-02-21', '11:36:34'),
(860, '4', 'S33802', 'mbcurtis', '2013-02-21', '11:36:46'),
(861, '4', 'S42418', 'mbcurtis', '2013-02-21', '11:37:33'),
(862, '4', 'S22252', 'mbcurtis', '2013-02-21', '11:37:38'),
(863, '4', 'S12184', 'mbcurtis', '2013-02-21', '11:37:44'),
(864, '4', 'S42424', 'mbcurtis', '2013-02-21', '11:38:53'),
(865, '4', 'S42430', 'mbcurtis', '2013-02-21', '11:38:58'),
(866, '4', 'S25174', 'mbcurtis', '2013-02-21', '11:39:40'),
(867, '4', 'S12262', 'mbcurtis', '2013-02-21', '11:40:57'),
(868, '4', 'S42436', 'mbcurtis', '2013-02-21', '11:41:01'),
(869, '4', 'S12250', 'mbcurtis', '2013-02-21', '11:41:06'),
(870, '4', 'S42442', 'mbcurtis', '2013-02-21', '11:41:09'),
(871, '4', 'S42448', 'mbcurtis', '2013-02-21', '11:41:51'),
(872, '4', 'S12244', 'mbcurtis', '2013-02-21', '11:41:53'),
(873, '4', 'S17284', 'mbcurtis', '2013-02-21', '11:42:12');
INSERT INTO `scans` (`sid`, `eid`, `barcode`, `volunteer`, `date`, `time`) VALUES
(874, '4', 'S35290', 'mbcurtis', '2013-02-21', '11:42:17'),
(875, '4', 'E67618', 'mbcurtis', '2013-02-21', '11:42:22'),
(876, '4', 'E67642', 'mbcurtis', '2013-02-21', '11:42:25'),
(877, '4', 'E67630', 'mbcurtis', '2013-02-21', '11:42:29'),
(878, '4', 'E72652', 'mbcurtis', '2013-02-21', '11:42:34'),
(879, '4', 'E70480', 'mbcurtis', '2013-02-21', '11:42:38'),
(880, '4', 'E72688', 'mbcurtis', '2013-02-21', '11:42:44'),
(881, '4', 'E67624', 'mbcurtis', '2013-02-21', '11:42:50'),
(882, '4', 'E67636', 'mbcurtis', '2013-02-21', '11:42:53'),
(883, '4', 'E70564', 'mbcurtis', '2013-02-21', '11:43:05'),
(884, '4', 'E77044', 'mbcurtis', '2013-02-21', '11:43:10'),
(885, '4', 'E70588', 'mbcurtis', '2013-02-21', '11:43:14'),
(886, '4', 'E70594', 'mbcurtis', '2013-02-21', '11:43:23'),
(887, '4', 'E70492', 'mbcurtis', '2013-02-21', '11:43:27'),
(888, '4', 'E72694', 'mbcurtis', '2013-02-21', '11:43:36'),
(889, '4', 'E56878', 'mbcurtis', '2013-02-21', '11:43:41'),
(890, '4', 'E67606', 'mbcurtis', '2013-02-21', '11:43:45'),
(891, '4', 'E72658', 'mbcurtis', '2013-02-21', '11:43:48'),
(892, '4', 'E72664', 'mbcurtis', '2013-02-21', '11:43:52'),
(893, '4', 'E56824', 'mbcurtis', '2013-02-21', '11:43:55'),
(894, '4', 'E43228', 'mbcurtis', '2013-02-21', '11:44:08'),
(895, '4', 'E56884', 'mbcurtis', '2013-02-21', '11:44:12'),
(896, '4', 'E72748', 'mbcurtis', '2013-02-21', '11:44:36'),
(897, '4', 'E70510', 'mbcurtis', '2013-02-21', '11:45:07'),
(898, '4', 'E70570', 'mbcurtis', '2013-02-21', '11:45:15'),
(899, '4', 'E73456', 'mathewb', '2013-02-21', '11:45:18'),
(900, '4', 'E67690', 'mathewb', '2013-02-21', '11:45:26'),
(901, '4', 'E67696', 'mbcurtis', '2013-02-21', '11:45:31'),
(902, '4', 'E67684', 'mathewb', '2013-02-21', '11:45:34'),
(903, '4', 'E56860', 'mathewb', '2013-02-21', '11:45:40'),
(904, '4', 'E70546', 'mbcurtis', '2013-02-21', '11:45:40'),
(905, '4', 'E67672', 'mathewb', '2013-02-21', '11:45:46'),
(906, '4', 'E77050', 'mbcurtis', '2013-02-21', '11:45:47'),
(907, '4', 'E70552', 'mbcurtis', '2013-02-21', '11:45:51'),
(908, '4', 'E67648', 'mathewb', '2013-02-21', '11:45:51'),
(909, '4', 'E67678', 'mbcurtis', '2013-02-21', '11:45:56'),
(910, '4', 'E70558', 'mathewb', '2013-02-21', '11:45:58'),
(911, '4', 'E67702', 'mbcurtis', '2013-02-21', '11:46:06'),
(912, '4', 'E77056', 'mathewb', '2013-02-21', '11:46:06'),
(913, '4', 'E70504', 'mathewb', '2013-02-21', '11:46:10'),
(914, '4', 'E72640', 'mathewb', '2013-02-21', '11:46:14'),
(915, '4', 'E72646', 'mbcurtis', '2013-02-21', '11:46:17'),
(916, '4', 'E78508', 'mbcurtis', '2013-02-21', '11:46:22'),
(917, '4', 'E36034', 'mathewb', '2013-02-21', '11:46:23'),
(918, '4', 'E73390', 'mathewb', '2013-02-21', '11:46:36'),
(919, '4', 'E70516', 'mbcurtis', '2013-02-21', '11:46:43'),
(920, '4', 'S42454', 'mbcurtis', '2013-02-21', '11:46:49'),
(921, '4', 'S23068', 'mathewb', '2013-02-21', '11:46:52'),
(922, '4', 'S12190', 'mbcurtis', '2013-02-21', '11:46:56'),
(923, '4', 'E73384', 'mathewb', '2013-02-21', '11:47:00'),
(924, '4', 'S45292', 'mbcurtis', '2013-02-21', '11:47:00'),
(925, '4', 'E73474', 'mathewb', '2013-02-21', '11:47:09'),
(926, '4', 'S18730', 'mbcurtis', '2013-02-21', '11:47:09'),
(927, '4', 'S12904', 'mathewb', '2013-02-21', '11:47:17'),
(928, '4', 'E72700', 'mbcurtis', '2013-02-21', '11:47:19'),
(929, '4', 'E70582', 'mbcurtis', '2013-02-21', '11:47:29'),
(930, '4', 'E72670', 'mathewb', '2013-02-21', '11:47:32'),
(931, '4', 'E67708', 'mbcurtis', '2013-02-21', '11:47:34'),
(932, '4', 'S20902', 'mbcurtis', '2013-02-21', '11:47:43'),
(933, '4', 'E70498', 'mathewb', '2013-02-21', '11:47:43'),
(934, '4', 'E70576', 'mathewb', '2013-02-21', '11:47:49'),
(935, '4', 'S15082', 'mathewb', '2013-02-21', '11:47:58'),
(936, '4', 'S19366', 'mbcurtis', '2013-02-21', '11:47:58'),
(937, '4', 'S17926', 'mbcurtis', '2013-02-21', '11:48:03'),
(938, '4', 'S12160', 'mathewb', '2013-02-21', '11:48:05'),
(939, '4', 'S12196', 'mbcurtis', '2013-02-21', '11:48:07'),
(940, '4', 'S33874', 'mbcurtis', '2013-02-21', '11:48:14'),
(941, '4', 'S28726', 'mathewb', '2013-02-21', '11:48:32'),
(942, '4', 'S34570', 'mbcurtis', '2013-02-21', '11:48:33'),
(943, '4', 'S42460', 'mathewb', '2013-02-21', '11:48:39'),
(944, '4', 'S13636', 'mbcurtis', '2013-02-21', '11:48:41'),
(945, '4', 'S42466', 'mbcurtis', '2013-02-21', '11:48:46'),
(946, '4', 'S12886', 'mathewb', '2013-02-21', '11:48:46'),
(947, '4', 'S34504', 'mbcurtis', '2013-02-21', '11:49:46'),
(948, '4', 'S45328', 'mbcurtis', '2013-02-21', '11:49:59'),
(949, '4', 'S14332', 'mbcurtis', '2013-02-21', '11:50:16'),
(950, '4', 'E72718', 'mbcurtis', '2013-02-21', '11:50:24'),
(951, '4', 'S11548', 'mathewb', '2013-02-21', '11:50:26'),
(952, '4', 'E72682', 'mbcurtis', '2013-02-21', '11:50:31'),
(953, '4', 'E72676', 'mbcurtis', '2013-02-21', '11:50:37'),
(954, '4', 'S17254', 'mathewb', '2013-02-21', '11:50:38'),
(955, '4', 'S24400', 'mbcurtis', '2013-02-21', '11:50:46'),
(956, '4', 'S25906', 'mbcurtis', '2013-02-21', '11:50:50'),
(957, '4', 'S21532', 'mbcurtis', '2013-02-21', '11:51:00'),
(958, '4', 'S14320', 'mbcurtis', '2013-02-21', '11:51:07'),
(959, '4', 'S12256', 'mbcurtis', '2013-02-21', '11:51:29'),
(960, '4', 'S42472', 'mathewb', '2013-02-21', '11:51:30'),
(961, '4', 'S12232', 'mbcurtis', '2013-02-21', '11:51:33'),
(962, '4', 'E70540', 'mathewb', '2013-02-21', '11:51:51'),
(963, '4', 'S34534', 'mbcurtis', '2013-02-21', '11:52:01'),
(964, '4', 'S18670', 'mbcurtis', '2013-02-21', '11:52:55'),
(965, '4', 'S12202', 'mbcurtis', '2013-02-21', '11:53:10'),
(966, '4', 'S23056', 'mbcurtis', '2013-02-21', '11:53:19'),
(967, '4', 'S42478', 'mathewb', '2013-02-21', '11:53:26'),
(968, '4', 'S44596', 'mbcurtis', '2013-02-21', '11:53:28'),
(969, '4', 'S42484', 'mathewb', '2013-02-21', '11:53:29'),
(970, '4', 'S42490', 'mathewb', '2013-02-21', '11:53:38'),
(971, '4', 'S32434', 'mathewb', '2013-02-21', '11:54:14'),
(972, '4', 'S28828', 'mbcurtis', '2013-02-21', '11:54:36'),
(973, '4', 'S22240', 'mathewb', '2013-02-21', '11:55:31'),
(974, '4', 'S11542', 'mbcurtis', '2013-02-21', '11:55:36'),
(975, '4', 'S22312', 'mbcurtis', '2013-02-21', '11:55:58'),
(976, '4', 'S15778', 'mbcurtis', '2013-02-21', '11:57:25'),
(977, '4', 'S42502', 'mathewb', '2013-02-21', '11:57:49'),
(978, '4', 'E72754', 'mbcurtis', '2013-02-21', '11:57:56'),
(979, '4', 'S43120', 'mathewb', '2013-02-21', '11:58:18'),
(980, '4', 'S16486', 'mathewb', '2013-02-21', '11:58:27'),
(981, '4', 'S16492', 'mbcurtis', '2013-02-21', '11:58:49'),
(982, '4', 'S12226', 'mathewb', '2013-02-21', '11:59:09'),
(983, '4', 'S43126', 'mathewb', '2013-02-21', '11:59:33'),
(984, '4', 'S20128', 'mathewb', '2013-02-21', '11:59:39'),
(985, '4', 'S12220', 'mathewb', '2013-02-21', '11:59:44'),
(986, '4', 'S33820', 'mathewb', '2013-02-21', '11:59:50'),
(987, '4', 'S22294', 'mathewb', '2013-02-21', '12:00:09'),
(988, '4', 'S13660', 'mathewb', '2013-02-21', '12:00:17'),
(989, '4', 'S13672', 'mathewb', '2013-02-21', '12:00:21'),
(990, '4', 'S31648', 'mathewb', '2013-02-21', '12:00:25'),
(991, '4', 'S31660', 'mathewb', '2013-02-21', '12:00:31'),
(992, '4', 's20824', 'mbcurtis', '2013-02-21', '12:01:31'),
(993, '4', 'S11536', 'mathewb', '2013-02-21', '12:01:34'),
(994, '4', 'S43138', 'mathewb', '2013-02-21', '12:01:39'),
(995, '4', 'S43888', 'mbcurtis', '2013-02-21', '12:01:41'),
(996, '4', 'S33058', 'mathewb', '2013-02-21', '12:01:44'),
(997, '4', 'S35212', 'mbcurtis', '2013-02-21', '12:01:47'),
(998, '4', 'S43150', 'mathewb', '2013-02-21', '12:03:05'),
(999, '4', 'S12214', 'mathewb', '2013-02-21', '12:03:09'),
(1000, '4', 'E73438', 'mbcurtis', '2013-02-21', '12:03:14'),
(1001, '4', 'S12208', 'mathewb', '2013-02-21', '12:03:19'),
(1002, '4', 'S43948', 'mbcurtis', '2013-02-21', '12:03:25'),
(1003, '4', 'S17920', 'mbcurtis', '2013-02-21', '12:03:54'),
(1004, '4', 'S43144', 'mathewb', '2013-02-21', '12:04:11'),
(1005, '4', 'S41794', 'mbcurtis', '2013-02-21', '12:04:12'),
(1006, '4', 'S43162', 'mathewb', '2013-02-21', '12:04:17'),
(1007, '4', 'S43156', 'mbcurtis', '2013-02-21', '12:04:21'),
(1008, '4', 'S43168', 'mathewb', '2013-02-21', '12:04:26'),
(1009, '4', 'S31708', 'mbcurtis', '2013-02-21', '12:04:28'),
(1010, '4', 'S43132', 'mathewb', '2013-02-21', '12:04:36'),
(1011, '4', 'S34588', 'mbcurtis', '2013-02-21', '12:04:40'),
(1012, '4', 'S45316', 'mbcurtis', '2013-02-21', '12:05:35'),
(1013, '4', 'S43192', 'mbcurtis', '2013-02-21', '12:06:34'),
(1014, '4', 'S41680', 'mathewb', '2013-02-21', '12:06:55'),
(1015, '4', 'S43180', 'mathewb', '2013-02-21', '12:07:11'),
(1016, '4', 'S22978', 'mathewb', '2013-02-21', '12:07:19'),
(1017, '4', 'S41686', 'mbcurtis', '2013-02-21', '12:07:30'),
(1018, '4', 'S43198', 'mathewb', '2013-02-21', '12:07:30'),
(1019, '4', 'S43234', 'mathewb', '2013-02-21', '12:08:15'),
(1020, '4', 'S41782', 'mathewb', '2013-02-21', '12:08:19'),
(1021, '4', 'S41776', 'mathewb', '2013-02-21', '12:08:28'),
(1022, '4', 'S43204', 'mbcurtis', '2013-02-21', '12:08:50'),
(1023, '4', 'S41692', 'mbcurtis', '2013-02-21', '12:10:47'),
(1024, '4', 'S33790', 'mbcurtis', '2013-02-21', '12:11:15'),
(1025, '4', 'S45352', 'mathewb', '2013-02-21', '12:11:51'),
(1026, '4', 'S23026', 'mbcurtis', '2013-02-21', '12:12:09'),
(1027, '4', 'S45394', 'mathewb', '2013-02-21', '12:12:13'),
(1028, '4', 'S40960', 'mathewb', '2013-02-21', '12:12:28'),
(1029, '4', 'S18022', 'mbcurtis', '2013-02-21', '12:12:48'),
(1030, '4', 'S40354', 'mbcurtis', '2013-02-21', '12:12:53'),
(1031, '4', 'S41704', 'mathewb', '2013-02-21', '12:12:59'),
(1032, '4', 'S27394', 'mathewb', '2013-02-21', '12:13:08'),
(1033, '4', 'S40966', 'mathewb', '2013-02-21', '12:13:14'),
(1034, '4', 'S41710', 'mbcurtis', '2013-02-21', '12:13:27'),
(1035, '4', 'S40348', 'mathewb', '2013-02-21', '12:13:37'),
(1036, '4', 'S40972', 'mbcurtis', '2013-02-21', '12:13:39'),
(1037, '4', 'S43222', 'mbcurtis', '2013-02-21', '12:14:34'),
(1038, '4', 'S40978', 'mathewb', '2013-02-21', '12:14:35'),
(1039, '4', 'S43210', 'mathewb', '2013-02-21', '12:14:42'),
(1040, '4', 'S40342', 'mbcurtis', '2013-02-21', '12:14:47'),
(1041, '4', 'S41770', 'mbcurtis', '2013-02-21', '12:14:52'),
(1042, '4', 'S40336', 'mathewb', '2013-02-21', '12:14:58'),
(1043, '4', 'S40984', 'mathewb', '2013-02-21', '12:15:01'),
(1044, '4', 'S41764', 'mbcurtis', '2013-02-21', '12:15:17'),
(1045, '4', 'S40990', 'mbcurtis', '2013-02-21', '12:15:21'),
(1046, '4', 'S17950', 'mathewb', '2013-02-21', '12:15:23'),
(1047, '4', 'S40996', 'mbcurtis', '2013-02-21', '12:15:50'),
(1048, '4', 'S30220', 'mbcurtis', '2013-02-21', '12:16:01'),
(1049, '4', 'S40330', 'mbcurtis', '2013-02-21', '12:16:18'),
(1050, '4', 'S41716', 'mbcurtis', '2013-02-21', '12:16:24'),
(1051, '4', 'S29530', 'mbcurtis', '2013-02-21', '12:16:38'),
(1052, '4', 'S40324', 'mbcurtis', '2013-02-21', '12:17:10'),
(1053, '4', 's41722', 'mbcurtis', '2013-02-21', '12:17:34'),
(1054, '4', 'S41758', 'mbcurtis', '2013-02-21', '12:17:59'),
(1055, '4', 'S20908', 'mbcurtis', '2013-02-21', '12:18:04'),
(1056, '4', 'S41014', 'mbcurtis', '2013-02-21', '12:18:09'),
(1057, '4', 'S40240', 'mbcurtis', '2013-02-21', '12:18:25'),
(1058, '4', 'S22330', 'mbcurtis', '2013-02-21', '12:18:32'),
(1059, '4', 'S21610', 'mbcurtis', '2013-02-21', '12:18:36'),
(1060, '4', 'S21616', 'mbcurtis', '2013-02-21', '12:18:46'),
(1061, '4', 'S41020', 'mbcurtis', '2013-02-21', '12:18:50'),
(1062, '4', 'S30934', 'mbcurtis', '2013-02-21', '12:18:59'),
(1063, '4', 'S41752', 'mbcurtis', '2013-02-21', '12:19:02'),
(1064, '4', 'S40318', 'mbcurtis', '2013-02-21', '12:19:05'),
(1065, '4', 'S41026', 'mbcurtis', '2013-02-21', '12:19:10'),
(1066, '4', 'S17974', 'mbcurtis', '2013-02-21', '12:19:17'),
(1067, '4', 'S41728', 'mbcurtis', '2013-02-21', '12:19:27'),
(1068, '4', 'S40312', 'mbcurtis', '2013-02-21', '12:19:37'),
(1069, '4', 'S41032', 'mbcurtis', '2013-02-21', '12:19:47'),
(1070, '4', 'S40246', 'mbcurtis', '2013-02-21', '12:20:47'),
(1071, '4', 'S41038', 'mbcurtis', '2013-02-21', '12:21:25'),
(1072, '4', 'S41734', 'mbcurtis', '2013-02-21', '12:21:32'),
(1073, '4', 'S19456', 'mbcurtis', '2013-02-21', '12:21:36'),
(1074, '4', 'S43186', 'mbcurtis', '2013-02-21', '12:21:41'),
(1075, '4', 'S40306', 'mbcurtis', '2013-02-21', '12:21:58'),
(1076, '4', 'S41740', 'mbcurtis', '2013-02-21', '12:22:30'),
(1077, '4', 'S41044', 'mbcurtis', '2013-02-21', '12:22:36'),
(1078, '4', 'S40300', 'mbcurtis', '2013-02-21', '12:22:40'),
(1079, '4', 'S33796', 'mbcurtis', '2013-02-21', '12:22:55'),
(1080, '4', 'S28810', 'mbcurtis', '2013-02-21', '12:22:59'),
(1081, '4', 'S41746', 'mbcurtis', '2013-02-21', '12:23:11'),
(1082, '4', 'S41050', 'mbcurtis', '2013-02-21', '12:23:16'),
(1083, '4', 'S40252', 'mbcurtis', '2013-02-21', '12:23:25'),
(1084, '4', 'S41056', 'mbcurtis', '2013-02-21', '12:23:29'),
(1085, '4', 'S39634', 'mbcurtis', '2013-02-21', '12:23:36'),
(1086, '4', 'S16534', 'mbcurtis', '2013-02-21', '12:23:52'),
(1087, '4', 'S41068', 'mbcurtis', '2013-02-21', '12:24:29'),
(1088, '4', 'S41062', 'mbcurtis', '2013-02-21', '12:24:43'),
(1089, '4', 'S40258', 'mbcurtis', '2013-02-21', '12:24:47'),
(1090, '4', 'S42496', 'mbcurtis', '2013-02-21', '12:24:53'),
(1091, '4', 'S39628', 'mbcurtis', '2013-02-21', '12:24:57'),
(1092, '4', 'S40264', 'mbcurtis', '2013-02-21', '12:25:08'),
(1093, '4', 'S33868', 'mbcurtis', '2013-02-21', '12:25:12'),
(1094, '4', 'S15772', 'mbcurtis', '2013-02-21', '12:25:17'),
(1095, '4', 'S44566', 'mbcurtis', '2013-02-21', '12:25:27'),
(1096, '4', 'S20890', 'mbcurtis', '2013-02-21', '12:25:36'),
(1097, '4', 'S17218', 'mbcurtis', '2013-02-21', '12:25:40'),
(1098, '4', 'S33850', 'mbcurtis', '2013-02-21', '12:25:44'),
(1099, '4', 'S22336', 'mbcurtis', '2013-02-21', '12:26:34'),
(1100, '4', 'S39616', 'mbcurtis', '2013-02-21', '12:26:37'),
(1101, '4', 'S38194', 'mbcurtis', '2013-02-21', '12:26:42'),
(1102, '4', 'S45334', 'mbcurtis', '2013-02-21', '12:27:34'),
(1103, '4', 'E73396', 'mbcurtis', '2013-02-21', '12:27:46'),
(1104, '4', 'S32350', 'mbcurtis', '2013-02-21', '12:27:59'),
(1105, '4', 'S38188', 'mbcurtis', '2013-02-21', '12:28:06'),
(1106, '4', 'S40288', 'mbcurtis', '2013-02-21', '12:28:19'),
(1107, '4', 'S25192', 'mbcurtis', '2013-02-21', '12:28:40'),
(1108, '4', 'S40294', 'mbcurtis', '2013-02-21', '12:28:50'),
(1109, '4', 'S39622', 'mbcurtis', '2013-02-21', '12:28:54'),
(1110, '4', 'S43954', 'mbcurtis', '2013-02-21', '12:29:01'),
(1111, '4', 'S13666', 'mbcurtis', '2013-02-21', '12:29:10'),
(1112, '4', 'S41698', 'mbcurtis', '2013-02-21', '12:29:23'),
(1113, '4', 'S38080', 'mbcurtis', '2013-02-21', '12:29:28'),
(1114, '4', 'S18652', 'mbcurtis', '2013-02-21', '12:29:31'),
(1115, '4', 'S38182', 'mbcurtis', '2013-02-21', '12:29:48'),
(1116, '4', 'S32380', 'mbcurtis', '2013-02-21', '12:30:12'),
(1117, '4', 'E67600', 'mbcurtis', '2013-02-21', '12:30:22'),
(1118, '4', 'S38176', 'mbcurtis', '2013-02-21', '12:30:26'),
(1119, '4', 'S19408', 'mbcurtis', '2013-02-21', '12:30:37'),
(1120, '4', 'S33154', 'mbcurtis', '2013-02-21', '12:30:45'),
(1121, '4', 'S20098', 'mbcurtis', '2013-02-21', '12:30:56'),
(1122, '4', 'S37360', 'mbcurtis', '2013-02-21', '12:31:03'),
(1123, '4', 'S38086', 'mbcurtis', '2013-02-21', '12:31:15'),
(1124, '4', 'S39550', 'mbcurtis', '2013-02-21', '12:31:20'),
(1125, '4', 'S37474', 'mbcurtis', '2013-02-21', '12:31:28'),
(1126, '4', 'S40276', 'mbcurtis', '2013-02-21', '12:31:34'),
(1127, '4', 'S39538', 'mbcurtis', '2013-02-21', '12:31:44'),
(1128, '4', 'S39532', 'mbcurtis', '2013-02-21', '12:31:53'),
(1129, '4', 'S39520', 'mbcurtis', '2013-02-21', '12:31:57'),
(1130, '4', 'S38092', 'mbcurtis', '2013-02-21', '12:32:06'),
(1131, '4', 'S40270', 'mbcurtis', '2013-02-21', '12:32:16'),
(1132, '4', 'S38098', 'mbcurtis', '2013-02-21', '12:32:37'),
(1133, '4', 'S19402', 'mbcurtis', '2013-02-21', '12:32:41'),
(1134, '4', 'S36754', 'mbcurtis', '2013-02-21', '12:32:47'),
(1135, '4', 'S39544', 'mbcurtis', '2013-02-21', '12:32:56'),
(1136, '4', 's29542', 'mbcurtis', '2013-02-21', '12:33:15'),
(1137, '4', 'S20170', 'mbcurtis', '2013-02-21', '12:33:21'),
(1138, '4', 'S33064', 'mbcurtis', '2013-02-21', '12:33:30'),
(1139, '4', 'S21538', 'mbcurtis', '2013-02-21', '12:33:34'),
(1140, '4', 'S33070', 'mbcurtis', '2013-02-21', '12:33:46'),
(1141, '4', 'S37366', 'mbcurtis', '2013-02-21', '12:34:02'),
(1142, '4', 'S37468', 'mbcurtis', '2013-02-21', '12:34:10'),
(1143, '4', 'S38110', 'mbcurtis', '2013-02-21', '12:34:17'),
(1144, '4', 'S37372', 'mbcurtis', '2013-02-21', '12:34:30'),
(1145, '4', 'S33094', 'mbcurtis', '2013-02-21', '12:34:37'),
(1146, '4', 'S33844', 'mbcurtis', '2013-02-21', '12:34:45'),
(1147, '4', 'S38116', 'mbcurtis', '2013-02-21', '12:34:48'),
(1148, '4', 'S36748', 'mbcurtis', '2013-02-21', '12:34:56'),
(1149, '4', 'S36736', 'mbcurtis', '2013-02-21', '12:35:09'),
(1150, '4', 'S20086', 'mbcurtis', '2013-02-21', '12:35:20'),
(1151, '4', 'S26572', 'mbcurtis', '2013-02-21', '12:35:32'),
(1152, '4', 'S25234', 'mbcurtis', '2013-02-21', '12:35:44'),
(1153, '4', 'S33082', 'mbcurtis', '2013-02-21', '12:35:55'),
(1154, '4', 'S24436', 'mbcurtis', '2013-02-21', '12:36:04'),
(1155, '4', 'E73450', 'mbcurtis', '2013-02-21', '12:36:17'),
(1156, '4', 'S37378', 'mathewb', '2013-02-21', '12:37:15'),
(1157, '4', 'S11530', 'mbcurtis', '2013-02-21', '12:37:34'),
(1158, '4', 'S38170', 'mathewb', '2013-02-21', '12:37:36'),
(1159, '4', 'S40282', 'mbcurtis', '2013-02-21', '12:37:43'),
(1160, '4', 'S37384', 'mbcurtis', '2013-02-21', '12:37:49'),
(1161, '4', 'S36742', 'mathewb', '2013-02-21', '12:37:49'),
(1162, '4', 'S26656', 'mbcurtis', '2013-02-21', '12:37:56'),
(1163, '4', 'S25852', 'mathewb', '2013-02-21', '12:38:03'),
(1164, '4', 'S28786', 'mbcurtis', '2013-02-21', '12:38:04'),
(1165, '4', 'S33778', 'mbcurtis', '2013-02-21', '12:38:10'),
(1166, '4', 'S37396', 'mathewb', '2013-02-21', '12:38:17'),
(1167, '4', 'S39556', 'mbcurtis', '2013-02-21', '12:38:17'),
(1168, '4', 'S38158', 'mathewb', '2013-02-21', '12:38:31'),
(1169, '4', 'S39562', 'mbcurtis', '2013-02-21', '12:38:33'),
(1170, '4', 'S28804', 'mbcurtis', '2013-02-21', '12:38:40'),
(1171, '4', 'S36730', 'mathewb', '2013-02-21', '12:38:43'),
(1172, '4', 'S37456', 'mbcurtis', '2013-02-21', '12:38:47'),
(1173, '4', 'S30226', 'mbcurtis', '2013-02-21', '12:39:00'),
(1174, '4', 'S18028', 'mathewb', '2013-02-21', '12:39:21'),
(1175, '4', 'S36706', 'mbcurtis', '2013-02-21', '12:39:25'),
(1176, '4', 'S36646', 'mbcurtis', '2013-02-21', '12:39:35'),
(1177, '4', 'S37462', 'mbcurtis', '2013-02-21', '12:39:49'),
(1178, '4', 'S38164', 'mathewb', '2013-02-21', '12:40:00'),
(1179, '4', 'S21604', 'mbcurtis', '2013-02-21', '12:40:05'),
(1180, '4', 'S36640', 'mathewb', '2013-02-21', '12:40:13'),
(1181, '4', 'S37450', 'mbcurtis', '2013-02-21', '12:40:18'),
(1182, '4', 'S36718', 'mbcurtis', '2013-02-21', '12:40:24'),
(1183, '4', 'S38122', 'mathewb', '2013-02-21', '12:40:26'),
(1184, '4', 'S37402', 'mbcurtis', '2013-02-21', '12:40:33'),
(1185, '4', 'S39586', 'mbcurtis', '2013-02-21', '12:40:39'),
(1186, '4', 'S36712', 'mathewb', '2013-02-21', '12:40:41'),
(1187, '4', 'S38128', 'mbcurtis', '2013-02-21', '12:40:46'),
(1188, '4', 'S33766', 'mathewb', '2013-02-21', '12:40:50'),
(1189, '4', 'S36724', 'mbcurtis', '2013-02-21', '12:40:52'),
(1190, '4', 'S38152', 'mbcurtis', '2013-02-21', '12:40:59'),
(1191, '4', 'S39574', 'mathewb', '2013-02-21', '12:41:01'),
(1192, '4', 'S39568', 'mbcurtis', '2013-02-21', '12:41:08'),
(1193, '4', 'S37408', 'mathewb', '2013-02-21', '12:41:12'),
(1194, '4', 'S38146', 'mbcurtis', '2013-02-21', '12:41:13'),
(1195, '4', 'S39598', 'mbcurtis', '2013-02-21', '12:41:21'),
(1196, '4', 'S39592', 'mathewb', '2013-02-21', '12:41:22'),
(1197, '4', 'S38134', 'mbcurtis', '2013-02-21', '12:41:29'),
(1198, '4', 'S33130', 'mathewb', '2013-02-21', '12:41:36'),
(1199, '4', 'S39604', 'mbcurtis', '2013-02-21', '12:41:44'),
(1200, '4', 'S32386', 'mbcurtis', '2013-02-21', '12:41:54'),
(1201, '4', 'S37414', 'mathewb', '2013-02-21', '12:42:05'),
(1202, '4', 'S36700', 'mbcurtis', '2013-02-21', '12:42:08'),
(1203, '4', 'S39580', 'mbcurtis', '2013-02-21', '12:42:16'),
(1204, '4', 'S36652', 'mathewb', '2013-02-21', '12:42:46'),
(1205, '4', 'S37438', 'mathewb', '2013-02-21', '12:43:02'),
(1206, '4', 'S16582', 'mbcurtis', '2013-02-21', '12:43:05'),
(1207, '4', 'S37444', 'mathewb', '2013-02-21', '12:43:11'),
(1208, '4', 'S38914', 'mbcurtis', '2013-02-21', '12:43:20'),
(1209, '4', 'S37432', 'mathewb', '2013-02-21', '12:43:20'),
(1210, '4', 'S37426', 'mbcurtis', '2013-02-21', '12:43:30'),
(1211, '4', 'S39610', 'mathewb', '2013-02-21', '12:43:35'),
(1212, '4', 'S36694', 'mbcurtis', '2013-02-21', '12:43:41'),
(1213, '4', 'S38908', 'mathewb', '2013-02-21', '12:43:48'),
(1214, '4', 'S37420', 'mbcurtis', '2013-02-21', '12:43:49'),
(1215, '4', 'S36034', 'mbcurtis', '2013-02-21', '12:43:57'),
(1216, '4', 'S36688', 'mathewb', '2013-02-21', '12:44:03'),
(1217, '4', 'S36028', 'mbcurtis', '2013-02-21', '12:44:06'),
(1218, '4', 'S36658', 'mbcurtis', '2013-02-21', '12:44:12'),
(1219, '4', 'S20140', 'mathewb', '2013-02-21', '12:44:18'),
(1220, '4', 'S38896', 'mathewb', '2013-02-21', '12:44:28'),
(1221, '4', 'S38902', 'mathewb', '2013-02-21', '12:44:35'),
(1222, '4', 'S21562', 'mbcurtis', '2013-02-21', '12:44:37'),
(1223, '4', 'S36682', 'mathewb', '2013-02-21', '12:44:49'),
(1224, '4', 'S36022', 'mbcurtis', '2013-02-21', '12:44:56'),
(1225, '4', 'S36016', 'mathewb', '2013-02-21', '12:45:01'),
(1226, '4', 'S35920', 'mbcurtis', '2013-02-21', '12:45:05'),
(1227, '4', 'S17992', 'mbcurtis', '2013-02-21', '12:45:15'),
(1228, '4', 'S32374', 'mbcurtis', '2013-02-21', '12:45:53'),
(1229, '4', 'S36676', 'mbcurtis', '2013-02-21', '12:46:17'),
(1230, '4', 'S38890', 'mbcurtis', '2013-02-21', '12:46:37'),
(1231, '4', 'S38104', 'mbcurtis', '2013-02-21', '12:46:45'),
(1232, '4', 'S26668', 'mbcurtis', '2013-02-21', '12:47:06'),
(1233, '4', 'S36670', 'mbcurtis', '2013-02-21', '12:47:33'),
(1234, '4', 'S18676', 'mbcurtis', '2013-02-21', '12:47:43'),
(1235, '4', 'S35926', 'mbcurtis', '2013-02-21', '12:47:56'),
(1236, '4', 'S36664', 'mbcurtis', '2013-02-21', '12:48:06'),
(1237, '4', 'S38878', 'mbcurtis', '2013-02-21', '12:48:12'),
(1238, '4', 'S24496', 'mbcurtis', '2013-02-21', '12:48:26'),
(1239, '4', 'S38872', 'mbcurtis', '2013-02-21', '12:48:43'),
(1240, '4', 'S36010', 'mbcurtis', '2013-02-21', '12:49:22'),
(1241, '4', 'S35932', 'mathewb', '2013-02-21', '12:49:25'),
(1242, '4', 'S32338', 'mbcurtis', '2013-02-21', '12:49:30'),
(1243, '4', 'S35938', 'mbcurtis', '2013-02-21', '12:49:42'),
(1244, '4', 'S35998', 'mbcurtis', '2013-02-21', '12:50:07'),
(1245, '4', 'S38800', 'mathewb', '2013-02-21', '12:50:12'),
(1246, '4', 'S23794', 'mbcurtis', '2013-02-21', '12:50:16'),
(1247, '4', 'S38806', 'mbcurtis', '2013-02-21', '12:50:53'),
(1248, '4', 'S35962', 'mathewb', '2013-02-21', '12:51:06'),
(1249, '4', 'S12898', 'mbcurtis', '2013-02-21', '12:51:14'),
(1250, '4', 'S38812', 'mathewb', '2013-02-21', '12:51:23'),
(1251, '4', 'S38818', 'mathewb', '2013-02-21', '12:51:41'),
(1252, '4', 'S44584', 'mbcurtis', '2013-02-21', '12:52:18'),
(1253, '4', 'S35956', 'mathewb', '2013-02-21', '12:52:20'),
(1254, '4', 'S17944', 'mathewb', '2013-02-21', '12:52:27'),
(1255, '4', 'S38824', 'mathewb', '2013-02-21', '12:52:45'),
(1256, '4', 'S38830', 'mathewb', '2013-02-21', '12:53:09'),
(1257, '4', 'S38836', 'mathewb', '2013-02-21', '12:54:26'),
(1258, '4', 'S38866', 'mbcurtis', '2013-02-21', '12:54:32'),
(1259, '4', 'S38842', 'mathewb', '2013-02-21', '12:55:46'),
(1260, '4', 'S35944', 'mbcurtis', '2013-02-21', '12:56:56'),
(1261, '4', 'S35950', 'mbcurtis', '2013-02-21', '12:57:25'),
(1262, '4', 'S23746', 'mathewb', '2013-02-21', '12:57:35'),
(1263, '4', 'S38854', 'mathewb', '2013-02-21', '12:57:54'),
(1264, '4', 'S11440', 'mathewb', '2013-02-21', '12:58:02'),
(1265, '4', 'S43924', 'mathewb', '2013-02-21', '12:58:09'),
(1266, '4', 'S21544', 'mathewb', '2013-02-21', '12:59:26'),
(1267, '4', 'S44560', 'mbcurtis', '2013-02-21', '13:00:05'),
(1268, '4', 'S11446', 'mathewb', '2013-02-21', '13:00:56'),
(1269, '4', 'E70522', 'mbcurtis', '2013-02-21', '13:01:33'),
(1270, '4', 'S38848', 'mathewb', '2013-02-21', '13:02:15'),
(1271, '4', 'S11524', 'mathewb', '2013-02-21', '13:03:45'),
(1272, '4', 'S11470', 'mbcurtis', '2013-02-21', '13:03:49'),
(1273, '4', 'S11458', 'mathewb', '2013-02-21', '13:03:53'),
(1274, '4', 'S11464', 'mathewb', '2013-02-21', '13:04:04'),
(1275, '4', 'S22966', 'mbcurtis', '2013-02-21', '13:04:04'),
(1276, '4', 'S30256', 'mathewb', '2013-02-21', '13:07:14'),
(1277, '4', 'S23038', 'mathewb', '2013-02-21', '13:08:27'),
(1278, '4', 'S16576', 'mbcurtis', '2013-02-21', '13:08:27'),
(1279, '4', 'S11476', 'mathewb', '2013-02-21', '13:08:56'),
(1280, '4', 'S38860', 'mbcurtis', '2013-02-21', '13:10:42'),
(1281, '4', 'S24454', 'mbcurtis', '2013-02-21', '13:12:07'),
(1282, '4', 'S30178', 'mbcurtis', '2013-02-21', '13:13:03'),
(1283, '4', 'S11494', 'mbcurtis', '2013-02-21', '13:13:31'),
(1284, '4', 'S11482', 'mbcurtis', '2013-02-21', '13:13:42'),
(1285, '4', 'S11488', 'mbcurtis', '2013-02-21', '13:13:55'),
(1286, '4', 'S11500', 'mathewb', '2013-02-21', '13:14:11'),
(1287, '4', 'S11506', 'mbcurtis', '2013-02-21', '13:14:34'),
(1288, '4', 'S11518', 'mathewb', '2013-02-21', '13:15:41'),
(1289, '4', 'S11512', 'mbcurtis', '2013-02-21', '13:16:28'),
(1290, '4', 'S33772', 'mathewb', '2013-02-21', '13:16:52'),
(1291, '4', 'S10720', 'mbcurtis', '2013-02-21', '13:17:13'),
(1292, '4', 'S10726', 'mathewb', '2013-02-21', '13:17:14'),
(1293, '4', 'S10732', 'mathewb', '2013-02-21', '13:17:44'),
(1294, '4', 'S24442', 'mbcurtis', '2013-02-21', '13:17:53'),
(1295, '4', 'S10738', 'mathewb', '2013-02-21', '13:17:58'),
(1296, '4', 'S17302', 'mathewb', '2013-02-21', '13:18:50'),
(1297, '4', 'S10744', 'mbcurtis', '2013-02-21', '13:18:57'),
(1298, '4', 'S10750', 'mathewb', '2013-02-21', '13:19:21'),
(1299, '4', 'S10762', 'mathewb', '2013-02-21', '13:20:02'),
(1300, '4', 'S10768', 'mbcurtis', '2013-02-21', '13:20:22'),
(1301, '4', 'S25888', 'mathewb', '2013-02-21', '13:20:31'),
(1302, '4', 'S10774', 'mbcurtis', '2013-02-21', '13:20:53'),
(1303, '4', 'S10780', 'mathewb', '2013-02-21', '13:21:26'),
(1304, '4', 'S10810', 'mbcurtis', '2013-02-21', '13:22:15'),
(1305, '4', 'S10798', 'mathewb', '2013-02-21', '13:22:16'),
(1306, '4', 'S27304', 'mbcurtis', '2013-02-21', '13:22:26'),
(1307, '4', 'S10816', 'mathewb', '2013-02-21', '13:22:35'),
(1308, '4', 'S10756', 'mbcurtis', '2013-02-21', '13:23:15'),
(1309, '4', 'S10804', 'mathewb', '2013-02-21', '13:23:23'),
(1310, '4', 'S10822', 'mbcurtis', '2013-02-21', '13:23:30'),
(1311, '4', 'S10786', 'mbcurtis', '2013-02-21', '13:24:27'),
(1312, '4', 'S10792', 'mbcurtis', '2013-02-21', '13:24:33'),
(1313, '4', 'S18646', 'mbcurtis', '2013-02-21', '13:24:51'),
(1314, '4', 'S10000', 'mbcurtis', '2013-02-21', '13:25:24'),
(1315, '4', 'S10828', 'mbcurtis', '2013-02-21', '13:26:01'),
(1316, '4', 'S10834', 'mbcurtis', '2013-02-21', '13:26:07'),
(1317, '4', 'S10006', 'mbcurtis', '2013-02-21', '13:26:26'),
(1318, '4', 'S15154', 'mbcurtis', '2013-02-21', '13:26:41'),
(1319, '4', 'S43936', 'mbcurtis', '2013-02-21', '13:27:44'),
(1320, '4', 'S10114', 'mbcurtis', '2013-02-21', '13:27:53'),
(1321, '4', 'S10078', 'mbcurtis', '2013-02-21', '13:27:58'),
(1322, '4', 'S10102', 'mbcurtis', '2013-02-21', '13:28:01'),
(1323, '4', 'S10042', 'mbcurtis', '2013-02-21', '13:28:05'),
(1324, '4', 'S10054', 'mbcurtis', '2013-02-21', '13:28:11'),
(1325, '4', 'S20092', 'mbcurtis', '2013-02-21', '13:28:19'),
(1326, '4', 'S10012', 'mbcurtis', '2013-02-21', '13:29:06'),
(1327, '4', 'S10060', 'mbcurtis', '2013-02-21', '13:29:42'),
(1328, '4', 'S10090', 'mbcurtis', '2013-02-21', '13:29:50'),
(1329, '4', 'S10066', 'mbcurtis', '2013-02-21', '13:29:57'),
(1330, '4', 'S10108', 'mbcurtis', '2013-02-21', '13:30:04'),
(1331, '4', 'S10036', 'mbcurtis', '2013-02-21', '13:30:09'),
(1332, '4', 'S10048', 'mbcurtis', '2013-02-21', '13:30:19'),
(1333, '4', 'S10096', 'mbcurtis', '2013-02-21', '13:30:24'),
(1334, '4', 'S10018', 'mbcurtis', '2013-02-21', '13:30:39'),
(1335, '4', 'S10024', 'mbcurtis', '2013-02-21', '13:31:41'),
(1336, '4', 'S10072', 'mbcurtis', '2013-02-21', '13:31:47'),
(1337, '4', 'S10084', 'tkeo', '2013-02-21', '13:31:52'),
(1338, '4', 'S10030', 'mbcurtis', '2013-02-21', '13:31:57'),
(1339, '4', 'S44638', 'mbcurtis', '2013-02-21', '13:32:28'),
(1340, '4', 'S45310', 'tkeo', '2013-02-21', '13:35:09'),
(1341, '4', 'S35986', 'tkeo', '2013-02-21', '13:35:15'),
(1342, '4', 'S31624', 'tkeo', '2013-02-21', '13:35:20'),
(1343, '4', 'S23020', 'tkeo', '2013-02-21', '13:36:00'),
(1344, '4', 'S35200', 'tkeo', '2013-02-21', '13:37:27'),
(1345, '4', 'S35980', 'tkeo', '2013-02-21', '13:40:24'),
(1346, '4', 'S35974', 'tkeo', '2013-02-21', '13:42:21'),
(1347, '4', 's19474', 'tkeo', '2013-02-21', '13:43:11'),
(1348, '4', 'S35968', 'tkeo', '2013-02-21', '13:43:26'),
(1349, '4', 'S12988', 'tkeo', '2013-02-21', '13:43:31'),
(1350, '4', 'S30958', 'tkeo', '2013-02-21', '13:43:59'),
(1351, '4', 'S20146', 'tkeo', '2013-02-21', '13:44:54'),
(1352, '4', 'S34510', 'tkeo', '2013-02-21', '13:45:48'),
(1353, '4', 'S30940', 'tkeo', '2013-02-21', '13:46:04'),
(1354, '4', 'E77038', 'tkeo', '2013-02-21', '13:46:33'),
(1355, '4', 'S44572', 'tkeo', '2013-02-21', '13:47:37'),
(1356, '4', 'E77026', 'tkeo', '2013-02-21', '13:50:09'),
(1357, '4', 'S26638', 'tkeo', '2013-02-21', '13:53:58'),
(1358, '4', 'E77020', 'tkeo', '2013-02-21', '13:54:11'),
(1359, '4', 'E71314', 'tkeo', '2013-02-21', '13:54:24'),
(1360, '4', 'E77032', 'tkeo', '2013-02-21', '13:54:59'),
(1361, '4', 'E71308', 'tkeo', '2013-02-21', '13:55:13'),
(1362, '4', 'S20152', 'tkeo', '2013-02-21', '13:55:31'),
(1363, '4', 'S18742', 'tkeo', '2013-02-21', '13:55:42'),
(1364, '4', 'E71302', 'tkeo', '2013-02-21', '13:56:48'),
(1365, '4', 'S33142', 'tkeo', '2013-02-21', '13:56:52'),
(1366, '4', 'S15826', 'tkeo', '2013-02-21', '13:57:05'),
(1367, '4', 'E71290', 'tkeo', '2013-02-21', '13:57:36'),
(1368, '4', 'E71278', 'tkeo', '2013-02-21', '13:58:35'),
(1369, '4', 'E71272', 'tkeo', '2013-02-21', '13:58:45'),
(1370, '4', 'E68320', 'tkeo', '2013-02-21', '13:59:01'),
(1371, '4', 'E71212', 'tkeo', '2013-02-21', '13:59:36'),
(1372, '4', 'S43882', 'tkeo', '2013-02-21', '13:59:46'),
(1373, '4', 'E68326', 'tkeo', '2013-02-21', '13:59:52'),
(1374, '4', 'E71218', 'tkeo', '2013-02-21', '14:00:02'),
(1375, '4', 'S23740', 'tkeo', '2013-02-21', '14:00:08'),
(1376, '4', 'E68332', 'tkeo', '2013-02-21', '14:00:24'),
(1377, '4', 'E68338', 'tkeo', '2013-02-21', '14:00:26'),
(1378, '4', 'E71230', 'tkeo', '2013-02-21', '14:00:27'),
(1379, '4', 'E68344', 'tkeo', '2013-02-21', '14:00:51'),
(1380, '4', 'E71224', 'tkeo', '2013-02-21', '14:01:46'),
(1381, '4', 'S21628', 'tkeo', '2013-02-21', '14:02:15'),
(1382, '4', 'E71242', 'tkeo', '2013-02-21', '14:03:07'),
(1383, '4', 'S12238', 'tkeo', '2013-02-21', '14:03:21'),
(1384, '4', 'S35992', 'tkeo', '2013-02-21', '14:04:04'),
(1385, '4', 'E71296', 'tkeo', '2013-02-21', '14:04:44'),
(1386, '4', 'S23788', 'tkeo', '2013-02-21', '14:04:54'),
(1387, '4', 'E71236', 'tkeo', '2013-02-21', '14:05:07'),
(1388, '4', 'S22246', 'tkeo', '2013-02-21', '14:05:26'),
(1389, '4', 'E71254', 'tkeo', '2013-02-21', '14:05:36'),
(1390, '4', 'S23032', 'tkeo', '2013-02-21', '14:07:38'),
(1391, '4', 'E71266', 'tkeo', '2013-02-21', '14:07:45'),
(1392, '4', 'E71248', 'tkeo', '2013-02-21', '14:07:53'),
(1393, '4', 'E81388', 'tkeo', '2013-02-21', '14:08:03'),
(1394, '4', 'E81394', 'tkeo', '2013-02-21', '14:08:08'),
(1395, '4', 'E71260', 'tkeo', '2013-02-21', '14:08:12'),
(1396, '4', 'E81382', 'tkeo', '2013-02-21', '14:08:20'),
(1397, '7', 'S34498', 'mbcurtis', '2013-02-22', '13:03:00'),
(1398, '7', 'S34588', 'mbcurtis', '2013-02-22', '13:03:42'),
(1399, '6', 'S34588', 'mbcurtis', '2013-02-22', '13:03:59'),
(1400, '8', 'S34588', 'mbcurtis', '2013-02-22', '13:04:08'),
(1401, '6', 'S34498', 'mbcurtis', '2013-02-22', '13:04:17'),
(1402, '8', 'S34498', 'mbcurtis', '2013-02-22', '13:04:23'),
(1403, '7', 'S34540', 'mathewb', '2013-02-22', '17:41:54'),
(1404, '7', 'S28060', 'mathewb', '2013-02-22', '17:42:27'),
(1405, '7', 'S28078', 'mathewb', '2013-02-22', '17:46:38'),
(1406, '7', 'S20848', 'mathewb', '2013-02-22', '17:51:18'),
(1407, '7', 'S41068', 'mathewb', '2013-02-22', '17:51:29'),
(1408, '7', 'S28000', 'mathewb', '2013-02-22', '17:51:48'),
(1409, '7', 'S44560', 'mathewb', '2013-02-22', '17:53:46'),
(1410, '7', 'S28054', 'mathewb', '2013-02-22', '17:59:24'),
(1411, '15', 'S28012', 'stburke', '2013-02-22', '22:04:18'),
(1412, '15', 'S28048', 'stburke', '2013-02-22', '22:04:22'),
(1413, '15', 'S28000', 'stburke', '2013-02-22', '22:04:25'),
(1414, '15', 'S29554', 'stburke', '2013-02-22', '22:04:39'),
(1415, '6', 'S44560', 'tkeo', '2013-02-23', '01:41:26'),
(1416, '6', 'S28048', 'tkeo', '2013-02-23', '01:41:50'),
(1417, '6', 'S28054', 'tkeo', '2013-02-23', '01:42:05'),
(1418, '6', 'S28066', 'tkeo', '2013-02-23', '01:42:44'),
(1419, '6', 'S29554', 'tkeo', '2013-02-23', '01:43:07'),
(1420, '6', 'S21634', 'tkeo', '2013-02-23', '01:46:17'),
(1421, '6', 'S24442', 'tkeo', '2013-02-23', '01:46:35'),
(1422, '6', 'S22348', 'tkeo', '2013-02-23', '01:46:51'),
(1423, '6', 'S23026', 'tkeo', '2013-02-23', '01:47:04'),
(1424, '7', 'S21634', 'tkeo', '2013-02-23', '01:48:27'),
(1425, '8', 'S28048', 'tkeo', '2013-02-23', '12:10:36'),
(1426, '8', 'S28000', 'tkeo', '2013-02-23', '12:10:56'),
(1427, '8', 'S25840', 'tkeo', '2013-02-23', '12:11:18'),
(1428, '8', 'S22348', 'tkeo', '2013-02-23', '12:11:40'),
(1429, '8', 'S22978', 'tkeo', '2013-02-23', '12:12:32'),
(1430, '8', 'S23050', 'tkeo', '2013-02-23', '12:12:50'),
(1431, '8', 'S24400', 'tkeo', '2013-02-23', '12:14:02'),
(1432, '8', 'S18664', 'tkeo', '2013-02-23', '12:15:44'),
(1433, '8', 'S12964', 'tkeo', '2013-02-23', '12:15:56');
-- --------------------------------------------------------
--
-- Truncate table before insert `users`
--
TRUNCATE TABLE `users`;
-- --------------------------------------------------------
--
-- Dumping data for table `users`
--
INSERT INTO `users` (`ucinetid`, `barcode`, `name`, `email`, `major`, `level`, `opt`, `access`, `elig`, `date`, `time`, `volunteer`) VALUES
('stburke', 'S28012', 'Sean Burke', 'stburke@uci.edu', 'Engr EE', 'Senior', 1, 8, 1, '0000-00-00', '00:00:00', '_setup.p'),
('tkeo', 'S34534', 'Timothy Sip Keo', 'tkeo@uci.edu', 'Engr BM', 'Senior', 0, 6, 1, '2013-02-15', '13:05:33', 'stburke'),
('jtlai1', 'N10999', 'Jennifer Thien Trang Lai', 'jtlai1@uci.edu', 'Pol Sci', 'Junior', 1, 2, 1, '2013-02-15', '16:16:00', 'stburke'),
('kushalks', 'S21562', 'Kushal Kishorchandra Shah', 'kushalks@uci.edu', 'Engr AE', 'Senior', 1, 2, 1, '2013-02-15', '16:31:50', ''),
('euc', 'N10293', 'Eli Alejandro Uc', 'euc@uci.edu', 'Engr EE', 'Senior', 0, 2, 1, '2013-02-15', '18:21:42', 'stburke'),
('jpazzi', 'S18022', 'Joseph Edward Pazzi Iii', 'jpazzi@uci.edu', 'Engr BM', 'Senior', 1, 2, 1, '2013-02-15', '19:15:57', ''),
('vmlow', 'S28060', 'Victoria Mariko Low', 'vmlow@uci.edu', 'Engr BM', 'Junior', 1, 2, 1, '2013-02-15', '21:03:37', ''),
('ayecheve', 'S34570', 'Andrea Yvette Echeverria', 'ayecheve@uci.edu', 'Engr CE', 'Junior', 0, 4, 1, '2013-02-15', '21:59:00', ''),
('mxduong', 'S24400', 'May Xuan Duong', 'mxduong@uci.edu', 'Engr CE', 'Junior', 1, 2, 1, '2013-02-16', '14:29:07', ''),
('vgudi', '', 'Varun Shankar Gudi', 'vgudi@uci.edu', 'Engr BMP', 'Senior', 1, 2, 1, '2013-02-16', '21:14:06', ''),
('brookse', 'S28048', 'Elizabeth Kathryn Brooks', 'brookse@uci.edu', 'Engr ME', 'Senior', 0, 6, 1, '2013-02-17', '02:53:36', 'stburke'),
('macp', '', 'Peter Trang Mac', 'macp@uci.edu', 'EngrChm', 'Senior', 1, 2, 1, '2013-02-18', '11:51:09', ''),
('mabazari', 'S34480', 'Melody Nusheen Abazari', 'mabazari@uci.edu', 'Engr BM', 'Junior', 0, 4, 1, '2013-02-18', '19:06:54', ''),
('harrish1', 'S34486', 'Harrison Huang', 'harrish1@uci.edu', 'Engr BM', 'Junior', 0, 4, 1, '2013-02-18', '19:07:02', ''),
('wsing', 'S34558', 'Wyatt Ronald Sing', 'wsing@uci.edu', 'Engr CE', 'Junior', 0, 4, 1, '2013-02-18', '19:07:10', ''),
('ergomez1', 'S10762', 'Eric Rolando Gomez', 'ergomez1@uci.edu', 'Engr ME', 'Junior', 0, 4, 1, '2013-02-18', '19:07:17', ''),
('mathewb', 'S34540', 'Binu Tresa Mathew', 'mathewb@uci.edu', 'Engr AE', 'Junior', 0, 6, 1, '2013-02-18', '19:07:25', ''),
('kpournag', 'S34552', 'Koorosh Kyle Pournaghdi', 'kpournag@uci.edu', 'EngrChm', 'Senior', 0, 4, 1, '2013-02-18', '19:07:33', ''),
('ashirif', 'S34492', 'Amir Mahmoud Shirif', 'ashirif@uci.edu', 'EngrChm', 'Senior', 0, 4, 1, '2013-02-18', '19:07:46', ''),
('alandres', 'S34576', 'Alecxandre Lim Andres', 'alandres@uci.edu', 'Engr ME', 'Senior', 0, 4, 1, '2013-02-18', '19:07:55', ''),
('mbcurtis', 'S34498', 'Matthew Benjamin Curtis', 'mbcurtis@uci.edu', 'EngrBMP', 'Senior', 0, 6, 1, '2013-02-18', '19:08:19', ''),
('mbadrina', 'S34588', 'Maneka Badrinath', 'mbadrina@uci.edu', 'Engr BM', 'Senior', 0, 4, 1, '2013-02-18', '19:44:19', 'stburke'),
('nkoe', 'S27340', 'Nikki Koe', 'nkoe@uci.edu', 'Engr BM', 'Freshman', 1, 2, 1, '2013-02-18', '20:38:43', ''),
('shaloms', 'S25852', 'Shalom Stevenson', 'shaloms@uci.edu', 'Engr BM', 'Senior', 1, 2, 1, '2013-02-18', '21:08:40', ''),
('leungjm', 'S34546', 'Jared Michael Leung', 'leungjm@uci.edu', 'CSE', 'Senior', 1, 2, 1, '2013-02-19', '07:11:16', 'mbcurtis'),
('bhzhou', 'S34594', 'Benjamin Hsiaowei Zhou', 'bhzhou@uci.edu', 'EngrChm', 'Senior', 1, 2, 1, '2013-02-19', '07:12:17', 'mbcurtis'),
('abdinh', 'S34528', 'Alan Bao Dinh', 'abdinh@uci.edu', 'Engr ME', 'Senior', 1, 2, 1, '2013-02-19', '07:12:42', 'mbcurtis'),
('eruedas', 'S34504', 'Elizabeth Ruedas', 'eruedas@uci.edu', 'Engr CE', 'Senior', 1, 2, 1, '2013-02-19', '07:13:13', 'mbcurtis'),
('hphouasa', 'S11548', 'Hyung Sik Bounhom Phouasalit', 'hphouasa@uci.edu', 'Engr BM', 'Senior', 1, 2, 1, '2013-02-19', '07:14:11', 'mbcurtis'),
('jefferd', 'S34510', 'Jefferson Du', 'jefferd@uci.edu', 'Engr CE', 'Senior', 1, 2, 1, '2013-02-19', '07:14:38', 'mbcurtis'),
('nkrodrig', 'S34516', 'Nicole Kristi Rodrigues', 'nkrodrig@uci.edu', 'Engr EE', 'Senior', 1, 2, 1, '2013-02-19', '07:15:21', 'mbcurtis'),
('jhlam', 'S38116', 'Jesse Hou Lam', 'jhlam@uci.edu', 'Engr BM', 'Senior', 1, 2, 1, '2013-02-19', '07:15:51', 'mbcurtis'),
('jluc', 'S28108', 'Joycelin Ying Luc', 'jluc@uci.edu', 'Engr BM', 'Senior', 1, 2, 1, '2013-02-19', '07:19:54', 'mbcurtis'),
('nhegde', 'S28102', 'Nuthan Narasimha Hegde', 'nhegde@uci.edu', 'Engr ME', 'Senior', 1, 2, 1, '2013-02-19', '07:20:16', 'mbcurtis'),
('ksujata', 'S28096', 'Karen Mayuko Sujata', 'ksujata@uci.edu', 'Engr CE', 'Senior', 1, 2, 1, '2013-02-19', '07:20:37', 'mbcurtis'),
('joanney1', 'S28090', 'Joanne Yoo', 'joanney1@uci.edu', 'Engr BM', 'Sophomore', 1, 2, 1, '2013-02-19', '07:20:58', 'mbcurtis'),
('azavar', 'S28084', 'Alireza Zavar', 'azavar@uci.edu', 'Engr ME', 'Senior', 1, 2, 1, '2013-02-19', '07:21:20', 'mbcurtis'),
('dennisam', 'S28078', 'Dennis Adalberto Mendez', 'dennisam@uci.edu', 'Engr BM', 'Junior', 1, 2, 1, '2013-02-19', '07:22:09', 'mbcurtis'),
('ahormaza', 'S28072', 'Alejandra Hormaza', 'ahormaza@uci.edu', 'EngrEnv', 'Sophomore', 1, 2, 1, '2013-02-19', '07:27:03', 'mbcurtis'),
('pkngo', 'S28066', 'Patrick Khoi Ngo', 'pkngo@uci.edu', 'EngrChm', 'Senior', 0, 6, 1, '2013-02-19', '07:42:01', 'mbcurtis'),
('msenneff', 'S28834', 'Michael Dale Senneff', 'msenneff@uci.edu', 'EngrBMP', 'Sophomore', 1, 2, 1, '2013-02-19', '08:02:01', 'mbcurtis'),
('jessichn', 'S28054', 'Jessica Hoang Anh Nguyen', 'jessichn@uci.edu', 'Engr BM', 'Senior', 1, 2, 1, '2013-02-19', '08:19:29', 'mbcurtis'),
('epetross', 'S28000', 'Emily Denice Petrossian', 'epetross@uci.edu', 'Engr EE', 'Senior', 0, 6, 1, '2013-02-19', '08:22:27', 'mbcurtis'),
('beidson', 'S28006', 'Bryan Robert Eidson', 'beidson@uci.edu', 'CSE', 'Senior', 1, 2, 1, '2013-02-19', '08:22:46', 'mbcurtis'),
('apaul1', 'S28042', 'Akshay Paul', 'apaul1@uci.edu', 'Engr BM', 'Senior', 1, 2, 1, '2013-02-19', '08:27:52', 'mbcurtis'),
('jkar', 'S28036', 'Jaydeep Kumar Kar', 'jkar@uci.edu', 'Engr ME', 'Senior', 1, 2, 1, '2013-02-19', '08:49:05', 'mbcurtis'),
('stevenb', 'S14320', 'Steven Bui', 'stevenb@uci.edu', 'EngrChm', 'Senior', 1, 2, 1, '2013-02-19', '08:49:32', 'mbcurtis'),
('rzyang', 'S27394', 'Rena Zing Yu Yang', 'rzyang@uci.edu', 'Engr ME', 'Senior', 1, 2, 1, '2013-02-19', '09:00:39', 'mbcurtis'),
('sergiol', 'S27388', 'Sergio Lopez', 'sergiol@uci.edu', 'EngrCpE', 'Senior', 1, 2, 1, '2013-02-19', '09:00:48', 'mbcurtis'),
('rtramos', 'S27280', 'Raymund Theodore Sagalongos Ramos', 'rtramos@uci.edu', 'EngrCpE', 'Senior', 1, 2, 1, '2013-02-19', '09:01:26', 'mbcurtis'),
('pborrica', 'S27382', 'Patrick James Cruz Borricano', 'pborrica@uci.edu', 'Engr EE', 'Senior', 1, 2, 1, '2013-02-19', '09:01:44', 'mbcurtis'),
('egallarz', 'S27286', 'Emma Josephine Gallarza', 'egallarz@uci.edu', 'Engr BM', 'Senior', 1, 2, 1, '2013-02-19', '09:01:59', 'mbcurtis'),
('asather', 'S27334', 'Andrew John Sather', 'asather@uci.edu', 'Engr EE', 'Senior', 1, 2, 1, '2013-02-19', '09:02:33', 'mbcurtis'),
('psaroha', 'S27376', 'Princeton Saroha', 'psaroha@uci.edu', 'Engr BM', 'Senior', 1, 2, 1, '2013-02-19', '09:03:09', 'mbcurtis'),
('therest', 'S27292', 'Theresa Tran', 'therest@uci.edu', 'Engr ME', 'Senior', 1, 2, 1, '2013-02-19', '09:03:45', 'mbcurtis'),
('hanchelc', 'S27346', 'Hanchel Cheng', 'hanchelc@uci.edu', 'Engr EE', 'Senior', 0, 2, 1, '2013-02-19', '09:04:43', 'mbcurtis'),
('aleeli', 'S27322', 'Alejandro C. Lee Li', 'aleeli@uci.edu', 'Engr ME', 'Senior', 1, 2, 1, '2013-02-19', '09:04:49', 'mbcurtis'),
('iec', 'S14362', 'Clarence Karta Ie', 'iec@uci.edu', 'Engr EE', 'Senior', 1, 2, 1, '2013-02-19', '09:05:37', 'mbcurtis'),
('hooverm', 'S27370', 'Matthew Wilson Hoover', 'hooverm@uci.edu', 'EngrCpE', 'Senior', 1, 2, 1, '2013-02-19', '09:05:47', 'mbcurtis'),
('kbonifac', 'S27304', 'Kristine Rose Francisco Bonifacio', 'kbonifac@uci.edu', 'Engr BM', 'Senior', 1, 2, 1, '2013-02-19', '09:06:16', 'mbcurtis'),
('jichim', 'S27364', 'Max Jichi Mao', 'jichim@uci.edu', 'Engr BM', 'Senior', 1, 2, 1, '2013-02-19', '09:06:34', 'mbcurtis'),
('vojh', 'S27310', 'Jonathan Ha Vo', 'vojh@uci.edu', 'Engr BM', 'Senior', 1, 2, 1, '2013-02-19', '09:07:04', 'mbcurtis'),
('katherl1', 'S27358', 'Katherine Lee', 'katherl1@uci.edu', 'Engr BM', 'Senior', 1, 2, 1, '2013-02-19', '09:07:29', 'mbcurtis'),
('trannv', 'S27316', 'Nhat Van Tran', 'trannv@uci.edu', 'Engr ME', 'Senior', 1, 2, 1, '2013-02-19', '09:07:48', 'mbcurtis'),
('smonsson', 'S27352', 'Stefan A. Monsson', 'smonsson@uci.edu', 'Engr ME', 'Senior', 1, 2, 1, '2013-02-19', '09:08:24', 'mbcurtis'),
('jshubin', 'S26674', 'Jon Anthony Shubin', 'jshubin@uci.edu', 'Engr ME', 'Senior', 1, 2, 1, '2013-02-19', '09:08:37', 'mbcurtis'),
('livingsp', 'S25954', 'Peter Hart Livingston', 'livingsp@uci.edu', 'Engr ME', 'Senior', 1, 2, 1, '2013-02-19', '09:08:58', 'mbcurtis'),
('wgaieck', 'S25840', 'William Gaieck', 'wgaieck@uci.edu', 'EngrMSE', 'Graduate', 1, 2, 1, '2013-02-19', '09:09:46', 'mbcurtis'),
('ewilde', 'S25846', 'Eric Christian Wilde', 'ewilde@uci.edu', 'Engr BM', 'Senior', 1, 2, 1, '2013-02-19', '09:10:14', 'mbcurtis'),
('jedl', 'S25234', 'Jed Jye-ren Lin', 'jedl@uci.edu', 'Engr BM', 'Senior', 0, 8, 1, '2013-02-19', '09:10:17', 'mathewb'),
('ftorklad', 'S26668', 'Faezeh Tork Ladani', 'ftorklad@uci.edu', 'EngrE&C', 'Graduate', 1, 2, 1, '2013-02-19', '09:10:26', 'mbcurtis'),
('rhparker', 'S25858', 'Rochelle Haeleigh Parker', 'rhparker@uci.edu', 'Engr ME', 'Senior', 1, 2, 1, '2013-02-19', '09:11:07', 'mbcurtis'),
('csamaras', 'S26656', 'Charith Anushka Samarasena', 'csamaras@uci.edu', 'Engr BM', 'Senior', 1, 2, 1, '2013-02-19', '09:11:13', 'mbcurtis'),
('irisl', 'S25228', 'Iris Lim', 'irisl@uci.edu', 'Engr CE', 'Senior', 1, 2, 1, '2013-02-19', '09:11:15', 'mathewb'),
('cjcox', 'S25222', 'Carter John Cox', 'cjcox@uci.edu', 'Engr CE', 'Senior', 1, 2, 1, '2013-02-19', '09:11:44', 'mathewb'),
('carolyn', 'S26662', 'Carolyn Ngo', 'carolyn@uci.edu', 'EngrCpE', 'Senior', 1, 2, 1, '2013-02-19', '09:12:02', 'mbcurtis'),
('yijingx1', 'S25864', 'Yijing Xiao', 'yijingx1@uci.edu', 'Engr CE', 'Senior', 1, 2, 1, '2013-02-19', '09:12:16', 'mbcurtis'),
('vincetn4', 'S26650', 'Vincent Thien Minh Nguyen', 'vincetn4@uci.edu', 'EngrEnv', 'Senior', 1, 2, 1, '2013-02-19', '09:12:39', 'mbcurtis'),
('dtran12', 'S25870', 'David Tran', 'dtran12@uci.edu', 'EngrChm', 'Graduate', 1, 2, 1, '2013-02-19', '09:13:05', 'mbcurtis'),
('nmerna', 'S26644', 'Nicholas Joseph Merna', 'nmerna@uci.edu', 'Engr BM', 'Graduate', 1, 2, 1, '2013-02-19', '09:13:27', 'mbcurtis'),
('acrampto', 'S25210', 'Alexandra Leigh Crampton', 'acrampto@uci.edu', 'Engr BM', 'Senior', 1, 2, 1, '2013-02-19', '09:13:38', 'mathewb'),
('aaskari', 'S25876', 'Aria Askari', 'aaskari@uci.edu', 'Engr EE', 'Senior', 1, 2, 1, '2013-02-19', '09:13:52', 'mbcurtis'),
('kromine', 'S26638', 'Karen Diane Romine', 'kromine@uci.edu', 'Engr ME', 'Sophomore', 1, 2, 1, '2013-02-19', '09:14:08', 'mbcurtis'),
('skundu', 'S26632', 'Sharango Kundu', 'skundu@uci.edu', 'Engr AE', 'Senior', 1, 2, 1, '2013-02-19', '09:14:46', 'mbcurtis'),
('noer', 'S25882', 'Noe Rodriguez', 'noer@uci.edu', 'Engr ME', 'Senior', 1, 2, 1, '2013-02-19', '09:14:50', 'mbcurtis'),
('dinicolk', 'S26626', 'Kevin J. Dinicola', 'dinicolk@uci.edu', 'CSE', 'Senior', 1, 2, 1, '2013-02-19', '09:15:17', 'mbcurtis'),
('dannyr', 'S25888', 'Danny Alexander Rodriguez', 'dannyr@uci.edu', 'Engr AE', 'Senior', 1, 2, 1, '2013-02-19', '09:15:24', 'mbcurtis'),
('dlaffert', 'S26620', 'Drew Alan Lafferty', 'dlaffert@uci.edu', 'Engr ME', 'Senior', 1, 2, 1, '2013-02-19', '09:15:48', 'mbcurtis'),
('rajas', 'S25204', 'Sepehr Raja', 'rajas@uci.edu', 'Engr AE', 'Senior', 1, 2, 1, '2013-02-19', '09:15:49', 'mathewb'),
('jitapia', 'S25894', 'Jonathan I. Tapia', 'jitapia@uci.edu', 'Engr CE', 'Senior', 1, 2, 1, '2013-02-19', '09:15:59', 'mbcurtis'),
('khok', 'S26614', 'Kevin Ong Kho', 'khok@uci.edu', 'Engr AE', 'Senior', 1, 2, 1, '2013-02-19', '09:16:22', 'mbcurtis'),
('ghaddon', 'S25198', 'Garrison David Haddon', 'ghaddon@uci.edu', 'Engr AE', 'Senior', 1, 2, 1, '2013-02-19', '09:16:29', 'mathewb'),
('smtorres', 'S13696', 'Stephani Michelle Torres', 'smtorres@uci.edu', 'EngrEnv', 'Senior', 1, 2, 1, '2013-02-19', '09:16:32', 'mbcurtis'),
('mjchung1', 'S26608', 'Michael Jin Chung', 'mjchung1@uci.edu', 'Engr AE', 'Senior', 1, 2, 1, '2013-02-19', '09:16:49', 'mbcurtis'),
('ewengert', 'S25906', 'Eric John Wengert', 'ewengert@uci.edu', 'Engr AE', 'Junior', 1, 2, 1, '2013-02-19', '09:17:07', 'mbcurtis'),
('jkshah', 'S25192', 'Jainam Kishorchandra Shah', 'jkshah@uci.edu', 'Engr EE', 'Senior', 1, 2, 1, '2013-02-19', '09:17:11', 'mathewb'),
('fbendana', 'S26602', 'Fabio Andres Bendana', 'fbendana@uci.edu', 'Engr AE', 'Senior', 1, 2, 1, '2013-02-19', '09:17:32', 'mbcurtis'),
('hbanh', 'S25948', 'Hugo Banh', 'hbanh@uci.edu', 'Engr AE', 'Senior', 1, 2, 1, '2013-02-19', '09:17:54', 'mbcurtis'),
('jparcell', 'S26596', 'John Paul Parcell', 'jparcell@uci.edu', 'Engr AE', 'Senior', 1, 2, 1, '2013-02-19', '09:17:55', 'mbcurtis'),
('chentiaw', 'S25186', 'Chentian Weng', 'chentiaw@uci.edu', 'EngrE&C', 'Graduate', 1, 2, 1, '2013-02-19', '09:18:17', 'mathewb'),
('yufein', 'S26590', 'Yufei Ni', 'yufein@uci.edu', 'Engr BM', 'Graduate', 1, 2, 1, '2013-02-19', '09:18:21', 'mbcurtis'),
('adieteri', 'S25942', 'Andrew Nicholas Dieterich', 'adieteri@uci.edu', 'Engr AE', 'Senior', 1, 2, 1, '2013-02-19', '09:18:37', 'mbcurtis'),
('bhatiag', 'S25180', 'Gurleen Kaur Bhatia', 'bhatiag@uci.edu', 'Engr CE', 'Senior', 1, 2, 1, '2013-02-19', '09:18:57', 'mathewb'),
('jglouie', 'S25936', 'John Gi Louie', 'jglouie@uci.edu', 'Engr EE', 'Senior', 1, 2, 1, '2013-02-19', '09:19:08', 'mbcurtis'),
('mshibley', 'S26560', 'Eric Shibley', 'mshibley@uci.edu', 'Engr CE', 'Senior', 1, 2, 1, '2013-02-19', '09:19:23', 'mbcurtis'),
('lukb', 'S29488', 'Beatrix Chan Luk', 'lukb@uci.edu', 'Engr EE', 'Senior', 0, 2, 1, '2013-02-19', '09:19:40', 'mbcurtis'),
('atrentac', 'S25174', 'Andrew Anthony Trentacoste Ii', 'atrentac@uci.edu', 'Engr EE', 'Senior', 1, 2, 1, '2013-02-19', '09:19:52', 'mathewb'),
('cling', 'S26566', 'Christopher Clinton Ray Ling', 'cling@uci.edu', 'Engr EE', 'Senior', 1, 2, 1, '2013-02-19', '09:19:54', 'mbcurtis'),
('linyix', 'S25924', 'Linyi Xia', 'linyix@uci.edu', 'Engr EE', 'Senior', 1, 2, 1, '2013-02-19', '09:20:10', 'mbcurtis'),
('micheh1', 'S26572', 'Michelle Hwang', 'micheh1@uci.edu', 'Engr BM', 'Senior', 1, 2, 1, '2013-02-19', '09:20:26', 'mbcurtis'),
('imikkili', 'S11530', 'Indrani Mikkilineni', 'imikkili@uci.edu', 'Engr BM', 'Senior', 1, 2, 1, '2013-02-19', '09:20:40', 'mbcurtis'),
('acrobins', 'S26584', 'Ashley Christine Robinson', 'acrobins@uci.edu', 'EngrChm', 'Senior', 1, 2, 1, '2013-02-19', '09:21:01', 'mbcurtis'),
('bshergil', 'S25168', 'Bhupinder Singh Shergill', 'bshergil@uci.edu', 'Engr BM', 'Graduate', 1, 2, 1, '2013-02-19', '09:21:02', 'mathewb'),
('antonela', 'S25918', 'Andrea Antonello', 'antonela@uci.edu', 'Engr AE', 'Senior', 1, 2, 1, '2013-02-19', '09:21:29', 'mbcurtis'),
('vbiggs', 'S25162', 'Victoria N. Biggs', 'vbiggs@uci.edu', 'EngrEnv', 'Senior', 1, 2, 1, '2013-02-19', '09:21:39', 'mathewb'),
('lameri', 'S23680', 'Lydia Nezhat Ameri', 'lameri@uci.edu', 'Engr ME', 'Senior', 1, 2, 1, '2013-02-19', '09:22:12', 'mbcurtis'),
('woov', 'S25156', 'Victor Woo', 'woov@uci.edu', 'Engr ME', 'Senior', 1, 2, 1, '2013-02-19', '09:22:18', 'mathewb'),
('narioj', 'S26578', 'Joel Jose Quitlong Nario', 'narioj@uci.edu', 'PhrmSci', 'Senior', 1, 2, 1, '2013-02-19', '09:22:29', 'mbcurtis'),
('yunpenc', 'S23686', 'Danny Nedved Chang', 'yunpenc@uci.edu', 'Engr EE', 'Senior', 1, 2, 1, '2013-02-19', '09:22:58', 'mbcurtis'),
('siowd', 'S23692', 'Daniel Wei Sheng Siow', 'siowd@uci.edu', 'Engr CE', 'Junior', 1, 2, 1, '2013-02-19', '09:23:59', 'mbcurtis'),
('psy', 'S25150', 'Patrick Ang Sy', 'psy@uci.edu', 'EngrChm', 'Senior', 1, 2, 1, '2013-02-19', '09:24:16', 'mathewb'),
('danieljm', 'S41794', 'Daniel James Miller', 'danieljm@uci.edu', 'EngrChm', 'Senior', 1, 2, 1, '2013-02-19', '09:24:36', 'mbcurtis'),
('pgabot', 'S23698', 'Paul Coyoca Gabot', 'pgabot@uci.edu', 'EngrChm', 'Senior', 1, 2, 1, '2013-02-19', '09:24:43', 'mbcurtis'),
('luongmj', 'S25144', 'Michael Jason Luong', 'luongmj@uci.edu', 'Engr EE', 'Senior', 1, 2, 1, '2013-02-19', '09:25:08', 'mathewb'),
('morrowd', 'S14368', 'Donald Clayton Morrow Iii', 'morrowd@uci.edu', 'EngrChm', 'Senior', 1, 2, 1, '2013-02-19', '09:25:12', 'mbcurtis'),
('pndo', 'S25138', 'Patrick Nt Do', 'pndo@uci.edu', 'CSE', 'Senior', 1, 2, 1, '2013-02-19', '09:25:36', 'mathewb'),
('mbeto', 'S24430', 'Michael Ross Beto', 'mbeto@uci.edu', 'EngrChm', 'Senior', 1, 2, 1, '2013-02-19', '09:26:15', 'mbcurtis'),
('leone', 'S15784', 'Emanuel Diaz Leon', 'leone@uci.edu', 'EngrChm', 'Senior', 1, 2, 1, '2013-02-19', '09:26:16', 'mathewb'),
('mvigliar', 'S23704', 'Michael Anthony Vigliarolo', 'mvigliar@uci.edu', 'EngrChm', 'Senior', 1, 2, 1, '2013-02-19', '09:26:20', 'mbcurtis'),
('msindaha', 'S24418', 'Michael David Sindaha', 'msindaha@uci.edu', 'EngrChm', 'Senior', 1, 2, 1, '2013-02-19', '09:26:52', 'mbcurtis'),
('jkoo4', 'S25126', 'Jason Koo', 'jkoo4@uci.edu', 'Engr CE', 'Senior', 1, 2, 1, '2013-02-19', '09:27:00', 'mathewb'),
('jpanzari', 'S23710', 'Jason Frank Panzarino', 'jpanzari@uci.edu', 'EngrMAE', 'Graduate', 1, 2, 1, '2013-02-19', '09:27:04', 'mbcurtis'),
('davefeng', 'S24424', 'David Feng', 'davefeng@uci.edu', 'Engr ME', 'Junior', 1, 2, 1, '2013-02-19', '09:27:30', 'mbcurtis'),
('cfaraci', 'S23716', 'Christina Lynn Faraci', 'cfaraci@uci.edu', 'Engr AE', 'Senior', 1, 2, 1, '2013-02-19', '09:27:36', 'mbcurtis'),
('jrhunt', 'S25120', 'Joseph Robert Hunt', 'jrhunt@uci.edu', 'EngrChm', 'Senior', 1, 2, 1, '2013-02-19', '09:27:56', 'mathewb'),
('nblo', 'S23722', 'Nicholas Brandon Lo', 'nblo@uci.edu', 'Engr CE', 'Senior', 1, 2, 1, '2013-02-19', '09:28:06', 'mbcurtis'),
('sjaganna', 'S24436', 'Shilpa Vasantha Jagannath', 'sjaganna@uci.edu', 'Engr BM', 'Senior', 1, 2, 1, '2013-02-19', '09:28:18', 'mbcurtis'),
('linh2', 'S22960', 'Jeff Lin Huang', 'linh2@uci.edu', 'Engr CE', 'Junior', 1, 2, 1, '2013-02-19', '09:28:32', 'mathewb'),
('rsupan', 'S23728', 'Ricardo Manaloto Supan', 'rsupan@uci.edu', 'Engr CE', 'Senior', 1, 2, 1, '2013-02-19', '09:28:42', 'mbcurtis'),
('isamare', 'S24442', 'Isamar Escobar', 'isamare@uci.edu', 'Engr CE', 'Senior', 1, 2, 1, '2013-02-19', '09:28:49', 'mbcurtis'),
('samantn', 'S22966', 'Samantha Nguyen', 'samantn@uci.edu', 'Engr CE', 'Senior', 1, 2, 1, '2013-02-19', '09:29:08', 'mathewb'),
('meganal', 'S24448', 'Megan Ann Lam', 'meganal@uci.edu', 'Engr CE', 'Senior', 1, 2, 1, '2013-02-19', '09:29:21', 'mbcurtis'),
('pcaguioa', 'S23734', 'Pj Caguioa', 'pcaguioa@uci.edu', 'Engr CE', 'Senior', 1, 2, 1, '2013-02-19', '09:29:33', 'mbcurtis'),
('tgocke', 'S23074', 'Thomas Edward Gocke', 'tgocke@uci.edu', 'Engr CE', 'Graduate', 1, 2, 1, '2013-02-19', '09:29:43', 'mathewb'),
('ksisouk', 'S24454', 'Keane Sisouk', 'ksisouk@uci.edu', 'Engr CE', 'Senior', 1, 2, 1, '2013-02-19', '09:29:51', 'mbcurtis'),
('mchengcu', 'S23740', 'Maverick Buhain Chengcuenca', 'mchengcu@uci.edu', 'Engr CE', 'Senior', 1, 2, 1, '2013-02-19', '09:30:01', 'mbcurtis'),
('rlozada', 'S24460', 'Raul Lozada Jr.', 'rlozada@uci.edu', 'Engr CE', 'Senior', 1, 2, 1, '2013-02-19', '09:30:24', 'mbcurtis'),
('lboucher', 'S23746', 'Lucas Raphael Boucher', 'lboucher@uci.edu', 'Engr CE', 'Junior', 1, 2, 1, '2013-02-19', '09:30:40', 'mbcurtis'),
('mwagstaf', 'S23068', 'Matthew James Wagstaff', 'mwagstaf@uci.edu', 'Engr CE', 'Senior', 1, 2, 1, '2013-02-19', '09:30:55', 'mathewb'),
('cmcalpin', 'S24466', 'Caitlin Jane McAlpine', 'cmcalpin@uci.edu', 'EngrEnv', 'Junior', 0, 2, 1, '2013-02-19', '09:30:56', 'mbcurtis'),
('mquinone', 'S23752', 'Melissa Cristina Quinonez', 'mquinone@uci.edu', 'Engr CE', 'Senior', 1, 2, 1, '2013-02-19', '09:31:17', 'mbcurtis'),
('jbegley', 'S24472', 'Jessica Ann Begley', 'jbegley@uci.edu', 'Engr CE', 'Junior', 1, 2, 1, '2013-02-19', '09:31:24', 'mbcurtis'),
('kadao', 'S23062', 'Kevin Anh Dao', 'kadao@uci.edu', 'Engr CE', 'Senior', 1, 2, 1, '2013-02-19', '09:31:34', 'mathewb'),
('tyniguez', 'S23758', 'Tyler Glicerio Yniguez', 'tyniguez@uci.edu', 'Engr CE', 'Senior', 1, 2, 1, '2013-02-19', '09:32:04', 'mbcurtis'),
('andren4', 'S24478', 'Andrew Hoang Phuc Nguyen', 'andren4@uci.edu', 'Engr EE', 'Senior', 1, 2, 1, '2013-02-19', '09:32:16', 'mbcurtis'),
('estanden', 'S23764', 'Ethan Ryan Lawrence Standen', 'estanden@uci.edu', 'Engr CE', 'Senior', 1, 2, 1, '2013-02-19', '09:32:57', 'mbcurtis'),
('asiddiqu', 'S24484', 'Abdullah Sharafuddin Siddiqui', 'asiddiqu@uci.edu', 'EngrBMP', 'Senior', 1, 2, 1, '2013-02-19', '09:33:02', 'mbcurtis'),
('amarti12', 'S24490', 'Angelica N. Martinez', 'amarti12@uci.edu', 'Engr CE', 'Senior', 1, 2, 1, '2013-02-19', '09:33:33', 'mbcurtis'),
('emirnate', 'S23770', 'Ehsan Mirnateghi', 'emirnate@uci.edu', 'EngrMAE', 'Graduate', 1, 2, 1, '2013-02-19', '09:33:43', 'mbcurtis'),
('andyvn', 'S23050', 'Andy Viet Nguyen', 'andyvn@uci.edu', 'Engr CE', 'Senior', 1, 2, 1, '2013-02-19', '09:34:00', 'mathewb'),
('scatubig', 'S24496', 'Stephanie Santos Catubig', 'scatubig@uci.edu', 'Engr CE', 'Senior', 1, 2, 1, '2013-02-19', '09:34:09', 'mbcurtis'),
('hsujt', 'S23776', 'Joan Tingwei Hsu', 'hsujt@uci.edu', 'Engr CE', 'Senior', 1, 2, 1, '2013-02-19', '09:34:25', 'mbcurtis'),
('maynigom', 'S23044', 'Marlo Loresco Maynigo', 'maynigom@uci.edu', 'Engr CE', 'Senior', 1, 2, 1, '2013-02-19', '09:34:57', 'mathewb'),
('tkwok', 'S24502', 'Travis Jarn-hay Kwok', 'tkwok@uci.edu', 'Engr CE', 'Junior', 1, 2, 1, '2013-02-19', '09:35:04', 'mbcurtis'),
('hnwilson', 'S23782', 'Heidi Nicole Wilson', 'hnwilson@uci.edu', 'Engr CE', 'Senior', 1, 2, 1, '2013-02-19', '09:35:06', 'mbcurtis'),
('yalek', 'S23038', 'Yale Joo Kim', 'yalek@uci.edu', 'Engr CE', 'Senior', 1, 2, 1, '2013-02-19', '09:35:43', 'mathewb'),
('kreichmu', 'S23794', 'Karl W. Reichmuth', 'kreichmu@uci.edu', 'Engr CE', 'Junior', 1, 2, 1, '2013-02-19', '09:35:43', 'mbcurtis'),
('libbyj', 'S24508', 'James Andrew Libby', 'libbyj@uci.edu', 'EngrEnv', 'Junior', 1, 2, 1, '2013-02-19', '09:35:47', 'mbcurtis'),
('cjduncan', 'S23788', 'Cody John Duncan', 'cjduncan@uci.edu', 'EngrEnv', 'Senior', 1, 2, 1, '2013-02-19', '09:36:28', 'mbcurtis'),
('emehrabi', 'S33052', 'Edvard Mehrabian-adekan', 'emehrabi@uci.edu', 'Engr CE', 'Senior', 1, 2, 1, '2013-02-19', '09:36:29', 'mbcurtis'),
('rayromlo', 'S23032', 'Ramin Ayromloo', 'rayromlo@uci.edu', 'Engr CE', 'Senior', 1, 2, 1, '2013-02-19', '09:36:36', 'mathewb'),
('skhosra1', 'S22354', 'Sina Khosravi', 'skhosra1@uci.edu', 'Engr CE', 'Senior', 1, 2, 1, '2013-02-19', '09:37:03', 'mbcurtis'),
('jgjimene', 'S21634', 'Jose Gabriel Jimenez Jr.', 'jgjimene@uci.edu', 'Engr CE', 'Senior', 1, 2, 1, '2013-02-19', '09:37:14', 'mbcurtis'),
('alejang2', 'S23026', 'Alejandro Gonzalez', 'alejang2@uci.edu', 'Engr CE', 'Senior', 1, 2, 1, '2013-02-19', '09:37:19', 'mathewb'),
('carrila1', 'S21628', 'Alma Carrillo', 'carrila1@uci.edu', 'Engr CE', 'Senior', 1, 2, 1, '2013-02-19', '09:37:53', 'mbcurtis'),
('acuellar', 'S22348', 'Adalberto Cuellar Franco', 'acuellar@uci.edu', 'Engr CE', 'Senior', 1, 2, 1, '2013-02-19', '09:37:55', 'mbcurtis'),
('dsaleh', 'S23020', 'Dina Ziba Saleh', 'dsaleh@uci.edu', 'Engr CE', 'Senior', 1, 2, 1, '2013-02-19', '09:38:17', 'mathewb'),
('tuckerjj', 'S21622', 'Justin James Tucker', 'tuckerjj@uci.edu', 'Engr CE', 'Senior', 1, 2, 1, '2013-02-19', '09:38:35', 'mbcurtis'),
('tbondar', 'S22342', 'Tatsiana Bondar', 'tbondar@uci.edu', 'Engr CE', 'Senior', 1, 2, 1, '2013-02-19', '09:38:53', 'mbcurtis'),
('bqluu', 'S22336', 'Brian Quoc Luu', 'bqluu@uci.edu', 'EngrChm', 'Junior', 1, 2, 1, '2013-02-19', '09:39:21', 'mbcurtis'),
('tcruicks', 'S23014', 'Tyler Ian Cruickshank', 'tcruicks@uci.edu', 'Engr CE', 'Senior', 1, 2, 1, '2013-02-19', '09:39:22', 'mathewb'),
('mrcruz', 'S21616', 'Melinda Rose Cruz', 'mrcruz@uci.edu', 'Engr CE', 'Senior', 1, 2, 1, '2013-02-19', '09:39:56', 'mbcurtis'),
('kennett', 'S23008', 'Kenneth Tan', 'kennett@uci.edu', 'Engr CE', 'Junior', 1, 2, 1, '2013-02-19', '09:39:57', 'mathewb'),
('martam', 'S22330', 'Marta Eloiza Mendoza', 'martam@uci.edu', 'EngrEnv', 'Senior', 1, 2, 1, '2013-02-19', '09:40:14', 'mbcurtis'),
('vpaneto', 'S21610', 'Vanessa Eileen Paneto', 'vpaneto@uci.edu', 'Engr CE', 'Senior', 1, 2, 1, '2013-02-19', '09:40:24', 'mbcurtis'),
('medinagj', 'S22324', 'Guillermo J. Medina', 'medinagj@uci.edu', 'Engr CE', 'Freshman', 1, 2, 1, '2013-02-19', '09:40:44', 'mbcurtis'),
('hingoran', 'S21604', 'Sonum Rajan Hingorani', 'hingoran@uci.edu', 'CSE', 'Sophomore', 1, 2, 1, '2013-02-19', '09:40:51', 'mbcurtis'),
('bterpeni', 'S23002', 'Bradley Warren Terpening', 'bterpeni@uci.edu', 'Engr CE', 'Senior', 1, 2, 1, '2013-02-19', '09:41:04', 'mathewb'),
('catong', 'S22318', 'Candace April Tong', 'catong@uci.edu', 'Engr CE', 'Junior', 1, 2, 1, '2013-02-19', '09:41:13', 'mbcurtis'),
('achanpra', 'S22996', 'Arthur Chanprakrit', 'achanpra@uci.edu', 'Engr CE', 'Senior', 1, 2, 1, '2013-02-19', '09:41:32', 'mathewb'),
('weiweic', 'S22312', 'Weiwei Chen', 'weiweic@uci.edu', 'CS&S', 'Graduate', 1, 2, 1, '2013-02-19', '09:41:42', 'mbcurtis'),
('jchinchi', 'S21598', 'Jeffrey Orlando Chinchilla', 'jchinchi@uci.edu', 'Engr CE', 'Senior', 1, 2, 1, '2013-02-19', '09:41:45', 'mbcurtis'),
('hkorkis', 'S22306', 'Hasmik Korkis', 'hkorkis@uci.edu', 'Engr CE', 'Senior', 1, 2, 1, '2013-02-19', '09:42:16', 'mbcurtis'),
('dplaza', 'S22300', 'Derek Scott Plaza', 'dplaza@uci.edu', 'Engr CE', 'Senior', 1, 2, 1, '2013-02-19', '09:42:47', 'mbcurtis'),
('malleym', 'S21592', 'Melinda Jane Dees Malley', 'malleym@uci.edu', 'Enr MSE', 'Senior', 1, 2, 1, '2013-02-19', '09:42:48', 'mbcurtis'),
('swatis', 'S22294', 'Swati Sharma', 'swatis@uci.edu', 'EngrMMT', 'Graduate', 1, 2, 1, '2013-02-19', '09:43:11', 'mbcurtis'),
('chenchuk', 'S22984', 'Tim Chen-chun Kang', 'chenchuk@uci.edu', 'EngrCpE', 'Graduate', 1, 2, 1, '2013-02-19', '09:43:13', 'mathewb'),
('cantong', 'S21586', 'Giulia Canton', 'cantong@uci.edu', 'EngrMMT', 'Graduate', 1, 2, 1, '2013-02-19', '09:43:38', 'mbcurtis'),
('mallahvi', 'S22288', 'Mahdieh Allahviranloo', 'mallahvi@uci.edu', 'Engr CE', 'Graduate', 1, 2, 1, '2013-02-19', '09:43:39', 'mbcurtis'),
('kina', 'S22978', 'Andrew Lee Kin', 'kina@uci.edu', 'Engr CE', 'Senior', 1, 2, 1, '2013-02-19', '09:43:58', 'mathewb'),
('brunov', 'S22282', 'Bruno Vu', 'brunov@uci.edu', 'Engr ME', 'Senior', 1, 2, 1, '2013-02-19', '09:44:04', 'mbcurtis'),
('bhalbach', 'S21580', 'Benjamin Joseph Halbach', 'bhalbach@uci.edu', 'Engr CE', 'Senior', 1, 2, 1, '2013-02-19', '09:44:10', 'mbcurtis'),
('jritkes', 'S22276', 'Jordan Alexander Ritkes', 'jritkes@uci.edu', 'Engr AE', 'Senior', 1, 2, 1, '2013-02-19', '09:44:41', 'mbcurtis'),
('kostera', 'S21574', 'Alexander Seth Koster', 'kostera@uci.edu', 'Engr EE', 'Senior', 1, 2, 1, '2013-02-19', '09:44:42', 'mbcurtis'),
('ksale', 'S22270', 'Kevin James Sale', 'ksale@uci.edu', 'Engr AE', 'Senior', 1, 2, 1, '2013-02-19', '09:45:06', 'mbcurtis'),
('rkuehne', 'S21568', 'Ryan Christopher Kuehne', 'rkuehne@uci.edu', 'Engr ME', 'Graduate', 1, 2, 1, '2013-02-19', '09:45:08', 'mbcurtis'),
('allisosr', 'S22264', 'Allison Stacy Rodriguez', 'allisosr@uci.edu', 'Engr CE', 'Junior', 1, 2, 1, '2013-02-19', '09:45:38', 'mbcurtis'),
('kevinhn', 'S20914', 'Kevin Hieu Nguyen', 'kevinhn@uci.edu', 'Engr CE', 'Senior', 1, 2, 1, '2013-02-19', '09:45:50', 'mathewb'),
('garibaym', 'S22258', 'Miguel Garibay Jr.', 'garibaym@uci.edu', 'Engr CE', 'Senior', 1, 2, 1, '2013-02-19', '09:46:19', 'mbcurtis'),
('pooriam', 'S21556', 'Pooria Mohammadiyaghni', 'pooriam@uci.edu', 'CS&S', 'Graduate', 1, 2, 1, '2013-02-19', '09:46:46', 'mbcurtis'),
('aeghbal', 'S22252', 'Ashkan Eghbal', 'aeghbal@uci.edu', 'CS&S', 'Graduate', 1, 2, 1, '2013-02-19', '09:47:10', 'mbcurtis'),
('hashouri', 'S20908', 'Hamed Ashouri Talouki', 'hashouri@uci.edu', 'Engr CE', 'Graduate', 1, 2, 1, '2013-02-19', '09:47:31', 'mbcurtis'),
('alicekr', 'S22240', 'Alice Kristin Robinson', 'alicekr@uci.edu', 'EngrEnv', 'Graduate', 1, 2, 1, '2013-02-19', '09:49:38', 'mbcurtis'),
('elisabem', 'S21520', 'Elisabet Martin', 'elisabem@uci.edu', 'CSE', 'Faculty/Staff', 1, 2, 1, '2013-02-19', '09:50:19', 'mbcurtis'),
('aamelire', 'S14332', 'Amir Pasha Ameli Renani', 'aamelire@uci.edu', 'Engr CE', 'Graduate', 1, 2, 1, '2013-02-19', '09:53:49', 'mbcurtis'),
('kwoks', 'S22246', 'Stephanie Weng-kay Kwok', 'kwoks@uci.edu', 'Engr ME', 'Senior', 1, 2, 1, '2013-02-19', '09:54:36', 'mbcurtis'),
('kylecj', 'S21532', 'Kyle Christian Johnson', 'kylecj@uci.edu', 'Engr AE', 'Senior', 1, 2, 1, '2013-02-19', '09:55:09', 'mbcurtis'),
('analsham', 'S20800', 'Abdulaziz N M S N M Alshamma', 'analsham@uci.edu', 'EngrE&C', 'Graduate', 1, 2, 1, '2013-02-19', '09:56:16', 'mbcurtis'),
('tiantiay', 'S21550', 'Tiantian Yang', 'tiantiay@uci.edu', 'Engr CE', 'Graduate', 1, 2, 1, '2013-02-19', '09:56:27', 'mbcurtis'),
('yumengt', 'S20806', 'Yumeng Tao', 'yumengt@uci.edu', 'Engr CE', 'Graduate', 1, 2, 1, '2013-02-19', '09:56:50', 'mbcurtis'),
('engsm', 'S21544', 'Stephanie Michelle Eng', 'engsm@uci.edu', 'CSE', 'Sophomore', 1, 2, 1, '2013-02-19', '09:57:04', 'mbcurtis'),
('jacera', 'S20812', 'Jeffrey Medina Acera', 'jacera@uci.edu', 'Engr BM', 'Freshman', 1, 2, 1, '2013-02-19', '09:58:07', 'mbcurtis'),
('lweiden', 'S20080', 'Laura Weiden', 'lweiden@uci.edu', 'EngrEnv', 'Graduate', 1, 2, 1, '2013-02-19', '09:58:14', 'mbcurtis'),
('mjeung', 'S20818', 'Matthew Kerwin Jeung', 'mjeung@uci.edu', 'EngrEnv', 'Graduate', 1, 2, 1, '2013-02-19', '09:58:42', 'mbcurtis'),
('jcgomez', 'S20086', 'Joseph Chris G. Gomez', 'jcgomez@uci.edu', 'Engr BM', 'Senior', 1, 2, 1, '2013-02-19', '09:59:11', 'mbcurtis'),
('gabreelg', 'S20824', 'Gabreelle Gonzalez', 'gabreelg@uci.edu', 'Engr CE', 'Junior', 1, 2, 1, '2013-02-19', '09:59:19', 'mbcurtis'),
('jljacobo', 'S20830', 'Jose L. Jacobo Jr.', 'jljacobo@uci.edu', 'Engr ME', 'Senior', 1, 2, 1, '2013-02-19', '10:00:37', 'mbcurtis'),
('pdedman', 'S20836', 'Phoebe Elizabeth Dedman', 'pdedman@uci.edu', 'Engr ME', 'Senior', 1, 2, 1, '2013-02-19', '10:01:10', 'mbcurtis'),
('mmk', 'S20842', 'Mazdak Kebria', 'mmk@uci.edu', 'EngrMAE', 'Graduate', 1, 2, 1, '2013-02-19', '10:01:42', 'mbcurtis'),
('jdjohns1', 'S20092', 'Joshua Deloran Johnson', 'jdjohns1@uci.edu', 'Engr ME', 'Senior', 1, 2, 1, '2013-02-19', '10:03:30', 'mbcurtis'),
('amylp', 'S20848', 'Amy Lynn Pham', 'amylp@uci.edu', 'Engr EE', 'Senior', 1, 2, 1, '2013-02-19', '10:03:49', 'mbcurtis'),
('cuevasr', 'S20854', 'Raisa Chavez Cuevas', 'cuevasr@uci.edu', 'EngrCpE', 'Senior', 1, 2, 1, '2013-02-19', '10:04:21', 'mbcurtis'),
('dkunitsk', 'S20098', 'Dmitriy Kunitskiy', 'dkunitsk@uci.edu', 'Philos', 'Senior', 1, 2, 1, '2013-02-19', '10:04:45', 'mbcurtis'),
('rrabbon', 'S20860', 'Ruel Rabbon', 'rrabbon@uci.edu', 'Engr ME', 'Senior', 1, 2, 1, '2013-02-19', '10:04:53', 'mbcurtis'),
('jlaughli', 'S20866', 'John Michael Laughlin', 'jlaughli@uci.edu', 'Engr ME', 'Senior', 1, 2, 1, '2013-02-19', '10:05:32', 'mbcurtis'),
('bcacanin', 'E77038', 'Benjamin Charles Cacanindin', 'bcacanin@uci.edu', 'Anthro', 'Senior', 1, 2, 1, '2013-02-19', '10:05:51', 'mbcurtis'),
('mrsteven', 'S20872', 'Michael Ryan Stevens', 'mrsteven@uci.edu', 'Engr EE', 'Senior', 1, 2, 1, '2013-02-19', '10:05:58', 'mbcurtis'),
('johnk3', 'S41032', 'John Kim', 'johnk3@uci.edu', 'Engr EE', 'Senior', 1, 2, 1, '2013-02-19', '10:06:20', 'mbcurtis'),
('ymjeong', 'S20878', 'Youn Mi Jeong', 'ymjeong@uci.edu', 'Engr EE', 'Senior', 1, 2, 1, '2013-02-19', '10:06:39', 'mbcurtis'),
('ycchoi', 'S20116', 'Young Cheol Choi', 'ycchoi@uci.edu', 'Engr EE', 'Senior', 1, 2, 1, '2013-02-19', '10:07:03', 'mbcurtis'),
('yoshimy', 'S20884', 'Yoshimi Yamamoto', 'yoshimy@uci.edu', 'Engr ME', 'Senior', 1, 2, 1, '2013-02-19', '10:07:19', 'mbcurtis'),
('kyokota', 'S20122', 'Kevin K. Yokota', 'kyokota@uci.edu', 'Engr BM', 'Senior', 1, 2, 1, '2013-02-19', '10:07:37', 'mbcurtis'),
('habtemaa', 'S20890', 'Ananya Mekonnen Habtemariam', 'habtemaa@uci.edu', 'Engr ME', 'Senior', 1, 2, 1, '2013-02-19', '10:07:59', 'mbcurtis'),
('rwong3', 'S20128', 'Ryan Matthew Wong', 'rwong3@uci.edu', 'Engr ME', 'Senior', 1, 2, 1, '2013-02-19', '10:08:17', 'mbcurtis'),
('adngo', 'S20134', 'Amanda Dianne Ngo', 'adngo@uci.edu', 'Engr BM', 'Senior', 1, 2, 1, '2013-02-19', '10:09:01', 'mbcurtis'),
('lshannon', 'S20896', 'Luke Mackenzie Jack Shannon', 'lshannon@uci.edu', 'EngrEnv', 'Graduate', 1, 2, 1, '2013-02-19', '10:09:32', 'mbcurtis'),
('klimtao', 'S20140', 'Kevin Matthew Limtao', 'klimtao@uci.edu', 'Engr BM', 'Senior', 1, 2, 1, '2013-02-19', '10:09:37', 'mbcurtis'),
('dphamle', 'S20902', 'Dennis Pham-le', 'dphamle@uci.edu', 'Engr CE', 'Senior', 1, 2, 1, '2013-02-19', '10:10:13', 'mbcurtis'),
('bteebi', 'S20146', 'Bakr Hani Teebi', 'bteebi@uci.edu', 'Engr BM', 'Senior', 1, 2, 1, '2013-02-19', '10:11:29', 'mbcurtis'),
('yousefa', 'S19474', 'Abdorruhman Yousef', 'yousefa@uci.edu', 'Engr ME', 'Senior', 1, 2, 1, '2013-02-19', '10:11:33', 'mbcurtis'),
('davisct', 'S20152', 'Chase Taylor Davis', 'davisct@uci.edu', 'Engr BM', 'Senior', 1, 2, 1, '2013-02-19', '10:11:55', 'mbcurtis'),
('esomogyi', 'S19360', 'Eric Zoltan Somogyi', 'esomogyi@uci.edu', 'Engr BM', 'Graduate', 1, 2, 1, '2013-02-19', '10:12:10', 'mbcurtis'),
('nkarbala', 'S20158', 'Negar Karbalaee Mohammad', 'nkarbala@uci.edu', 'Engr CE', 'Graduate', 1, 2, 1, '2013-02-19', '10:13:21', 'mbcurtis'),
('gsu', 'S30928', 'Gary Phuong Su', 'gsu@uci.edu', 'Engr BM', 'Senior', 1, 2, 1, '2013-02-19', '10:14:12', 'mbcurtis'),
('cnlai', 'S20170', 'Katherine Lai', 'cnlai@uci.edu', 'EngrChm', 'Sophomore', 1, 2, 1, '2013-02-19', '10:15:04', 'mbcurtis'),
('chient1', 'S20176', 'Tiffany Chien', 'chient1@uci.edu', 'Undclrd', 'Sophomore', 1, 2, 1, '2013-02-19', '10:15:38', 'mbcurtis'),
('mannchuy', 'S20182', 'Mannchuoy Yam', 'mannchuy@uci.edu', 'CSE', 'Senior', 1, 2, 1, '2013-02-19', '10:16:10', 'mbcurtis'),
('emnguyen', 'S20188', 'Eric Minh Hoang Le Nguyen', 'emnguyen@uci.edu', 'Engr BM', 'Senior', 0, 2, 1, '2013-02-19', '10:17:41', 'mbcurtis'),
('rma1', 'S20194', 'Ryan Ma', 'rma1@uci.edu', 'Engr ME', 'Senior', 1, 2, 1, '2013-02-19', '10:18:02', 'mbcurtis'),
('amansour', 'S19366', 'Ali Mansouri', 'amansour@uci.edu', 'Engr ME', 'Senior', 1, 2, 1, '2013-02-19', '10:18:27', 'mbcurtis'),
('atowstop', 'S21538', 'Andrew Towstopiat', 'atowstop@uci.edu', 'Engr BM', 'Senior', 1, 2, 1, '2013-02-19', '10:18:31', 'mbcurtis'),
('lchavezf', 'S19372', 'Lizette Sarahi Chavez Farias', 'lchavezf@uci.edu', 'Engr ME', 'Junior', 1, 2, 1, '2013-02-19', '10:18:52', 'mbcurtis'),
('mcarrico', 'S19468', 'Matthew Cole Carrico', 'mcarrico@uci.edu', 'Engr ME', 'Senior', 1, 2, 1, '2013-02-19', '10:20:15', 'mbcurtis'),
('jhuleis', 'S19378', 'John Nicholas Huleis', 'jhuleis@uci.edu', 'Engr ME', 'Senior', 1, 2, 1, '2013-02-19', '10:20:39', 'mbcurtis'),
('gquinabo', 'S19384', 'Gyssela Jahzarine Guillermo Quinabo', 'gquinabo@uci.edu', 'Engr CE', 'Senior', 1, 2, 1, '2013-02-19', '10:21:20', 'mbcurtis'),
('ammercad', 'S19390', 'Alexander Morgan Mercado', 'ammercad@uci.edu', 'Engr ME', 'Junior', 1, 2, 1, '2013-02-19', '10:21:51', 'mbcurtis'),
('gdy', 'S19396', 'Gentry Ballesteros Dy', 'gdy@uci.edu', 'CSE', 'Senior', 1, 2, 1, '2013-02-19', '10:22:15', 'mbcurtis'),
('dmoshref', 'S19402', 'Darya Moshrefi', 'dmoshref@uci.edu', 'Engr EE', 'Senior', 1, 2, 1, '2013-02-19', '10:24:38', 'mbcurtis'),
('sdell', 'S19408', 'Steven Dell', 'sdell@uci.edu', 'Engr BM', 'Graduate', 1, 2, 1, '2013-02-19', '10:25:26', 'mbcurtis'),
('aheidari', 'S19414', 'Andrew Emon Heidari', 'aheidari@uci.edu', 'Engr BM', 'Graduate', 1, 2, 1, '2013-02-19', '10:25:55', 'mbcurtis'),
('kcutler', 'S18754', 'Kyle Brantley Cutler', 'kcutler@uci.edu', 'Engr BM', 'Graduate', 1, 2, 1, '2013-02-19', '10:26:43', 'ayecheve'),
('inanayak', 'S19420', 'Imaly Anoshka Nanayakkara', 'inanayak@uci.edu', 'Engr BM', 'Graduate', 1, 2, 1, '2013-02-19', '10:26:47', 'mbcurtis'),
('caitlir', 'S19426', 'Caitlin Regan', 'caitlir@uci.edu', 'Engr BM', 'Graduate', 1, 2, 1, '2013-02-19', '10:27:08', 'mbcurtis'),
('tsughrue', 'S14410', 'Trevor Sughrue', 'tsughrue@uci.edu', 'Engr BM', 'Graduate', 1, 2, 1, '2013-02-19', '10:27:30', 'mbcurtis'),
('lintg', 'S18640', 'Tiffany Gee-ting Lin', 'lintg@uci.edu', 'Engr BM', 'Graduate', 1, 2, 1, '2013-02-19', '10:27:34', 'ayecheve'),
('eugenel3', 'S11500', 'Eugene Lee', 'eugenel3@uci.edu', 'Engr BM', 'Graduate', 1, 2, 1, '2013-02-19', '10:27:52', 'mbcurtis'),
('lmejia', 'S10024', 'Luis Rubalcava Mejia', 'lmejia@uci.edu', 'Engr CE', 'Senior', 1, 2, 1, '2013-02-19', '10:29:00', 'ayecheve'),
('djaimes', 'S19444', 'Daniel Jimmy Jaimes', 'djaimes@uci.edu', 'Engr AE', 'Senior', 1, 2, 1, '2013-02-19', '10:29:03', 'mbcurtis'),
('kkarwa', 'S19450', 'Khizar Karwa', 'kkarwa@uci.edu', 'Engr AE', 'Senior', 1, 2, 1, '2013-02-19', '10:29:33', 'mbcurtis'),
('jturcios', 'S19456', 'Jonathan Sergio Turcios', 'jturcios@uci.edu', 'Engr EE', 'Senior', 1, 2, 1, '2013-02-19', '10:31:06', 'mbcurtis'),
('ametulev', 'S18646', 'Aleksandar Metulev', 'ametulev@uci.edu', 'EngrChm', 'Senior', 1, 2, 1, '2013-02-19', '10:31:13', 'ayecheve'),
('ctodmia', 'S19462', 'Carine Bongabih Todmia', 'ctodmia@uci.edu', 'Enr MSE', 'Senior', 1, 2, 1, '2013-02-19', '10:31:57', 'mbcurtis'),
('aeblanco', 'S18034', 'Anthony Emmanuel Blanco', 'aeblanco@uci.edu', 'Engr BM', 'Senior', 1, 2, 1, '2013-02-19', '10:32:58', 'mbcurtis'),
('lucchesb', 'S18742', 'Brianne Michele Lucchesi', 'lucchesb@uci.edu', 'Engr BM', 'Senior', 1, 2, 1, '2013-02-19', '10:35:39', 'ayecheve'),
('amnavarr', 'S18028', 'Andrea Marquez Navarro', 'amnavarr@uci.edu', 'Engr BM', 'Senior', 1, 2, 1, '2013-02-19', '10:35:42', 'mbcurtis'),
('sbumatay', 'S18016', 'Sherilyn Rose Bumatay', 'sbumatay@uci.edu', 'Engr ME', 'Sophomore', 1, 2, 1, '2013-02-19', '10:38:05', 'mbcurtis'),
('tltran1', 'S18010', 'Thanh Le Tran', 'tltran1@uci.edu', 'Engr ME', 'Junior', 1, 2, 1, '2013-02-19', '10:39:57', 'mbcurtis'),
('traceyt', 'S18736', 'Tracey Tien', 'traceyt@uci.edu', 'Engr BM', 'Senior', 1, 2, 1, '2013-02-19', '10:40:08', 'ayecheve'),
('jna1', 'S18004', 'Jessica Na', 'jna1@uci.edu', 'Undclrd', 'Junior', 1, 2, 1, '2013-02-19', '10:40:23', 'mbcurtis'),
('amoussav', 'S18730', 'Ava Moussavi-aghdam', 'amoussav@uci.edu', 'EngrEnv', 'Junior', 1, 2, 1, '2013-02-19', '10:41:03', 'ayecheve'),
('rbarekat', 'S18724', 'Ryan Dustin Barekat', 'rbarekat@uci.edu', 'EngrCpE', 'Junior', 1, 2, 1, '2013-02-19', '10:42:33', 'harrish1'),
('jpto', 'S17992', 'Jeffrey Phillip To', 'jpto@uci.edu', 'EngrCpE', 'Junior', 1, 2, 1, '2013-02-19', '10:42:47', 'mbcurtis'),
('norrisc', 'S18718', 'Christopher Michael Norris', 'norrisc@uci.edu', 'EngrCpE', 'Junior', 1, 2, 1, '2013-02-19', '10:43:03', 'harrish1'),
('jjocson', 'S17986', 'Jonah-micah David Jocson', 'jjocson@uci.edu', 'Engr BM', 'Senior', 1, 2, 1, '2013-02-19', '10:44:45', 'mbcurtis'),
('dcapule', 'S18712', 'Daniel Anthony Capule', 'dcapule@uci.edu', 'EngrChm', 'Senior', 1, 2, 1, '2013-02-19', '10:44:45', 'harrish1'),
('jmibrahi', 'S18652', 'Jamie Mieko Ibrahim', 'jmibrahi@uci.edu', 'Engr ME', 'Junior', 1, 2, 1, '2013-02-19', '10:46:11', 'harrish1'),
('zcampagn', 'S18658', 'Zachary Thomas Campagna', 'zcampagn@uci.edu', 'Engr BM', 'Senior', 1, 2, 1, '2013-02-19', '10:47:06', 'harrish1'),
('gagomez', 'S17980', 'Guillermo Andres Gomez', 'gagomez@uci.edu', 'EngrEnv', 'Graduate', 1, 2, 1, '2013-02-19', '10:47:14', 'mbcurtis'),
('ghovakim', 'S17974', 'Gevorg Hovakimyan', 'ghovakim@uci.edu', 'EngrMAE', 'Graduate', 1, 2, 1, '2013-02-19', '10:47:43', 'mbcurtis'),
('csbecerr', 'S18664', 'Cesar Sadhak Becerril Ramirez', 'csbecerr@uci.edu', 'Engr EE', 'Junior', 1, 2, 1, '2013-02-19', '10:49:18', 'harrish1'),
('palaciok', 'S17968', 'Keila Palacios', 'palaciok@uci.edu', 'EngrChm', 'Senior', 1, 2, 1, '2013-02-19', '10:49:47', 'mbcurtis'),
('atshaw', 'S18670', 'Aaron Tai-lin Shaw', 'atshaw@uci.edu', 'Undclrd', 'Junior', 1, 2, 1, '2013-02-19', '10:51:37', 'harrish1'),
('zongling', 'S18706', 'Zonglin Guo', 'zongling@uci.edu', 'CmptSci', 'Graduate', 1, 2, 1, '2013-02-19', '10:52:23', 'harrish1'),
('ddcobb', 'S17200', 'Danielle Deanne Cobb', 'ddcobb@uci.edu', 'EngrBMP', 'Junior', 1, 2, 1, '2013-02-19', '10:52:59', 'ayecheve'),
('xiaoyum1', 'S18700', 'Xiaoyu Ma', 'xiaoyum1@uci.edu', 'CmptSci', 'Graduate', 1, 2, 1, '2013-02-19', '10:53:04', 'harrish1'),
('racelisj', 'S17206', 'Jairus Eclevia Racelis', 'racelisj@uci.edu', 'Engr ME', 'Senior', 1, 2, 1, '2013-02-19', '10:54:20', 'ayecheve'),
('mmcharle', 'S18676', 'Marcel Malcolm Charles Stephen', 'mmcharle@uci.edu', 'Net Sys', 'Graduate', 1, 2, 1, '2013-02-19', '10:54:20', 'harrish1'),
('sudayamu', 'S17212', 'Siva Udayamurthy', 'sudayamu@uci.edu', 'Engr ME', 'Senior', 1, 2, 1, '2013-02-19', '10:54:59', 'ayecheve'),
('aagaramm', 'S13606', 'Arjun Agaram Mangad', 'aagaramm@uci.edu', 'EngrCpE', 'Graduate', 1, 2, 1, '2013-02-19', '10:55:06', 'harrish1'),
('jkbell', 'S18688', 'Joseph K. S. Bell', 'jkbell@uci.edu', 'Engr ME', 'Senior', 1, 2, 1, '2013-02-19', '10:55:31', 'harrish1'),
('rmhuynh', 'S17218', 'Robert My Huynh', 'rmhuynh@uci.edu', 'Engr ME', '5th Year', 1, 2, 1, '2013-02-19', '10:55:32', 'ayecheve'),
('spasin', 'S18694', 'Sam Man Pasin', 'spasin@uci.edu', 'Engr BM', 'Sophomore', 1, 2, 1, '2013-02-19', '10:56:08', 'harrish1'),
('ipareja', 'S17224', 'Ian Chester Avila Pareja', 'ipareja@uci.edu', 'Engr ME', 'Sophomore', 1, 2, 1, '2013-02-19', '10:56:12', 'ayecheve'),
('mhvasque', 'S17962', 'Matthew Hungria Vasquez', 'mhvasque@uci.edu', 'Engr BM', 'Junior', 1, 2, 1, '2013-02-19', '10:56:31', 'harrish1'),
('jlonner', 'S17230', 'Jonathan Trent Lonner', 'jlonner@uci.edu', 'Engr ME', 'Junior', 1, 2, 1, '2013-02-19', '10:56:55', 'ayecheve'),
('moodiea', 'S17236', 'Andrew Lorne Richard Moodie', 'moodiea@uci.edu', 'Engr ME', 'Senior', 1, 2, 1, '2013-02-19', '10:57:38', 'ayecheve'),
('gahumada', 'S17956', 'George Alexander Ahumada', 'gahumada@uci.edu', 'Engr ME', 'Senior', 1, 2, 1, '2013-02-19', '10:57:46', 'harrish1'),
('ruizje', 'S17242', 'Javier Esteban Ruiz', 'ruizje@uci.edu', 'Engr ME', 'Senior', 1, 2, 1, '2013-02-19', '10:58:22', 'ayecheve'),
('jhsantia', 'S17950', 'Janelle Hugo Santiago', 'jhsantia@uci.edu', 'EngrMAE', 'Graduate', 1, 2, 1, '2013-02-19', '10:58:33', 'harrish1'),
('pverma', 'S17248', 'Prateek Verma', 'pverma@uci.edu', 'EngrCpE', 'Graduate', 1, 2, 1, '2013-02-19', '10:59:22', 'ayecheve'),
('aesposo', 'S17254', 'Andrew Jeremiah Soriano Esposo', 'aesposo@uci.edu', 'EngrBMP', 'Senior', 1, 2, 1, '2013-02-19', '11:00:05', 'ayecheve'),
('vavagyan', 'S17944', 'Vahe Avagyan', 'vavagyan@uci.edu', 'CmptSci', 'Graduate', 1, 2, 1, '2013-02-19', '11:00:20', 'harrish1'),
('magpantr', 'S17260', 'Ronald Janmhar Magpantay', 'magpantr@uci.edu', 'Engr AE', 'Senior', 1, 2, 1, '2013-02-19', '11:01:32', 'ayecheve'),
('gcustodi', 'S17938', 'Gabrielle Seelao Custodio', 'gcustodi@uci.edu', 'Engr CE', 'Senior', 1, 2, 1, '2013-02-19', '11:01:54', 'harrish1'),
('sehsan', 'S17266', 'Seema Mai Ehsan', 'sehsan@uci.edu', 'EngrChm', 'Graduate', 1, 2, 1, '2013-02-19', '11:02:09', 'ayecheve'),
('jangle', 'S17272', 'Jesse Philip Angle', 'jangle@uci.edu', 'EngrMSE', 'Graduate', 1, 2, 1, '2013-02-19', '11:02:29', 'ayecheve'),
('mrsulliv', 'S17920', 'Michael Ryan Sullivan', 'mrsulliv@uci.edu', 'EngrMAE', 'Graduate', 1, 2, 1, '2013-02-19', '11:02:46', 'harrish1'),
('lalonzo', 'S17278', 'Luis Fernando Alonzo', 'lalonzo@uci.edu', 'Engr BM', 'Graduate', 1, 2, 1, '2013-02-19', '11:02:47', 'ayecheve'),
('akindel', 'S17932', 'Alexander James Kindel', 'akindel@uci.edu', 'EngrMAE', 'Graduate', 1, 2, 1, '2013-02-19', '11:03:03', 'harrish1'),
('wcisnero', 'S17284', 'Walter Cisneros Morales', 'wcisnero@uci.edu', 'Engr ME', 'Senior', 1, 2, 1, '2013-02-19', '11:03:20', 'ayecheve'),
('nguyenlj', 'S17926', 'Long John Hoang Nguyen', 'nguyenlj@uci.edu', 'EngrChm', 'Senior', 1, 2, 1, '2013-02-19', '11:04:19', 'harrish1'),
('dorellan', 'S31624', 'Dean Yordan Orellana', 'dorellan@uci.edu', 'EngrChm', 'Senior', 1, 2, 1, '2013-02-19', '11:04:19', 'ayecheve'),
('cacampbe', 'S16480', 'Christopher Allen Campbell', 'cacampbe@uci.edu', 'Enr MSE', 'Senior', 1, 2, 1, '2013-02-19', '11:04:58', 'harrish1'),
('acao', 'S17314', 'Anh Cao', 'acao@uci.edu', 'Engr EE', 'Senior', 1, 2, 1, '2013-02-19', '11:05:09', 'ayecheve'),
('whillhou', 'S17308', 'William Laurens Hillhouse Iii', 'whillhou@uci.edu', 'EngrCpE', 'Senior', 1, 2, 1, '2013-02-19', '11:05:57', 'ayecheve'),
('vmojica', 'S16486', 'Verenice Isabel Mojica', 'vmojica@uci.edu', 'Engr ME', 'Senior', 1, 2, 1, '2013-02-19', '11:06:10', 'harrish1'),
('badillos', 'S16492', 'Salvador Badillo-rios', 'badillos@uci.edu', 'Engr ME', 'Senior', 1, 2, 1, '2013-02-19', '11:06:39', 'harrish1'),
('vjma', 'S17302', 'Victor Justin Ma', 'vjma@uci.edu', 'Undclrd', 'Sophomore', 1, 2, 1, '2013-02-19', '11:06:54', 'ayecheve'),
('siavashe', 'S43120', 'Siavash Ebrahimi', 'siavashe@uci.edu', 'EngrMAE', 'Graduate', 1, 2, 1, '2013-02-19', '11:07:18', 'harrish1'),
('tonyhp', 'S16504', 'Tony Hoang Pham', 'tonyhp@uci.edu', 'Engr ME', 'Senior', 1, 2, 1, '2013-02-19', '11:07:55', 'harrish1'),
('ysantoro', 'S16510', 'Ylenia Santoro', 'ysantoro@uci.edu', 'Engr BM', 'Graduate', 1, 2, 1, '2013-02-19', '11:08:54', 'harrish1'),
('tianminc', 'S29500', 'Tianming Cheng', 'tianminc@uci.edu', 'EngrMSE', 'Graduate', 1, 2, 1, '2013-02-19', '11:08:56', 'ayecheve'),
('arnesanc', 'S16516', 'Cosimo Arnesano', 'arnesanc@uci.edu', 'Engr BM', 'Graduate', 1, 2, 1, '2013-02-19', '11:09:20', 'harrish1'),
('shlo', 'S16522', 'Steven Hong-jen Lo', 'shlo@uci.edu', 'Engr EE', 'Senior', 1, 2, 1, '2013-02-19', '11:09:51', 'harrish1'),
('teddem', 'S15862', 'Marco Tedde', 'teddem@uci.edu', 'EngrE&C', 'Graduate', 1, 2, 1, '2013-02-19', '11:09:53', 'ayecheve'),
('washingl', 'S16528', 'Lamar Isaac Washington', 'washingl@uci.edu', 'Engr ME', 'Senior', 1, 2, 1, '2013-02-19', '11:10:20', 'harrish1'),
('mardymaz', 'S16534', 'Zahra Mardy Mamaghani', 'mardymaz@uci.edu', 'Engr EE', 'Graduate', 1, 2, 1, '2013-02-19', '11:10:46', 'harrish1'),
('sgsanche', 'S16540', 'Spencer Gabriel Sanchez', 'sgsanche@uci.edu', 'Engr CE', 'Senior', 1, 2, 1, '2013-02-19', '11:11:24', 'harrish1'),
('andrewvn', 'S15868', 'Andrew Vinh Nguyen', 'andrewvn@uci.edu', 'Engr CE', 'Senior', 1, 2, 1, '2013-02-19', '11:11:25', 'ayecheve'),
('tcdao', 'S16546', 'Christine Tu Dao', 'tcdao@uci.edu', 'Engr EE', 'Senior', 1, 2, 1, '2013-02-19', '11:12:28', 'harrish1'),
('vuhn1', 'S15856', 'Hung Ngoc Vu', 'vuhn1@uci.edu', 'Engr EE', 'Senior', 1, 2, 1, '2013-02-19', '11:13:05', 'ayecheve'),
('safifi', 'S16552', 'Sabrina S. Afifi', 'safifi@uci.edu', 'Engr BM', 'Sophomore', 1, 2, 1, '2013-02-19', '11:13:08', 'harrish1'),
('carlink', 'S16558', 'Kevin Shou Carlin', 'carlink@uci.edu', 'Engr EE', 'Senior', 1, 2, 1, '2013-02-19', '11:13:50', 'harrish1'),
('kmmorita', 'S15850', 'Kevin Masayoshi Morita', 'kmmorita@uci.edu', 'Engr EE', 'Senior', 1, 2, 1, '2013-02-19', '11:14:20', 'ayecheve'),
('samantaa', 'S16564', 'Anirban Samanta', 'samantaa@uci.edu', 'Engr EE', 'Graduate', 1, 2, 1, '2013-02-19', '11:14:35', 'harrish1'),
('bpolson', 'S14398', 'Brian Polson', 'bpolson@uci.edu', 'EngrChm', 'Senior', 1, 2, 1, '2013-02-19', '11:15:00', 'ayecheve'),
('tdta', 'S16570', 'Tai D. Ta', 'tdta@uci.edu', 'Engr CE', 'Senior', 1, 2, 1, '2013-02-19', '11:15:33', 'harrish1'),
('oortiz', 'S15838', 'Oscar Fermin Ortiz', 'oortiz@uci.edu', 'Engr CE', 'Senior', 1, 2, 1, '2013-02-19', '11:15:55', 'ayecheve'),
('rapides', 'S16576', 'Roanne Bugaoan Apides', 'rapides@uci.edu', 'Engr EE', 'Senior', 1, 2, 1, '2013-02-19', '11:16:06', 'harrish1'),
('bakerdm', 'S15832', 'Darrik Matthew Baker', 'bakerdm@uci.edu', 'EngrEnv', 'Senior', 1, 2, 1, '2013-02-19', '11:16:39', 'ayecheve'),
('akowsar', 'S16582', 'Aumna Kowsar', 'akowsar@uci.edu', 'Engr EE', 'Senior', 1, 2, 1, '2013-02-19', '11:16:48', 'harrish1'),
('gmunozmo', 'S16588', 'Gabriel Jose Munoz-morris', 'gmunozmo@uci.edu', 'Engr CE', 'Senior', 1, 2, 1, '2013-02-19', '11:17:17', 'harrish1'),
('asix', 'S16594', 'Alexander George Six', 'asix@uci.edu', 'Engr CE', 'Senior', 1, 2, 1, '2013-02-19', '11:17:51', 'harrish1'),
('jatinaje', 'S15826', 'Jesse Alexander Tinajero', 'jatinaje@uci.edu', 'EngrMAE', 'Graduate', 1, 2, 1, '2013-02-19', '11:18:05', 'ayecheve'),
('pvasanth', 'S15154', 'Prithviraj Vasanth', 'pvasanth@uci.edu', 'EngrCpE', 'Graduate', 1, 2, 1, '2013-02-19', '11:18:45', 'harrish1'),
('ccase', 'S15820', 'Christopher Jonathan Case', 'ccase@uci.edu', 'EngrChm', 'Senior', 1, 2, 1, '2013-02-19', '11:18:46', 'ayecheve'),
('dsgrant', 'S15148', 'Daniel Scott Grant', 'dsgrant@uci.edu', 'Enr MSE', 'Junior', 1, 2, 1, '2013-02-19', '11:19:25', 'harrish1'),
('wangkp', 'S10786', 'Kevin Peng Wang', 'wangkp@uci.edu', 'Engr ME', 'Senior', 1, 2, 1, '2013-02-19', '11:19:36', 'ayecheve'),
('estradaz', 'S15142', 'Antonio Estrada-zaragoza', 'estradaz@uci.edu', 'Engr ME', 'Sophomore', 1, 2, 1, '2013-02-19', '11:19:53', 'harrish1'),
('daceved1', 'S15136', 'Daniel Adam Acevedo', 'daceved1@uci.edu', 'CmptSci', 'Freshman', 1, 2, 1, '2013-02-19', '11:20:19', 'harrish1'),
('kveliz', 'S15808', 'Kimberly Veliz', 'kveliz@uci.edu', 'Engr BM', 'Freshman', 1, 2, 1, '2013-02-19', '11:20:21', 'ayecheve'),
('raymonej', 'S15130', 'Raymond Earl Jackson Jr.', 'raymonej@uci.edu', 'Bio Sci', 'Sophomore', 1, 2, 1, '2013-02-19', '11:20:52', 'harrish1'),
('gvenneri', 'S15766', 'Giuseppe Paolo Gert Venneri', 'gvenneri@uci.edu', 'EngrMAE', 'Graduate', 1, 2, 1, '2013-02-19', '11:21:18', 'ayecheve'),
('swarilm', 'S29554', 'Swaril Mathur', 'swarilm@uci.edu', 'Engr BM', 'Senior', 0, 6, 1, '2013-02-19', '11:55:37', 'mbcurtis'),
('shayans', 'S44602', 'Shayan Shahbazi', 'shayans@uci.edu', 'EngrChm', 'Senior', 0, 2, 1, '2013-02-19', '19:21:58', ''),
('ifrausto', 'S33832', 'Itzetl Frausto', 'ifrausto@uci.edu', 'Engr BM', 'Sophomore', 1, 2, 1, '2013-02-20', '00:01:38', ''),
('adipasup', 'S36016', 'Anthony Galeon Di Pasupil', 'adipasup@uci.edu', 'Engr CE', 'Senior', 1, 2, 1, '2013-02-20', '03:26:18', ''),
('vismaily', 'S28024', 'Violeta Ismailyan', 'vismaily@uci.edu', 'Engr ME', 'Junior', 1, 2, 1, '2013-02-20', '07:26:45', 'mbcurtis'),
('cokoro', 'S29548', 'Chibuzo Gregory Okoro', 'cokoro@uci.edu', 'Unaffil', 'Junior', 1, 2, 1, '2013-02-20', '09:26:36', 'mbcurtis'),
('changhs', 'S28018', 'Hanna Suejung Chang', 'changhs@uci.edu', 'Engr BM', 'Senior', 1, 2, 1, '2013-02-20', '09:28:36', 'ayecheve'),
('carrilc1', 'S29542', 'Cesar Carrillo', 'carrilc1@uci.edu', 'Engr CE', 'Junior', 1, 2, 1, '2013-02-20', '09:28:36', 'mbcurtis'),
('jiih', 'S15802', 'Ji I. Hwang', 'jiih@uci.edu', 'Engr BM', 'Senior', 1, 2, 1, '2013-02-20', '09:30:17', 'ayecheve'),
('felsingn', 'S15796', 'Natasha Claire Matute Felsinger', 'felsingn@uci.edu', 'Engr BM', 'Senior', 1, 2, 1, '2013-02-20', '09:31:15', 'ayecheve');
INSERT INTO `users` (`ucinetid`, `barcode`, `name`, `email`, `major`, `level`, `opt`, `access`, `elig`, `date`, `time`, `volunteer`) VALUES
('njfernan', 'S15790', 'Nigel John Fernandez', 'njfernan@uci.edu', 'Engr BM', 'Senior', 1, 2, 1, '2013-02-20', '09:32:09', 'ayecheve'),
('jeriksso', 'S29536', 'Johan Erik Eriksson', 'jeriksso@uci.edu', 'Engr CE', 'Senior', 1, 2, 1, '2013-02-20', '09:35:38', 'mbcurtis'),
('jameshp', 'S15772', 'James Hoang Pham', 'jameshp@uci.edu', 'EngrCpE', 'Senior', 1, 2, 1, '2013-02-20', '09:35:38', 'ayecheve'),
('mtvera', 'S15778', 'Matthew Tomas Vera', 'mtvera@uci.edu', 'Engr CE', 'Senior', 1, 2, 1, '2013-02-20', '09:39:10', 'ayecheve'),
('askaris', 'S29530', 'Sina Askari', 'askaris@uci.edu', 'Engr EE', 'Graduate', 1, 2, 1, '2013-02-20', '09:39:52', 'mbcurtis'),
('iloh', 'S28828', 'Izzad Jaihui Loh', 'iloh@uci.edu', 'Engr CE', 'Senior', 1, 2, 1, '2013-02-20', '09:40:16', 'alandres'),
('rpprado', 'S28822', 'Ramon Paulo Dantes Prado', 'rpprado@uci.edu', 'Engr ME', 'Senior', 1, 2, 1, '2013-02-20', '09:42:48', 'ayecheve'),
('xuny', 'S28816', 'Xun Yang', 'xuny@uci.edu', 'CmptSci', 'Graduate', 1, 2, 1, '2013-02-20', '09:45:10', 'alandres'),
('mhuynh', 'S29440', 'Marilyn Huynh', 'mhuynh@uci.edu', 'Eng', 'Faculty/Staff', 1, 2, 1, '2013-02-20', '09:48:32', 'mbcurtis'),
('angelacy', 'S29524', 'Angela C. Yu', 'angelacy@uci.edu', 'Engr CE', 'Senior', 1, 2, 1, '2013-02-20', '09:48:58', 'alandres'),
('nidiart', 'S28720', 'Nicole Marie Idiart', 'nidiart@uci.edu', 'Engr CE', 'Senior', 1, 2, 1, '2013-02-20', '09:49:09', 'ayecheve'),
('jgisi', 'S29482', 'Joshua Daniel Gisi', 'jgisi@uci.edu', 'EngrEnv', 'Senior', 1, 2, 1, '2013-02-20', '09:49:27', 'mbcurtis'),
('jparhusi', 'S28726', 'Jessica Nathania Elizabeth Parhusip', 'jparhusi@uci.edu', 'CSE', 'Sophomore', 1, 2, 1, '2013-02-20', '09:51:33', 'alandres'),
('wlu2', 'S28810', 'Wilson Lu', 'wlu2@uci.edu', 'Engr CE', 'Senior', 1, 2, 1, '2013-02-20', '09:54:25', 'ayecheve'),
('juanz', 'S28732', 'Juan Zavala', 'juanz@uci.edu', 'Engr CE', 'Senior', 1, 2, 1, '2013-02-20', '09:55:04', 'alandres'),
('milanif', 'S28804', 'Faraz Milani', 'milanif@uci.edu', 'Engr EE', 'Senior', 1, 2, 1, '2013-02-20', '09:55:43', 'ayecheve'),
('aojedira', 'S41680', 'Ayodele Ifeoluwa Ojediran', 'aojedira@uci.edu', 'EngrChm', 'Senior', 1, 2, 1, '2013-02-20', '09:59:06', 'alandres'),
('jsvarela', 'S28750', 'Jonathan Sebastian Varela', 'jsvarela@uci.edu', 'Chem', 'Senior', 1, 2, 1, '2013-02-20', '09:59:14', 'ayecheve'),
('ghebriam', 'S28798', 'Michael Ghebrial Fam', 'ghebriam@uci.edu', 'Engr BM', 'Senior', 1, 2, 1, '2013-02-20', '10:00:03', 'ayecheve'),
('chunht', 'S29476', 'William Tseng', 'chunht@uci.edu', 'Engr ME', 'Junior', 1, 2, 1, '2013-02-20', '10:00:06', 'alandres'),
('balane', 'S28792', 'Blake Alexander Lane', 'balane@uci.edu', 'Engr ME', 'Junior', 1, 2, 1, '2013-02-20', '10:01:09', 'ayecheve'),
('nborrell', 'S29446', 'Nicholas Joseph Borrelli', 'nborrell@uci.edu', 'Engr ME', 'Senior', 1, 2, 1, '2013-02-20', '10:01:41', 'alandres'),
('stevew1', 'S28756', 'Steven Wu', 'stevew1@uci.edu', 'Engr ME', 'Junior', 1, 2, 1, '2013-02-20', '10:02:11', 'ayecheve'),
('ctzuheng', 'S29470', 'Tzu-heng Cheng', 'ctzuheng@uci.edu', 'Engr CE', 'Graduate', 1, 2, 1, '2013-02-20', '10:03:03', 'alandres'),
('lhmeng', 'S28762', 'Ling Han Meng', 'lhmeng@uci.edu', 'CmptSci', 'Senior', 1, 2, 1, '2013-02-20', '10:03:31', 'ayecheve'),
('slongj', 'S29518', 'James Slong', 'slongj@uci.edu', 'EngrCpE', 'Junior', 1, 2, 1, '2013-02-20', '10:03:39', 'mbcurtis'),
('tvtaing', 'S11476', 'Thompson Venglee Taing', 'tvtaing@uci.edu', 'Engr ME', 'Senior', 1, 2, 1, '2013-02-20', '10:04:35', 'mbcurtis'),
('binjuew', 'S28768', 'Binjue Wu', 'binjuew@uci.edu', 'EngrEnv', 'Senior', 1, 2, 1, '2013-02-20', '10:05:09', 'ayecheve'),
('rdwilson', 'S29506', 'Ryan David Wilson', 'rdwilson@uci.edu', 'Engr ME', 'Senior', 1, 2, 1, '2013-02-20', '10:05:12', 'mbcurtis'),
('ghaffark', 'S41062', 'Shirin Ghaffarkhan', 'ghaffark@uci.edu', 'Engr ME', 'Junior', 1, 2, 1, '2013-02-20', '10:05:57', 'alandres'),
('mgarci11', 'S28774', 'Michelle Garcia', 'mgarci11@uci.edu', 'Engr CE', 'Senior', 1, 2, 1, '2013-02-20', '10:06:46', 'ayecheve'),
('jesusjr', 'S29494', 'Jesus Jose Ramos', 'jesusjr@uci.edu', 'Engr AE', 'Senior', 1, 2, 1, '2013-02-20', '10:08:02', 'mbcurtis'),
('mlorenzo', 'S29458', 'Matthew Alfonso Collado Lorenzo', 'mlorenzo@uci.edu', 'EngrCpE', 'Senior', 1, 2, 1, '2013-02-20', '10:09:47', 'mbcurtis'),
('faizurr', 'S29464', 'Faiz-ur Rahman', 'faizurr@uci.edu', 'EngrCpE', 'Senior', 1, 2, 1, '2013-02-20', '10:10:26', 'mbcurtis'),
('bsluo', 'S30160', 'Byron S. Luo', 'bsluo@uci.edu', 'EngrCpE', 'Junior', 1, 2, 1, '2013-02-20', '10:11:04', 'alandres'),
('andyw1', 'S30274', 'Andy Wu', 'andyw1@uci.edu', 'EngrCpE', 'Senior', 1, 2, 1, '2013-02-20', '10:11:13', 'mbcurtis'),
('dstaal', 'S28786', 'Devin Nathaniel Staal', 'dstaal@uci.edu', 'EngrCpE', 'Senior', 1, 2, 1, '2013-02-20', '10:11:40', 'ayecheve'),
('alicehc', 'S30166', 'Alice Han Chen', 'alicehc@uci.edu', 'Engr EE', 'Senior', 1, 2, 1, '2013-02-20', '10:12:15', 'alandres'),
('cheanj', 'S30172', 'Jessica Chean', 'cheanj@uci.edu', 'Engr AE', 'Junior', 1, 2, 1, '2013-02-20', '10:12:44', 'mbcurtis'),
('ggrimes', 'S30190', 'Gavin Michael Grimes', 'ggrimes@uci.edu', 'Engr CE', 'Senior', 1, 2, 1, '2013-02-20', '10:14:41', 'alandres'),
('kaiyuay', 'S30196', 'Kaiyuan Yang', 'kaiyuay@uci.edu', 'EngrCpE', 'Graduate', 1, 2, 1, '2013-02-20', '10:16:15', 'mbcurtis'),
('kaoj3', 'S28780', 'Jessica Kao', 'kaoj3@uci.edu', 'Engr ME', 'Junior', 1, 2, 1, '2013-02-20', '10:19:41', 'ayecheve'),
('cyphan', 'S30202', 'Connie Yan Phan', 'cyphan@uci.edu', 'Engr CE', 'Junior', 1, 2, 1, '2013-02-20', '10:19:44', 'alandres'),
('jdejesus', 'S32434', 'Janice Dilag De Jesus', 'jdejesus@uci.edu', 'Engr BM', 'Graduate', 1, 2, 1, '2013-02-20', '10:21:04', 'alandres'),
('clekavic', 'S30184', 'Christian Grant Lekavich', 'clekavic@uci.edu', 'Engr ME', 'Junior', 1, 2, 1, '2013-02-20', '10:21:16', 'mbcurtis'),
('dux1', 'S30994', 'Xin Du', 'dux1@uci.edu', 'Engr EE', 'Graduate', 1, 2, 1, '2013-02-20', '10:23:01', 'mbcurtis'),
('genm', 'S32428', 'Gen Meng', 'genm@uci.edu', 'EngrE&C', 'Graduate', 1, 2, 1, '2013-02-20', '10:23:26', 'alandres'),
('yangc5', 'S30988', 'Chen Yang', 'yangc5@uci.edu', 'EngrE&C', 'Graduate', 1, 2, 1, '2013-02-20', '10:23:43', 'mbcurtis'),
('jymartin', 'S30982', 'Jesseca Yasmin Martinez', 'jymartin@uci.edu', 'Engr CE', 'Junior', 1, 2, 1, '2013-02-20', '10:24:19', 'mbcurtis'),
('dokp', 'S30976', 'Do Keun Park', 'dokp@uci.edu', 'Engr CE', 'Senior', 1, 2, 1, '2013-02-20', '10:24:48', 'mbcurtis'),
('kellyl7', 'S32416', 'Kelly Lin', 'kellyl7@uci.edu', 'EngrMAE', 'Graduate', 1, 2, 1, '2013-02-20', '10:24:52', 'alandres'),
('aarif', 'S40330', 'Arlando Arif', 'aarif@uci.edu', 'Engr CE', 'Senior', 1, 2, 1, '2013-02-20', '10:25:22', 'mbcurtis'),
('ashuba', 'S30964', 'Anastasia Shuba', 'ashuba@uci.edu', 'EngrCpE', 'Senior', 1, 2, 1, '2013-02-20', '10:26:14', 'mbcurtis'),
('abwright', 'S30958', 'Alex Besa Wright', 'abwright@uci.edu', 'Engr ME', 'Senior', 1, 2, 1, '2013-02-20', '10:27:19', 'mbcurtis'),
('cshen3', 'S30952', 'Chao Shen', 'cshen3@uci.edu', 'EngrMAE', 'Graduate', 1, 2, 1, '2013-02-20', '10:29:04', 'alandres'),
('mfarooqu', 'S30946', 'Mohsin Ahmed Farooqui', 'mfarooqu@uci.edu', 'Engr ME', 'Junior', 1, 2, 1, '2013-02-20', '10:31:36', 'alandres'),
('nkirksey', 'S30940', 'Nathan James Kirksey', 'nkirksey@uci.edu', 'Engr ME', 'Senior', 1, 2, 1, '2013-02-20', '10:32:37', 'alandres'),
('schmitzj', 'S30934', 'Jordan William Schmitz', 'schmitzj@uci.edu', 'Engr ME', 'Junior', 0, 2, 1, '2013-02-20', '10:34:15', 'alandres'),
('nchau', 'S30922', 'Natalie Bao Chau', 'nchau@uci.edu', 'Engr ME', 'Senior', 1, 2, 1, '2013-02-20', '10:46:00', 'alandres'),
('gharabea', 'S30880', 'Anais Paulina Gharabegian', 'gharabea@uci.edu', 'Physics', 'Senior', 1, 2, 1, '2013-02-20', '10:49:12', 'alandres'),
('rycheung', 'S32410', 'Renee Yibao Cheung', 'rycheung@uci.edu', 'Enr MSE', 'Senior', 1, 2, 1, '2013-02-20', '10:50:03', 'alandres'),
('ctran13', 'S32404', 'Christine Tran', 'ctran13@uci.edu', 'Engr CE', 'Senior', 1, 2, 1, '2013-02-20', '10:51:09', 'alandres'),
('petersow', 'S31600', 'Willoughby Howard Peterson', 'petersow@uci.edu', 'EngrEnv', 'Senior', 1, 2, 1, '2013-02-20', '10:52:31', 'mbcurtis'),
('dvyang', 'S30268', 'Darren Vincent Yang', 'dvyang@uci.edu', 'EngrBMP', 'Freshman', 1, 2, 1, '2013-02-20', '10:53:55', 'mbcurtis'),
('tcasasol', 'S30178', 'Timothy Sandoval Casasola', 'tcasasol@uci.edu', 'EngrCpE', 'Senior', 1, 2, 1, '2013-02-20', '10:59:36', 'mbcurtis'),
('weihanc', 'S30256', 'Wei-han Chen', 'weihanc@uci.edu', 'Engr ME', 'Senior', 1, 2, 1, '2013-02-20', '11:00:46', 'mbcurtis'),
('rwikert', 'S35278', 'Robert Jacob Wikert', 'rwikert@uci.edu', 'Engr AE', 'Junior', 1, 2, 1, '2013-02-20', '11:01:19', 'mbcurtis'),
('rdjames', 'S32392', 'Ryan Daniel James Jr.', 'rdjames@uci.edu', 'EngrCpE', 'Freshman', 1, 2, 1, '2013-02-20', '11:02:12', 'mbcurtis'),
('dsolorza', 'S30886', 'Diego Alejandro Solorzano', 'dsolorza@uci.edu', 'Engr ME', 'Senior', 1, 2, 1, '2013-02-20', '11:04:16', 'wsing'),
('emannari', 'S30916', 'Eric Francis Mannarino', 'emannari@uci.edu', 'Engr EE', 'Senior', 1, 2, 1, '2013-02-20', '11:05:13', 'wsing'),
('bburchma', 'S30910', 'Blake Allen Burchman', 'bburchma@uci.edu', 'Engr ME', 'Senior', 1, 2, 1, '2013-02-20', '11:05:54', 'wsing'),
('japostol', 'S37360', 'Jon Raphael Calbay Apostol', 'japostol@uci.edu', 'Engr EE', 'Sophomore', 1, 2, 1, '2013-02-20', '11:06:47', 'wsing'),
('jblam', 'S30898', 'John Brandon Lam', 'jblam@uci.edu', 'Engr BM', 'Senior', 1, 2, 1, '2013-02-20', '11:07:29', 'wsing'),
('rmenchac', 'S30250', 'Rio Amanda Menchaca', 'rmenchac@uci.edu', 'Engr EE', 'Junior', 1, 2, 1, '2013-02-20', '11:08:45', 'wsing'),
('slay1', 'S30244', 'Sara Lay', 'slay1@uci.edu', 'Engr CE', 'Junior', 1, 2, 1, '2013-02-20', '11:09:22', 'wsing'),
('svafaeif', 'S31606', 'Shayesteh Vafaeifard', 'svafaeif@uci.edu', 'Engr CE', 'Senior', 1, 2, 1, '2013-02-20', '11:11:22', 'mbcurtis'),
('bmugg', 'S30238', 'Brian James Mugg', 'bmugg@uci.edu', 'Engr ME', 'Junior', 1, 2, 1, '2013-02-20', '11:11:30', 'wsing'),
('ynasr', 'S30232', 'Yazen Ghassan Nasr', 'ynasr@uci.edu', 'CmptSci', 'Junior', 1, 2, 1, '2013-02-20', '11:12:23', 'wsing'),
('clov', 'S30226', 'Chou Gech Lov', 'clov@uci.edu', 'EngrCpE', 'Senior', 1, 2, 1, '2013-02-20', '11:17:52', 'wsing'),
('acooke', 'S32326', 'Abigail Michele Cooke', 'acooke@uci.edu', 'Engr CE', 'Senior', 1, 2, 1, '2013-02-20', '11:18:50', 'mbcurtis'),
('maazs', 'S33088', 'Maaz Syed', 'maazs@uci.edu', 'Engr ME', 'Senior', 1, 2, 1, '2013-02-20', '11:19:47', 'wsing'),
('dyilmaz', 'S32338', 'Derya Fatma Yilmaz', 'dyilmaz@uci.edu', 'Engr BM', 'Senior', 1, 2, 1, '2013-02-20', '11:20:47', 'wsing'),
('shaofeiw', 'S32344', 'Shaofei Wang', 'shaofeiw@uci.edu', 'EngrCpE', 'Graduate', 1, 2, 1, '2013-02-20', '11:22:34', 'wsing'),
('cpoblete', 'S31714', 'Charles Henry Poblete', 'cpoblete@uci.edu', 'Engr AE', 'Senior', 1, 2, 1, '2013-02-20', '11:27:03', 'mbcurtis'),
('dwyckoff', 'S30220', 'Dean Simpson Wyckoff', 'dwyckoff@uci.edu', 'Engr AE', 'Senior', 1, 2, 1, '2013-02-20', '11:27:03', 'wsing'),
('ykchung', 'S32386', 'Yon Kyu Chung', 'ykchung@uci.edu', 'EngrEnv', 'Junior', 1, 2, 1, '2013-02-20', '11:28:07', 'wsing'),
('amagtoto', 'S31708', 'Arlen Dimailig Magtoto Jr.', 'amagtoto@uci.edu', 'Engr AE', 'Junior', 1, 2, 1, '2013-02-20', '11:29:16', 'mbcurtis'),
('wangbm', 'S32380', 'Brandon Michael Wang', 'wangbm@uci.edu', 'EngrBMP', 'Senior', 1, 2, 1, '2013-02-20', '11:29:18', 'wsing'),
('apoorvas', 'S31702', 'Apoorva Shenoy', 'apoorvas@uci.edu', 'EngrCpE', 'Graduate', 1, 2, 1, '2013-02-20', '11:38:25', 'mbcurtis'),
('prprabhu', 'S31696', 'Prasanna Raghavan Prabhu', 'prprabhu@uci.edu', 'EngrCpE', 'Graduate', 1, 2, 1, '2013-02-20', '11:39:14', 'mbcurtis'),
('pattanad', 'S45346', 'Pavan Pattanada', 'pattanad@uci.edu', 'EngrCpE', 'Graduate', 1, 2, 1, '2013-02-20', '11:39:43', 'mbcurtis'),
('ashivapu', 'S31684', 'Achyuth Shivapuja', 'ashivapu@uci.edu', 'EngrCpE', 'Graduate', 1, 2, 1, '2013-02-20', '11:40:10', 'mbcurtis'),
('bpattabh', 'S31678', 'Bharathram Pattabhiraman', 'bpattabh@uci.edu', 'EngrCpE', 'Graduate', 1, 2, 1, '2013-02-20', '11:40:43', 'mbcurtis'),
('kubala', 'S31672', 'Amey Mohan Kubal', 'kubala@uci.edu', 'Engr EE', 'Graduate', 1, 2, 1, '2013-02-20', '11:41:40', 'mbcurtis'),
('aereyes', 'S31666', 'Arlyn Emirze Reyes', 'aereyes@uci.edu', 'Engr CE', 'Senior', 1, 2, 1, '2013-02-20', '11:42:28', 'mbcurtis'),
('raynardr', 'S31660', 'Raynard Ramos', 'raynardr@uci.edu', 'Engr ME', 'Senior', 1, 2, 1, '2013-02-20', '11:43:03', 'mbcurtis'),
('chunks', 'S31654', 'Kevin Sang Chun', 'chunks@uci.edu', 'Engr ME', 'Junior', 1, 2, 1, '2013-02-20', '11:44:19', 'mbcurtis'),
('dschu', 'S31648', 'Danny Shun Ming Chu', 'dschu@uci.edu', 'Engr ME', 'Junior', 1, 2, 1, '2013-02-20', '11:45:03', 'mbcurtis'),
('kteeter', 'S31612', 'Kenneth Edward Teeter', 'kteeter@uci.edu', 'Engr CE', 'Senior', 1, 2, 1, '2013-02-20', '11:45:52', 'mbcurtis'),
('murbino', 'S32374', 'Marc Frederick Urbino', 'murbino@uci.edu', 'Engr BM', 'Sophomore', 1, 2, 1, '2013-02-20', '11:48:29', ''),
('ioushiaw', 'S31618', 'Iou-shiang Wu', 'ioushiaw@uci.edu', 'Engr ME', 'Senior', 1, 2, 1, '2013-02-20', '11:50:07', 'mbcurtis'),
('dshin3', 'S30214', 'David Shin', 'dshin3@uci.edu', 'Engr EE', 'Senior', 1, 2, 1, '2013-02-20', '11:50:45', 'wsing'),
('spinyo', 'S32320', 'Saharat Chris Pinyo', 'spinyo@uci.edu', 'Engr BM', 'Senior', 1, 2, 1, '2013-02-20', '11:53:17', 'mbcurtis'),
('pvjantre', 'S30208', 'Priyanka Vasant Jantre', 'pvjantre@uci.edu', 'Engr EE', 'Graduate', 1, 2, 1, '2013-02-20', '11:54:22', 'wsing'),
('wchan2', 'S31642', 'Wilson Wey Luen Chan', 'wchan2@uci.edu', 'Engr CE', 'Senior', 1, 2, 1, '2013-02-20', '11:55:38', 'mbcurtis'),
('raot', 'S32368', 'Thejasvi Rao', 'raot@uci.edu', 'Engr EE', 'Graduate', 1, 2, 1, '2013-02-20', '11:56:23', 'wsing'),
('ihafeez', 'S32350', 'Ibrahim Hafeez', 'ihafeez@uci.edu', 'Engr CE', 'Senior', 1, 2, 1, '2013-02-20', '11:56:49', 'mbcurtis'),
('calvinn1', 'S31636', 'Calvin Nguyen', 'calvinn1@uci.edu', 'Engr CE', 'Senior', 1, 2, 1, '2013-02-20', '11:56:53', 'mbcurtis'),
('nairg', 'S32362', 'Gouri Nair', 'nairg@uci.edu', 'EngrCpE', 'Graduate', 1, 2, 1, '2013-02-20', '11:56:59', 'wsing'),
('mkader', 'S32356', 'Muntasir Kader', 'mkader@uci.edu', 'Engr EE', 'Junior', 1, 2, 1, '2013-02-20', '11:57:59', 'wsing'),
('dimasa', 'S31630', 'Dimas Avila', 'dimasa@uci.edu', 'Engr ME', 'Senior', 1, 2, 1, '2013-02-20', '11:58:01', 'mbcurtis'),
('alipsett', 'S43840', 'Alexander William Lipsett', 'alipsett@uci.edu', 'I&C Sci', 'Senior', 1, 2, 1, '2013-02-20', '11:58:31', 'mbcurtis'),
('aaoude', 'S43846', 'Ali Brent Aoude', 'aaoude@uci.edu', 'Engr CE', 'Senior', 1, 2, 1, '2013-02-20', '12:01:34', 'mbcurtis'),
('obandoma', 'S33154', 'Mcvincent Aggacid Obando', 'obandoma@uci.edu', 'Engr ME', 'Senior', 1, 2, 1, '2013-02-20', '12:04:02', 'wsing'),
('sjolghaz', 'S42514', 'Saeed Jolghazi', 'sjolghaz@uci.edu', 'Engr CE', 'Graduate', 1, 2, 1, '2013-02-20', '12:05:24', 'wsing'),
('syquimsm', 'S33142', 'Marbin Jay Alcayde Sy Quimsiam', 'syquimsm@uci.edu', 'Engr ME', 'Senior', 1, 2, 1, '2013-02-20', '12:09:34', 'wsing'),
('mvenaas', 'S33136', 'Max R. Venaas', 'mvenaas@uci.edu', 'Engr ME', 'Junior', 1, 2, 1, '2013-02-20', '12:10:37', 'mbcurtis'),
('badawim', 'S44578', 'Mohamed Elfatih Badawi', 'badawim@uci.edu', 'Engr CE', 'Senior', 1, 2, 1, '2013-02-20', '12:17:50', 'mbcurtis'),
('mehrabi', 'S33040', 'Ali Mehrabi Davoodabadi', 'mehrabi@uci.edu', 'CmptSci', 'Graduate', 1, 2, 1, '2013-02-20', '12:18:34', 'wsing'),
('lamk1', 'S33046', 'Kevin Magic Lam', 'lamk1@uci.edu', 'EngrChm', 'Senior', 1, 2, 1, '2013-02-20', '12:18:37', 'mbcurtis'),
('tprakash', 'S33058', 'Tarun Prakash', 'tprakash@uci.edu', 'Engr EE', 'Graduate', 1, 2, 1, '2013-02-20', '12:23:02', 'mbcurtis'),
('yangat', 'S33874', 'Adrian Ting Yang', 'yangat@uci.edu', 'Engr EE', 'Graduate', 1, 2, 1, '2013-02-20', '12:23:18', 'ayecheve'),
('hsiaohsy', 'S33124', 'Hsiao-hsuan Yu', 'hsiaohsy@uci.edu', 'I&C Sci', 'Graduate', 1, 2, 1, '2013-02-20', '12:26:05', 'mbcurtis'),
('pmontene', 'S33118', 'Pedro Montenegro', 'pmontene@uci.edu', 'Engr ME', 'Senior', 1, 2, 1, '2013-02-20', '12:28:09', 'mbcurtis'),
('nealony', 'S33106', 'Nealon Young', 'nealony@uci.edu', 'I&C Sci', 'Senior', 1, 2, 1, '2013-02-20', '12:31:25', 'mbcurtis'),
('azhao', 'S33100', 'Aimee Zhao', 'azhao@uci.edu', 'EngrEnv', 'Graduate', 1, 2, 1, '2013-02-20', '12:32:47', 'wsing'),
('garyc1', 'S33868', 'Gary Chang', 'garyc1@uci.edu', 'EngrChm', 'Sophomore', 1, 2, 1, '2013-02-20', '12:41:33', 'ayecheve'),
('mgosike', 'S44560', 'Maunika Srihari Gosike', 'mgosike@uci.edu', 'Engr BM', 'Senior', 1, 2, 1, '2013-02-20', '12:43:44', 'wsing'),
('pchoudha', 'S45388', 'Pramit Choudhary', 'pchoudha@uci.edu', 'CmptSci', 'Graduate', 1, 2, 1, '2013-02-20', '12:49:28', 'wsing'),
('rojasl', 'S45382', 'Laura Gabrielle Rojas', 'rojasl@uci.edu', 'Engr CE', 'Senior', 1, 2, 1, '2013-02-20', '12:52:10', 'wsing'),
('stephaag', 'S33862', 'Stephanie Arevalo Gonzales', 'stephaag@uci.edu', 'Engr BM', 'Senior', 1, 2, 1, '2013-02-20', '12:52:18', 'ayecheve'),
('linfordj', 'S45292', 'Jordan Gabriel Linford', 'linfordj@uci.edu', 'Engr EE', 'Senior', 1, 2, 1, '2013-02-20', '12:52:52', 'wsing'),
('rkansaka', 'S33856', 'Rayan Krishna Kansakar', 'rkansaka@uci.edu', 'EngrBMP', 'Senior', 1, 2, 1, '2013-02-20', '12:53:54', 'ayecheve'),
('tnlee', 'S33850', 'Tsz Nok Lee', 'tnlee@uci.edu', 'Engr CE', 'Senior', 1, 2, 1, '2013-02-20', '12:55:38', 'ayecheve'),
('bvhuynh', 'S33064', 'Brian Vinh-khoi Huynh', 'bvhuynh@uci.edu', 'Engr BM', 'Senior', 1, 2, 1, '2013-02-20', '12:56:04', 'wsing'),
('skuruvil', 'S45298', 'Sharon Aley Kuruvilla', 'skuruvil@uci.edu', 'Engr BM', 'Senior', 1, 2, 1, '2013-02-20', '12:57:17', 'wsing'),
('tingyic', 'S33844', 'Ting-yi Chu', 'tingyic@uci.edu', 'Engr BM', 'Senior', 1, 2, 1, '2013-02-20', '12:57:37', 'ayecheve'),
('stasnim', 'S45304', 'Sarah Tasnim', 'stasnim@uci.edu', 'Engr CE', 'Senior', 1, 2, 1, '2013-02-20', '12:59:25', 'wsing'),
('mgabon', 'S33838', 'Marichrisse Paragas Gabon', 'mgabon@uci.edu', 'Engr CE', 'Senior', 1, 2, 1, '2013-02-20', '12:59:38', 'ayecheve'),
('kdave', 'S45310', 'Kunal Rajiv Dave', 'kdave@uci.edu', 'Engr BM', 'Senior', 1, 2, 1, '2013-02-20', '13:00:32', 'wsing'),
('cppatel', 'S45316', 'Cameron Patel Kishor Patel', 'cppatel@uci.edu', 'Engr CE', 'Senior', 1, 2, 1, '2013-02-20', '13:02:24', 'wsing'),
('halltj', 'S45322', 'Thomas James Hall Jr.', 'halltj@uci.edu', 'Engr CE', 'Senior', 1, 2, 1, '2013-02-20', '13:07:58', 'wsing'),
('mulinc', 'S45334', 'Mu-lin Cheng', 'mulinc@uci.edu', 'Engr AE', 'Junior', 0, 2, 1, '2013-02-20', '13:10:19', 'mbcurtis'),
('ppchen', 'S45328', 'Patricia Pin-chu Chen', 'ppchen@uci.edu', 'Engr BM', 'Senior', 1, 2, 1, '2013-02-20', '13:10:31', 'wsing'),
('kbillah', 'S45370', 'Khondokar Mohammad Billah Jr.', 'kbillah@uci.edu', 'Engr CE', 'Junior', 1, 2, 1, '2013-02-20', '13:12:30', 'wsing'),
('fsysu', 'S45364', 'Francis Raymond Uy Sy Su', 'fsysu@uci.edu', 'Engr CE', 'Senior', 1, 2, 1, '2013-02-20', '13:22:04', 'wsing'),
('rahmed', 'S45340', 'Raafay Ahmed', 'rahmed@uci.edu', 'EngrMMT', 'Graduate', 1, 2, 1, '2013-02-20', '13:24:09', 'mbcurtis'),
('ecoombs', 'S45352', 'Evan Graham Coombs', 'ecoombs@uci.edu', 'Engr ME', 'Junior', 1, 2, 1, '2013-02-20', '13:27:10', 'wsing'),
('ctconnol', 'S45358', 'Corey Thomas Connolly', 'ctconnol@uci.edu', 'Engr EE', 'Senior', 1, 2, 1, '2013-02-20', '13:30:21', 'wsing'),
('mbeardwo', 'S44674', 'Mark Alan Beardwood', 'mbeardwo@uci.edu', 'Engr ME', 'Senior', 1, 2, 1, '2013-02-20', '13:30:48', 'mbcurtis'),
('kperdomo', 'S44566', 'Kelvin Jose Perdomo', 'kperdomo@uci.edu', 'EngrCpE', 'Senior', 1, 2, 1, '2013-02-20', '13:32:41', 'wsing'),
('soks', 'S44572', 'Sothea Sok', 'soks@uci.edu', 'Engr AE', 'Senior', 1, 2, 1, '2013-02-20', '13:36:43', 'wsing'),
('payala', 'S33826', 'Paulo Cesar Ayala', 'payala@uci.edu', 'Engr CE', 'Senior', 1, 2, 1, '2013-02-20', '13:36:46', 'ayecheve'),
('fstaub', 'S33820', 'Franco Maurice Staub', 'fstaub@uci.edu', 'Engr ME', 'Junior', 1, 2, 1, '2013-02-20', '13:40:24', 'ayecheve'),
('patricic', 'S44668', 'Patricia Chin', 'patricic@uci.edu', 'CmptSci', 'Graduate', 1, 2, 1, '2013-02-20', '13:43:29', 'mbcurtis'),
('bafaneh', 'S33814', 'Basheer A. Afaneh', 'bafaneh@uci.edu', 'Engr ME', 'Senior', 1, 2, 1, '2013-02-20', '13:45:44', 'ayecheve'),
('zmai', 'S33802', 'Zaw Mai', 'zmai@uci.edu', 'Engr BM', 'Junior', 1, 2, 1, '2013-02-20', '13:47:42', 'wsing'),
('youssefd', 'S44662', 'Daniel George Youssef', 'youssefd@uci.edu', 'Engr BM', 'Senior', 1, 2, 1, '2013-02-20', '13:47:57', 'ayecheve'),
('kcolesen', 'S33808', 'Kierstin Hallie Colesen', 'kcolesen@uci.edu', 'Engr ME', 'Senior', 1, 2, 1, '2013-02-20', '13:49:15', 'wsing'),
('rahmant', 'S43852', 'Tanzeel Rahman', 'rahmant@uci.edu', 'Unaffil', 'Sophomore', 1, 2, 1, '2013-02-20', '13:51:31', 'wsing'),
('boyerj', 'S33766', 'Jacob R. Boyer', 'boyerj@uci.edu', 'Engr ME', 'Senior', 1, 2, 1, '2013-02-20', '13:52:31', 'wsing'),
('smmarque', 'S44584', 'Sean Makoto Marquez', 'smmarque@uci.edu', 'Engr ME', 'Senior', 1, 2, 1, '2013-02-20', '14:00:25', 'ayecheve'),
('mccrearj', 'S43954', 'James William Mccreary', 'mccrearj@uci.edu', 'Undclrd', 'Sophomore', 1, 2, 1, '2013-02-20', '14:01:26', 'mbcurtis'),
('aciglar', 'S44656', 'Ashley Marie Ciglar', 'aciglar@uci.edu', 'EngrEnv', 'Graduate', 1, 2, 1, '2013-02-20', '14:01:57', 'ayecheve'),
('dmukhar', 'S43948', 'Davon John Mukhar', 'dmukhar@uci.edu', 'Engr AE', 'Junior', 1, 2, 1, '2013-02-20', '14:05:28', 'ergomez1'),
('ralaniz', 'S43942', 'Ruben Angel Alanis-luu', 'ralaniz@uci.edu', 'Engr BM', 'Senior', 1, 2, 1, '2013-02-20', '14:06:07', 'mbcurtis'),
('mwlum', 'S43936', 'Michael Wing-leung Lum', 'mwlum@uci.edu', 'EngrBMP', 'Senior', 1, 2, 1, '2013-02-20', '14:08:36', 'ergomez1'),
('richmont', 'S43930', 'Richmond Trinh', 'richmont@uci.edu', 'EngrChm', 'Junior', 1, 2, 1, '2013-02-20', '14:11:38', 'mbcurtis'),
('alexnv', 'S33772', 'Alex Nam Vu', 'alexnv@uci.edu', 'Engr CE', 'Junior', 1, 2, 1, '2013-02-20', '14:16:26', 'ergomez1'),
('bacaa', 'S33778', 'Abraham Baca', 'bacaa@uci.edu', 'Engr CE', 'Senior', 1, 2, 1, '2013-02-20', '14:19:27', 'ergomez1'),
('cehall', 'S33796', 'Christian Edward Hall', 'cehall@uci.edu', 'Engr CE', 'Senior', 1, 2, 1, '2013-02-20', '14:45:49', 'ergomez1'),
('jpmeza', 'S44590', 'Juan Pablo Meza', 'jpmeza@uci.edu', 'Engr EE', 'Junior', 1, 2, 1, '2013-02-20', '14:50:58', ''),
('madrigar', 'S44596', 'Raul Madrigal Jr.', 'madrigar@uci.edu', 'EngrCpE', 'Sophomore', 1, 2, 1, '2013-02-20', '14:53:05', ''),
('imagana', 'S33784', 'Ivan Joseph Magana', 'imagana@uci.edu', 'Engr CE', 'Senior', 1, 2, 1, '2013-02-20', '14:53:10', 'ergomez1'),
('nkurtz', 'S33790', 'Nicolas Lawrence Kurtz', 'nkurtz@uci.edu', 'EngrChm', 'Junior', 1, 2, 1, '2013-02-20', '14:56:27', 'ergomez1'),
('dkeshmir', 'S43924', 'Delaram Keshmiri', 'dkeshmir@uci.edu', 'Engr EE', 'Junior', 1, 2, 1, '2013-02-20', '15:02:45', 'ergomez1'),
('akhavanm', 'S11440', 'Soheil Akhavan Masouleh', 'akhavanm@uci.edu', 'Engr EE', 'Junior', 1, 2, 1, '2013-02-20', '15:03:23', 'ergomez1'),
('aazizian', 'S43912', 'Armin Azizian', 'aazizian@uci.edu', 'Engr EE', 'Junior', 1, 2, 1, '2013-02-20', '15:03:53', 'ergomez1'),
('amliao', 'S43858', 'Albert Michael Liao', 'amliao@uci.edu', 'Enr MSE', 'Senior', 1, 2, 1, '2013-02-20', '15:04:26', 'ergomez1'),
('rramlall', '', 'Rohan Yash Ramlall', 'rramlall@uci.edu', 'EngrE&C', 'Graduate', 1, 2, 1, '2013-02-20', '16:35:32', ''),
('sramlall', '', 'Sunil Veejay Ramlall', 'sramlall@uci.edu', 'EngrE&C', 'Graduate', 1, 2, 1, '2013-02-20', '16:38:15', ''),
('bongawan', 'S43894', 'Birgitta Karmelia Ongawan', 'bongawan@uci.edu', 'Engr CE', 'Senior', 1, 2, 1, '2013-02-20', '20:04:54', ''),
('taluu', 'S43906', 'Thu Anh Luu', 'taluu@uci.edu', 'Engr CE', 'Senior', 1, 2, 1, '2013-02-21', '10:25:12', 'harrish1'),
('smithtf', 'S43900', 'Theron Frederick Lee Smith', 'smithtf@uci.edu', 'Engr CE', 'Freshman', 1, 2, 1, '2013-02-21', '10:26:09', 'harrish1'),
('aamarill', '', 'Adan Amarillas', 'aamarill@uci.edu', 'EngrMAE', 'Graduate', 1, 2, 1, '2013-02-21', '10:30:57', 'mathewb'),
('sabham', 'S35206', 'Mustafa Ghassan Sabha', 'sabham@uci.edu', 'Engr ME', 'Senior', 1, 2, 1, '2013-02-21', '10:42:17', 'mathewb'),
('tbabikia', 'S35212', 'Tro Babikian', 'tbabikia@uci.edu', 'EngrChm', 'Senior', 1, 2, 1, '2013-02-21', '10:43:18', 'mathewb'),
('chieny', 'S35218', 'Yu-chien Chien', 'chieny@uci.edu', 'EngrMAE', 'Graduate', 1, 2, 1, '2013-02-21', '10:50:25', 'mathewb'),
('kpklein', 'S43888', 'Kevin Paul Klein', 'kpklein@uci.edu', 'EngrChm', 'Senior', 1, 2, 1, '2013-02-21', '10:50:29', 'harrish1'),
('achuong', 'S43882', 'Anthony Phung Chuong', 'achuong@uci.edu', 'Unaffil', 'Sophomore', 1, 2, 1, '2013-02-21', '10:51:09', 'harrish1'),
('brusu', 'S43876', 'Bogdan Rusu', 'brusu@uci.edu', 'EngrChm', 'Senior', 1, 2, 1, '2013-02-21', '10:52:42', 'harrish1'),
('yuyux', 'S43864', 'Yuyu Xin', 'yuyux@uci.edu', 'Engr EE', 'Graduate', 1, 2, 1, '2013-02-21', '10:54:04', 'harrish1'),
('lianxic1', 'S35224', 'Lianxi Cheng', 'lianxic1@uci.edu', 'Engr EE', 'Graduate', 1, 2, 1, '2013-02-21', '10:54:13', 'mathewb'),
('sandral2', 'S35230', 'Sandra Lam', 'sandral2@uci.edu', 'Engr BM', 'Graduate', 1, 2, 1, '2013-02-21', '10:54:15', 'ayecheve'),
('aarakaki', 'S43870', 'Ana Paula Arakaki', 'aarakaki@uci.edu', 'Engr ME', 'Senior', 1, 2, 1, '2013-02-21', '10:54:27', 'harrish1'),
('adriang4', 'S35236', 'Adrian Garcia', 'adriang4@uci.edu', 'EngrMSE', 'Graduate', 1, 2, 1, '2013-02-21', '10:55:07', 'ayecheve'),
('mingw3', 'S15040', 'Ming Wang', 'mingw3@uci.edu', 'Engr EE', 'Sophomore', 1, 2, 1, '2013-02-21', '10:55:10', 'harrish1'),
('jnlee', 'S35248', 'Jeffrey Norris Lee', 'jnlee@uci.edu', 'Engr CE', 'Senior', 1, 2, 1, '2013-02-21', '10:55:47', 'mathewb'),
('longp1', 'S15046', 'Long Phan', 'longp1@uci.edu', 'EngrMSE', 'Graduate', 1, 2, 1, '2013-02-21', '10:55:55', 'harrish1'),
('phip1', 'S15124', 'Phi Pham', 'phip1@uci.edu', 'EngrMSE', 'Graduate', 1, 2, 1, '2013-02-21', '10:56:22', 'harrish1'),
('pche', 'S35254', 'Jeffrey Phuc Dau Che', 'pche@uci.edu', 'Engr BM', 'Senior', 1, 2, 1, '2013-02-21', '10:56:26', 'mathewb'),
('amazaher', 'S35314', 'Amir Mazaheripour', 'amazaher@uci.edu', 'EngrMSE', 'Graduate', 1, 2, 1, '2013-02-21', '10:56:38', 'ayecheve'),
('tnbui', 'S15118', 'Tammy Nhi Thi Bui', 'tnbui@uci.edu', 'EngrChm', 'Senior', 1, 2, 1, '2013-02-21', '10:56:44', 'harrish1'),
('vdonikia', 'S35308', 'Vatche Donikian', 'vdonikia@uci.edu', 'Engr ME', 'Senior', 1, 2, 1, '2013-02-21', '10:56:53', 'mathewb'),
('xiaolez', 'S15112', 'Xiaolei Zheng', 'xiaolez@uci.edu', 'Engr EE', 'Graduate', 1, 2, 1, '2013-02-21', '10:57:05', 'harrish1'),
('wenqiy', 'S35266', 'Wenqi Yan', 'wenqiy@uci.edu', 'Engr EE', 'Graduate', 1, 2, 1, '2013-02-21', '10:57:20', 'mathewb'),
('xiaojiw', 'S35260', 'Xiaojie Wang', 'xiaojiw@uci.edu', 'Engr EE', 'Graduate', 1, 2, 1, '2013-02-21', '10:57:22', 'ayecheve'),
('cgurley', 'S15106', 'Connor Dean Garcia Gurley', 'cgurley@uci.edu', 'Engr AE', 'Senior', 1, 2, 1, '2013-02-21', '10:57:40', 'harrish1'),
('ehsiung1', 'S15100', 'Eva Hsiung', 'ehsiung1@uci.edu', 'EngrEnv', 'Senior', 1, 2, 1, '2013-02-21', '10:58:03', 'harrish1'),
('michaw1', 'S35272', 'Michael Wang', 'michaw1@uci.edu', 'EngrEnv', 'Senior', 1, 2, 1, '2013-02-21', '10:58:09', 'mathewb'),
('patelta', 'S35302', 'Tarun Ajay Patel', 'patelta@uci.edu', 'EngrEnv', 'Senior', 1, 2, 1, '2013-02-21', '10:58:19', 'ayecheve'),
('galavizn', 'S15094', 'Norma Galaviz', 'galavizn@uci.edu', 'EngrEnv', 'Senior', 1, 2, 1, '2013-02-21', '10:58:37', 'harrish1'),
('hahnd1', 'S35296', 'David Hahn', 'hahnd1@uci.edu', 'Engr AE', 'Senior', 1, 2, 1, '2013-02-21', '10:58:54', 'mathewb'),
('sarahml', 'S15088', 'Sarah Mei-san Leung', 'sarahml@uci.edu', 'Engr CE', 'Senior', 1, 2, 1, '2013-02-21', '10:59:08', 'harrish1'),
('caoa', 'S35290', 'Alvin Ong Cao', 'caoa@uci.edu', 'Engr ME', 'Senior', 1, 2, 1, '2013-02-21', '10:59:32', 'mathewb'),
('isamra', 'S15052', 'Isabella Sofia Samra', 'isamra@uci.edu', 'Engr ME', 'Senior', 1, 2, 1, '2013-02-21', '10:59:39', 'harrish1'),
('jmanuel', 'S35284', 'John Manuel Arago', 'jmanuel@uci.edu', 'EngrChm', 'Senior', 1, 2, 1, '2013-02-21', '10:59:53', 'mathewb'),
('longakim', 'S15058', 'Martin Ranada Longakit', 'longakim@uci.edu', 'Engr ME', 'Senior', 1, 2, 1, '2013-02-21', '11:00:12', 'harrish1'),
('slam10', 'S15082', 'Steven Lam', 'slam10@uci.edu', 'EngrChm', 'Senior', 1, 2, 1, '2013-02-21', '11:00:41', 'harrish1'),
('elkwan', 'S14434', 'Eddie Liang Kwan', 'elkwan@uci.edu', 'Engr ME', 'Senior', 1, 2, 1, '2013-02-21', '11:00:47', 'mathewb'),
('acapulon', 'S14428', 'Andrew David Capulong', 'acapulon@uci.edu', 'EngrChm', 'Sophomore', 1, 2, 1, '2013-02-21', '11:00:53', 'ayecheve'),
('karinar', 'S15064', 'Karina Reyes', 'karinar@uci.edu', 'EngrEnv', 'Graduate', 1, 2, 1, '2013-02-21', '11:01:07', 'harrish1'),
('andreamh', 'S14422', 'Andrea Monzerad Hernandez', 'andreamh@uci.edu', 'Engr CE', 'Senior', 1, 2, 1, '2013-02-21', '11:01:08', 'mathewb'),
('dcrakes', 'S15070', 'Dale Russell Crakes', 'dcrakes@uci.edu', 'Engr BM', 'Graduate', 1, 2, 1, '2013-02-21', '11:01:31', 'harrish1'),
('jschloss', 'S14416', 'Jessica Leigh Schlosser', 'jschloss@uci.edu', 'Engr BM', 'Graduate', 1, 2, 1, '2013-02-21', '11:01:38', 'ayecheve'),
('rfarraro', 'S15076', 'Ryan Thomas Farraro', 'rfarraro@uci.edu', 'Engr BM', 'Graduate', 1, 2, 1, '2013-02-21', '11:02:05', 'harrish1'),
('emamim', 'S14404', 'Michael Ali Emami', 'emamim@uci.edu', 'Engr CE', 'Senior', 1, 2, 1, '2013-02-21', '11:02:17', 'mathewb'),
('dmcvay', 'S13714', 'Derek Joseph Mcvay', 'dmcvay@uci.edu', 'EngrMAE', 'Graduate', 1, 2, 1, '2013-02-21', '11:02:39', 'harrish1'),
('japple', 'S13708', 'Joshua William Apple', 'japple@uci.edu', 'Engr ME', 'Senior', 1, 2, 1, '2013-02-21', '11:02:54', 'harrish1'),
('jfkast', 'S14392', 'James Francis Kast', 'jfkast@uci.edu', 'Engr ME', 'Graduate', 1, 2, 1, '2013-02-21', '11:03:01', 'mathewb'),
('katherlw', 'S13702', 'Katherine Lee Wong', 'katherlw@uci.edu', 'Engr CE', 'Senior', 1, 2, 1, '2013-02-21', '11:03:14', 'harrish1'),
('colorada', 'S14386', 'Andres Felipe Colorado', 'colorada@uci.edu', 'EngrMAE', 'Graduate', 1, 2, 1, '2013-02-21', '11:03:17', 'ayecheve'),
('meganl', 'S14380', 'Megan Chenyie Lee', 'meganl@uci.edu', 'EngrEnv', 'Senior', 1, 2, 1, '2013-02-21', '11:03:34', 'mathewb'),
('ameliaam', 'S14374', 'Amelia Anne Meyer', 'ameliaam@uci.edu', 'Engr CE', 'Senior', 1, 2, 1, '2013-02-21', '11:04:09', 'mathewb'),
('cpcarter', 'S13690', 'Casey Patrick Carter', 'cpcarter@uci.edu', 'Engr AE', 'Junior', 1, 2, 1, '2013-02-21', '11:04:20', 'harrish1'),
('rlei', 'S13684', 'Ryan Lei', 'rlei@uci.edu', 'Engr ME', 'Senior', 1, 2, 1, '2013-02-21', '11:05:32', 'harrish1'),
('robertsc', 'S14356', 'Claire Robertson', 'robertsc@uci.edu', 'Engr BM', 'Graduate', 1, 2, 1, '2013-02-21', '11:05:42', 'ayecheve'),
('lsyong', 'S13678', 'Loong Sang Yong', 'lsyong@uci.edu', 'Engr ME', 'Senior', 1, 2, 1, '2013-02-21', '11:05:54', 'harrish1'),
('rfiske', 'S13672', 'Rachele Deanne Fiske', 'rfiske@uci.edu', 'EngrChm', 'Senior', 1, 2, 1, '2013-02-21', '11:06:16', 'harrish1'),
('liuy14', 'S14326', 'Yang Liu', 'liuy14@uci.edu', 'EngrMAE', 'Graduate', 1, 2, 1, '2013-02-21', '11:06:26', 'mathewb'),
('diepct', 'S13666', 'Chau Tu Diep', 'diepct@uci.edu', 'EngrChm', 'Senior', 1, 2, 1, '2013-02-21', '11:06:38', 'harrish1'),
('icheng1', 'S13660', 'Ivan Cheng', 'icheng1@uci.edu', 'EngrChm', 'Senior', 1, 2, 1, '2013-02-21', '11:07:06', 'harrish1'),
('dclouie', 'S14338', 'Devin Charles Louie', 'dclouie@uci.edu', 'Engr CE', 'Junior', 1, 2, 1, '2013-02-21', '11:07:12', 'ayecheve'),
('solarese', 'S13654', 'Edwin Alberto Solares', 'solarese@uci.edu', 'BM Cmpt', 'Senior', 1, 2, 1, '2013-02-21', '11:07:33', 'harrish1'),
('ananthar', 'S13648', 'Ananthakrishnan Ravi', 'ananthar@uci.edu', 'Net Sys', 'Graduate', 1, 2, 1, '2013-02-21', '11:09:02', 'harrish1'),
('lxvu', 'S14344', 'Lam Xuan Vu', 'lxvu@uci.edu', 'Engr ME', 'Sophomore', 1, 2, 1, '2013-02-21', '11:09:05', 'ayecheve'),
('chinsh', 'S13600', 'Chin Seng Algernon Hong', 'chinsh@uci.edu', 'EngrEnv', 'Senior', 1, 2, 1, '2013-02-21', '11:09:26', 'harrish1'),
('chewy', 'S14350', 'Yiliang Chew', 'chewy@uci.edu', 'EngrEnv', 'Senior', 1, 2, 1, '2013-02-21', '11:09:35', 'ayecheve'),
('wlee8', 'S12880', 'Willis Lee', 'wlee8@uci.edu', 'Engr AE', 'Senior', 1, 2, 1, '2013-02-21', '11:11:00', 'ayecheve'),
('justial1', 'S13642', 'Justin Andrew Lee', 'justial1@uci.edu', 'EngrChm', 'Junior', 1, 2, 1, '2013-02-21', '11:11:14', 'harrish1'),
('jhelstro', 'S13636', 'Joshua Matthew Helstrom', 'jhelstro@uci.edu', 'Engr ME', 'Senior', 1, 2, 1, '2013-02-21', '11:11:54', 'harrish1'),
('acepero', 'S12886', 'Adam Anthony Cepero', 'acepero@uci.edu', 'Engr ME', 'Senior', 1, 2, 1, '2013-02-21', '11:12:32', 'ayecheve'),
('truongaw', 'S13630', 'Andrew Wesley Truong', 'truongaw@uci.edu', 'Engr CE', 'Junior', 1, 2, 1, '2013-02-21', '11:12:59', 'harrish1'),
('joshuaam', 'S12892', 'Joshua Anthony Martinez', 'joshuaam@uci.edu', 'Engr ME', 'Senior', 1, 2, 1, '2013-02-21', '11:13:26', 'ayecheve'),
('ehenson', 'S13624', 'Eric Ishida Henson', 'ehenson@uci.edu', 'Engr ME', 'Senior', 1, 2, 1, '2013-02-21', '11:13:42', 'harrish1'),
('meierj', 'S13618', 'James Michael Meier', 'meierj@uci.edu', 'Engr ME', 'Senior', 1, 2, 1, '2013-02-21', '11:14:10', 'harrish1'),
('jboachie', 'S13612', 'Janet Ellen Boachie-yiadom', 'jboachie@uci.edu', 'Chem', 'Senior', 1, 2, 1, '2013-02-21', '11:14:47', 'harrish1'),
('awchao', 'S12898', 'Albert Weijie Chao', 'awchao@uci.edu', 'Engr CE', 'Junior', 1, 2, 1, '2013-02-21', '11:15:00', 'ayecheve'),
('knightmb', 'S12904', 'Meghan Brianne Knight', 'knightmb@uci.edu', 'Engr BM', 'Senior', 1, 2, 1, '2013-02-21', '11:15:49', 'ayecheve'),
('jjtan', 'S44650', 'Jason Jim Tan', 'jjtan@uci.edu', 'Engr EE', 'Senior', 1, 2, 1, '2013-02-21', '11:16:36', 'harrish1'),
('taeyk1', 'S12910', 'Tae Young Kim', 'taeyk1@uci.edu', 'Engr AE', 'Senior', 1, 2, 1, '2013-02-21', '11:16:44', 'ayecheve'),
('rnoguera', 'S44608', 'Ricardo Noguera Ii', 'rnoguera@uci.edu', 'EngrChm', 'Sophomore', 1, 2, 1, '2013-02-21', '11:17:18', 'harrish1'),
('llov', 'S12916', 'Lyheng Lov', 'llov@uci.edu', 'Engr EE', 'Senior', 1, 2, 1, '2013-02-21', '11:17:28', 'ayecheve'),
('dorothjc', 'S44614', 'Dorothy J. Chung', 'dorothjc@uci.edu', 'Engr CE', 'Senior', 1, 2, 1, '2013-02-21', '11:17:58', 'harrish1'),
('jasonyc', 'S12922', 'Jason Yiling Chen', 'jasonyc@uci.edu', 'Engr CE', 'Senior', 1, 2, 1, '2013-02-21', '11:18:03', 'ayecheve'),
('andypn', 'S44644', 'Andy Phan Nguyen', 'andypn@uci.edu', 'EngrChm', 'Junior', 1, 2, 1, '2013-02-21', '11:18:42', 'harrish1'),
('klaunglu', 'S12928', 'Kevin Launglucknavalai', 'klaunglu@uci.edu', 'EngrMAE', 'Graduate', 1, 2, 1, '2013-02-21', '11:18:56', 'ayecheve'),
('fmartidu', 'S12934', 'Ferran Marti Duran', 'fmartidu@uci.edu', 'EngrMAE', 'Graduate', 1, 2, 1, '2013-02-21', '11:20:07', 'ayecheve'),
('rtluu', 'S44620', 'Ronald Tuan Luu', 'rtluu@uci.edu', 'PubHlth', 'Graduate', 1, 2, 1, '2013-02-21', '11:21:19', 'harrish1'),
('vanessad', 'S12940', 'Vanessa Dang', 'vanessad@uci.edu', 'EngrMAE', 'Graduate', 1, 2, 1, '2013-02-21', '11:21:39', 'ayecheve'),
('sjli1', 'S44626', 'Simon J. Li', 'sjli1@uci.edu', 'Engr ME', 'Junior', 1, 2, 1, '2013-02-21', '11:21:40', 'harrish1'),
('shanw3', '', 'Shan Wu', 'shanw3@uci.edu', 'Engr EE', 'Junior', 1, 2, 1, '2013-02-21', '11:22:20', 'ayecheve'),
('rmaxwell', 'S44632', 'Ryan Taylor Maxwell', 'rmaxwell@uci.edu', 'Engr ME', 'Senior', 1, 2, 1, '2013-02-21', '11:22:46', 'harrish1'),
('athorste', 'S12952', 'Andrea Rose Thorstensen', 'athorste@uci.edu', 'Engr CE', 'Graduate', 1, 2, 1, '2013-02-21', '11:23:02', 'ayecheve'),
('mrrahimi', 'S12958', 'Reza Rahimi', 'mrrahimi@uci.edu', 'CSE', 'Graduate', 1, 2, 1, '2013-02-21', '11:23:36', 'harrish1'),
('titusc', 'S12970', 'Titus William Chen', 'titusc@uci.edu', 'EngrEnv', 'Senior', 1, 2, 1, '2013-02-21', '11:25:31', 'harrish1'),
('miguelap', 'S12964', 'Miguel Angel Plascencia Quiroz', 'miguelap@uci.edu', 'Engr ME', 'Junior', 1, 2, 1, '2013-02-21', '11:25:33', 'ayecheve'),
('vanvolkk', 'S12976', 'Kyle Robert Van Volkinburg', 'vanvolkk@uci.edu', 'EngrMAE', 'Graduate', 1, 2, 1, '2013-02-21', '11:26:45', 'ayecheve'),
('marielih', 'S12982', 'Marielisa Hecht', 'marielih@uci.edu', 'EngrEnv', 'Senior', 1, 2, 1, '2013-02-21', '11:27:05', 'harrish1'),
('sajedh', 'S12994', 'Hesam Sajed', 'sajedh@uci.edu', 'Engr CE', 'Graduate', 1, 2, 1, '2013-02-21', '11:27:52', 'harrish1'),
('stimko', 'S12160', 'Stephen Andrew Timko', 'stimko@uci.edu', 'EngrEnv', 'Graduate', 1, 2, 1, '2013-02-21', '11:29:16', 'harrish1'),
('cafrica', 'S11554', 'Catherine Alejo Africa', 'cafrica@uci.edu', 'EngrCpE', 'Sophomore', 1, 2, 1, '2013-02-21', '11:29:41', 'mbcurtis'),
('ayonemur', 'S12166', 'Alexander Richard Yonemura', 'ayonemur@uci.edu', 'Engr AE', 'Junior', 1, 2, 1, '2013-02-21', '11:30:19', 'harrish1'),
('ivazquez', 'S42508', 'Irvin Aron Vazquez-calderon', 'ivazquez@uci.edu', 'Engr AE', 'Junior', 1, 2, 1, '2013-02-21', '11:30:48', 'ayecheve'),
('tianxiz', 'S12172', 'Tianxiang Zhou', 'tianxiz@uci.edu', 'Engr EE', 'Graduate', 1, 2, 1, '2013-02-21', '11:31:05', 'harrish1'),
('mengl5', 'S42400', 'Meng Li', 'mengl5@uci.edu', 'Engr EE', 'Graduate', 1, 2, 1, '2013-02-21', '11:31:43', 'ayecheve'),
('yul11', 'S12274', 'Yu Liu', 'yul11@uci.edu', 'Engr EE', 'Graduate', 1, 2, 1, '2013-02-21', '11:32:14', 'harrish1'),
('bhryu', 'S42406', 'Brian Hyunwoo Ryu', 'bhryu@uci.edu', 'Unaffil', 'Junior', 1, 2, 1, '2013-02-21', '11:32:47', 'ayecheve'),
('gangheej', 'S12268', 'Ganghee Jang', 'gangheej@uci.edu', 'CS&S', 'Graduate', 1, 2, 1, '2013-02-21', '11:32:50', 'harrish1'),
('hwwong', 'S42412', 'Howard Wah Wong', 'hwwong@uci.edu', 'CN&DC', 'Graduate', 1, 2, 1, '2013-02-21', '11:33:39', 'ayecheve'),
('achu4', 'S12178', 'Alex Chu', 'achu4@uci.edu', 'EngrCpE', 'Graduate', 1, 2, 1, '2013-02-21', '11:33:56', 'harrish1'),
('mmaggia', 'S12262', 'Marco Maggia', 'mmaggia@uci.edu', 'EngrMAE', 'Graduate', 1, 2, 1, '2013-02-21', '11:34:35', 'harrish1'),
('ssedighz', 'S42418', 'Siavash Sedighzadeh Yazdi', 'ssedighz@uci.edu', 'EngrE&C', 'Graduate', 1, 2, 1, '2013-02-21', '11:35:32', 'ayecheve'),
('rnaderi', 'S12184', 'Roozbeh Naderi', 'rnaderi@uci.edu', 'EngrE&C', 'Graduate', 1, 2, 1, '2013-02-21', '11:35:51', 'harrish1'),
('hmaleki', 'S42424', 'Hamed Maleki', 'hmaleki@uci.edu', 'EngrE&C', 'Graduate', 1, 2, 1, '2013-02-21', '11:36:53', 'ayecheve'),
('apirbadi', 'S42430', 'Aras Pirbadian', 'apirbadi@uci.edu', 'EngrE&C', 'Graduate', 1, 2, 1, '2013-02-21', '11:37:36', 'ayecheve'),
('abombell', 'S42436', 'Alessandro Bombelli', 'abombell@uci.edu', 'EngrMAE', 'Graduate', 1, 2, 1, '2013-02-21', '11:38:51', 'ayecheve'),
('lluiss', 'S12250', 'Lluis Soler Segura', 'lluiss@uci.edu', 'EngrMAE', 'Graduate', 1, 2, 1, '2013-02-21', '11:38:54', 'harrish1'),
('huaxianm', 'S42442', 'Huaxiang Man', 'huaxianm@uci.edu', 'CS&S', 'Graduate', 1, 2, 1, '2013-02-21', '11:40:10', 'ayecheve'),
('junyanp', 'S12244', 'Junyan Peng', 'junyanp@uci.edu', 'EngrChm', 'Senior', 1, 2, 1, '2013-02-21', '11:40:36', 'harrish1'),
('bkho', 'S42448', 'Bridget Kuangshi Ho', 'bkho@uci.edu', 'EngrChm', 'Senior', 1, 2, 1, '2013-02-21', '11:40:37', 'ayecheve'),
('honj', 'S12190', 'Jeff Kwok Fung Hon', 'honj@uci.edu', 'PubHlth', 'Graduate', 1, 2, 1, '2013-02-21', '11:41:23', 'harrish1'),
('shammel', 'S42454', 'Stephanie Cheng Hammel', 'shammel@uci.edu', 'PubHlth', 'Graduate', 1, 2, 1, '2013-02-21', '11:41:37', 'ayecheve'),
('ccogan', 'S12238', 'Christopher Cogan', 'ccogan@uci.edu', 'EngrMAE', 'Graduate', 1, 2, 1, '2013-02-21', '11:41:58', 'harrish1'),
('gmccarth', 'S12196', 'Graham William Mccarthy', 'gmccarth@uci.edu', 'EngrEnv', 'Graduate', 1, 2, 1, '2013-02-21', '11:43:41', 'harrish1'),
('benjal3', 'S42460', 'Benjamin Lee', 'benjal3@uci.edu', 'CSE', 'Sophomore', 1, 2, 1, '2013-02-21', '11:43:47', 'ayecheve'),
('jschrede', 'S42466', 'Jonathan David Schreder', 'jschrede@uci.edu', 'EngrChm', 'Senior', 1, 2, 1, '2013-02-21', '11:46:37', 'ayecheve'),
('mkhairy', 'S12256', 'Muhammad Sayed Khairy Abdelghaffar', 'mkhairy@uci.edu', 'EngrE&C', 'Graduate', 1, 2, 1, '2013-02-21', '11:48:40', 'ayecheve'),
('ahussien', 'S12232', 'Amr Mohamed Ahmed Mohamed Hussien', 'ahussien@uci.edu', 'EngrE&C', 'Graduate', 1, 2, 1, '2013-02-21', '11:50:32', 'harrish1'),
('mfflemin', 'S42472', 'Michaela Ferreira Fleming', 'mfflemin@uci.edu', 'Engr ME', 'Senior', 1, 2, 1, '2013-02-21', '11:50:48', 'ayecheve'),
('xiaoyil3', 'S12202', 'Xiaoyi Liu', 'xiaoyil3@uci.edu', 'Engr EE', 'Graduate', 1, 2, 1, '2013-02-21', '11:51:26', 'harrish1'),
('pazd', 'S42478', 'Dylan David Paz', 'pazd@uci.edu', 'Engr AE', 'Senior', 1, 2, 1, '2013-02-21', '11:51:33', 'ayecheve'),
('achavari', 'S42484', 'Andrew Chavarin', 'achavari@uci.edu', 'Engr BM', 'Senior', 1, 2, 1, '2013-02-21', '11:52:28', 'ayecheve'),
('sungchac', 'S42490', 'Sung Chan Cho', 'sungchac@uci.edu', 'EngrMAE', 'Graduate', 1, 2, 1, '2013-02-21', '11:52:59', 'ayecheve'),
('rmitche1', 'S11542', 'Robert Lawrence Mitchell', 'rmitche1@uci.edu', 'EngrMAE', 'Graduate', 1, 2, 1, '2013-02-21', '11:55:24', 'mbcurtis'),
('shivg', 'S42502', 'Shiv Gandhi', 'shivg@uci.edu', 'Engr CE', 'Senior', 1, 2, 1, '2013-02-21', '11:56:21', 'ayecheve'),
('laur2', 'S12226', 'Raymond Lau', 'laur2@uci.edu', 'Engr ME', 'Junior', 1, 2, 1, '2013-02-21', '11:57:56', 'harrish1'),
('davyh1', 'S43126', 'Davy Huang', 'davyh1@uci.edu', 'Engr CE', 'Junior', 1, 2, 1, '2013-02-21', '11:58:06', 'ayecheve'),
('billl', 'S12220', 'Bill Liang', 'billl@uci.edu', 'EngrChm', 'Junior', 1, 2, 1, '2013-02-21', '11:58:22', 'harrish1'),
('mminniti', 'S43132', 'Marco Minniti', 'mminniti@uci.edu', 'Engr MAE', 'Faculty/Staff', 1, 2, 1, '2013-02-21', '11:59:38', 'ayecheve'),
('ncordero', 'S43138', 'Nicholas David Cordero', 'ncordero@uci.edu', 'Engr AE', 'Junior', 1, 2, 1, '2013-02-21', '12:00:07', 'ayecheve'),
('miguels', 'S43144', 'Miguel Angel Sanchez', 'miguels@uci.edu', 'EngrChm', 'Senior', 1, 2, 1, '2013-02-21', '12:00:50', 'ayecheve'),
('rana', 'S11536', 'Rana Abdelaziz Mohamed Abdelaal', 'rana@uci.edu', 'Engr EE', 'Graduate', 1, 2, 1, '2013-02-21', '12:01:11', 'mathewb'),
('mmsugimo', 'S12214', 'Matthew Mitsuo Sugimoto', 'mmsugimo@uci.edu', 'Undclrd Engr', 'Freshman', 1, 2, 1, '2013-02-21', '12:01:26', 'harrish1'),
('chubk', 'S43150', 'Brian Kelly Chu', 'chubk@uci.edu', 'EngrChm', 'Senior', 1, 2, 1, '2013-02-21', '12:01:28', 'ayecheve'),
('patelo', 'S43156', 'Ojas Nagesh Patel', 'patelo@uci.edu', 'Engr ME', 'Freshman', 1, 2, 1, '2013-02-21', '12:02:04', 'ayecheve'),
('jmoebius', 'S12208', 'Jacob Alfred Moebius', 'jmoebius@uci.edu', 'Engr BM', 'Senior', 1, 2, 1, '2013-02-21', '12:02:18', 'harrish1'),
('jihangl', 'S43162', 'Jihang Lu', 'jihangl@uci.edu', 'Engr EE', 'Sophomore', 0, 2, 1, '2013-02-21', '12:02:38', 'ayecheve'),
('akhoshkb', 'S43168', 'Arash Khoshkbar Sadigh', 'akhoshkb@uci.edu', 'EngrE&C', 'Graduate', 1, 2, 1, '2013-02-21', '12:03:19', 'ayecheve'),
('quynhv', 'S43174', 'Quynh Vo', 'quynhv@uci.edu', 'EngrChm', 'Graduate', 1, 2, 1, '2013-02-21', '12:03:48', 'ayecheve'),
('igujarat', 'S41788', 'Isha Gujarati', 'igujarat@uci.edu', 'EngrChm', 'Graduate', 1, 2, 1, '2013-02-21', '12:03:55', 'harrish1'),
('ccvelasc', 'S43180', 'Chynna Carmela Matutina Velasco', 'ccvelasc@uci.edu', 'CSE', 'Senior', 1, 2, 1, '2013-02-21', '12:04:24', 'ayecheve'),
('huytv', 'S43186', 'Huy Tran Bao Vu', 'huytv@uci.edu', 'CSE', 'Senior', 1, 2, 1, '2013-02-21', '12:05:03', 'ayecheve'),
('sttruong', 'S43192', 'Steven Thuan Truong', 'sttruong@uci.edu', 'Engr BM', 'Graduate', 1, 2, 1, '2013-02-21', '12:05:38', 'ayecheve'),
('zliu6', 'S41686', 'Zhu Liu', 'zliu6@uci.edu', 'Engr CE', 'Graduate', 1, 2, 1, '2013-02-21', '12:05:45', 'harrish1'),
('alexbl', 'S43198', 'Alex Bennett Lewis', 'alexbl@uci.edu', 'Engr CE', 'Sophomore', 1, 2, 1, '2013-02-21', '12:06:03', 'ayecheve'),
('akhalajh', 'S43204', 'Amirhossein Khalaj Hedayati', 'akhalajh@uci.edu', 'EngrMSE', 'Graduate', 1, 2, 1, '2013-02-21', '12:06:36', 'ayecheve'),
('asadianm', 'S41782', 'Mohammad Hossein Asadian Ardakani', 'asadianm@uci.edu', 'EngrMMT', 'Graduate', 1, 2, 1, '2013-02-21', '12:06:47', 'harrish1'),
('azandian', 'S43234', 'Arash Zandian', 'azandian@uci.edu', 'EngrMAE', 'Graduate', 1, 2, 1, '2013-02-21', '12:07:09', 'ayecheve'),
('lxkong', 'S41776', 'Ling Xuan Kong', 'lxkong@uci.edu', 'Engr BM', 'Graduate', 1, 2, 1, '2013-02-21', '12:07:27', 'harrish1'),
('twalber', 'S41692', 'Tina C. Walber', 'twalber@uci.edu', 'CSE', 'Graduate', 1, 2, 1, '2013-02-21', '12:09:11', 'harrish1'),
('lalehj', 'S41074', 'Laleh Jalali', 'lalehj@uci.edu', 'CmptSci', 'Graduate', 1, 2, 1, '2013-02-21', '12:09:33', 'ayecheve'),
('spongpai', 'S43216', 'Siripen Pongpaichet', 'spongpai@uci.edu', 'CmptSci', 'Graduate', 1, 2, 1, '2013-02-21', '12:09:35', 'ayecheve'),
('aaskariz', 'S43210', 'Asal Askarizadeh Bardsiri', 'aaskariz@uci.edu', 'Engr CE', 'Graduate', 1, 2, 1, '2013-02-21', '12:10:03', 'ayecheve'),
('srostami', 'S43222', 'Sara Rostamimonjezi', 'srostami@uci.edu', 'EngrMAE', 'Graduate', 1, 2, 1, '2013-02-21', '12:10:33', 'ayecheve'),
('directon', 'S41698', 'Nathaniel John Directo', 'directon@uci.edu', 'Engr ME', 'Senior', 1, 2, 1, '2013-02-21', '12:10:39', 'harrish1'),
('julians1', 'S40960', 'Julian Sanchez Jr.', 'julians1@uci.edu', 'EngrEnv', 'Senior', 1, 2, 1, '2013-02-21', '12:11:03', 'ayecheve'),
('suttonj', 'S40354', 'John Spencer Sutton', 'suttonj@uci.edu', 'Engr ME', 'Junior', 1, 2, 1, '2013-02-21', '12:11:23', 'ayecheve'),
('starrk', 'S40966', 'Kyle Alexander Starr', 'starrk@uci.edu', 'Engr AE', 'Junior', 1, 2, 1, '2013-02-21', '12:11:31', 'ayecheve'),
('nishidaa', 'S41704', 'Alissa Janet Nishida', 'nishidaa@uci.edu', 'Engr ME', 'Senior', 1, 2, 1, '2013-02-21', '12:11:35', 'harrish1'),
('seunghyh', 'S40972', 'Seunghyun Ha', 'seunghyh@uci.edu', 'Engr BM', 'Graduate', 1, 2, 1, '2013-02-21', '12:12:05', 'ayecheve'),
('ksookwon', 'S40348', 'Kurt Kittipon Sookwongse', 'ksookwon@uci.edu', 'Engr BM', 'Graduate', 1, 2, 1, '2013-02-21', '12:12:13', 'ayecheve'),
('lynnnt', 'S41710', 'Lynn N. Tran', 'lynnnt@uci.edu', 'Engr EE', 'Senior', 1, 2, 1, '2013-02-21', '12:12:17', 'harrish1'),
('ssalehia', 'S40978', 'Seyedehfaezeh Salehi Amiri', 'ssalehia@uci.edu', 'CmptSci', 'Graduate', 1, 2, 1, '2013-02-21', '12:12:43', 'ayecheve'),
('nrouhi', 'S40342', 'Nima Rouhi', 'nrouhi@uci.edu', 'EngrE&C', 'Graduate', 1, 2, 1, '2013-02-21', '12:13:10', 'ayecheve'),
('mrahmati', 'S41770', 'Mehryar Rahmatian', 'mrahmati@uci.edu', 'CmptSci', 'Graduate', 1, 2, 1, '2013-02-21', '12:13:13', 'harrish1'),
('tamayoa', 'S40984', 'Anthony Marin Tamayo', 'tamayoa@uci.edu', 'Engr ME', 'Senior', 1, 2, 1, '2013-02-21', '12:13:19', 'ayecheve'),
('ammoore', 'S40336', 'Austin Matthew Moore', 'ammoore@uci.edu', 'Engr ME', 'Senior', 1, 2, 1, '2013-02-21', '12:13:57', 'ayecheve'),
('tajikh', 'S41764', 'Hossein Tajik', 'tajikh@uci.edu', 'CmptSci', 'Graduate', 1, 2, 1, '2013-02-21', '12:13:57', 'harrish1'),
('abanaiya', 'S40990', 'Abbas Banaiyanmofrad', 'abanaiya@uci.edu', 'CmptSci', 'Graduate', 1, 2, 1, '2013-02-21', '12:14:03', 'ayecheve'),
('shannonz', 'S40996', 'Shannon Zhang', 'shannonz@uci.edu', 'BIM', 'Senior', 1, 2, 1, '2013-02-21', '12:14:49', 'ayecheve'),
('wurp', 'S41716', 'Richard P. Wu', 'wurp@uci.edu', 'Engr CE', 'Senior', 1, 2, 1, '2013-02-21', '12:14:50', 'harrish1'),
('menewton', 'S41002', 'Miles Eliott Newton', 'menewton@uci.edu', 'Engr ME', 'Senior', 1, 2, 1, '2013-02-21', '12:15:17', 'ayecheve'),
('cmander1', 'S41722', 'Christopher Michael Anderson', 'cmander1@uci.edu', 'Engr ME', 'Senior', 1, 2, 1, '2013-02-21', '12:15:34', 'harrish1'),
('jlacasel', 'S40324', 'Joseph Robert Lacasella', 'jlacasel@uci.edu', 'EngrChm', 'Senior', 1, 2, 1, '2013-02-21', '12:15:49', 'ayecheve'),
('mjquach', '', 'Michael Jung Quach', 'mjquach@uci.edu', 'Bio SciS41008', 'Senior', 1, 2, 1, '2013-02-21', '12:16:10', 'ayecheve'),
('ndphu', 'S41758', 'Phu Dinh Nguyen', 'ndphu@uci.edu', 'Engr CE', 'Graduate', 1, 2, 1, '2013-02-21', '12:16:16', 'harrish1'),
('liuh1', 'S41014', 'Hao Liu', 'liuh1@uci.edu', 'Engr CE', 'Graduate', 1, 2, 1, '2013-02-21', '12:16:52', 'ayecheve'),
('sbougie', 'S40240', 'Scott Edward Bougie', 'sbougie@uci.edu', 'EngrMAE', 'Graduate', 1, 2, 1, '2013-02-21', '12:17:08', 'harrish1'),
('shahpa', 'S41752', 'Pablo Arjun Shah', 'shahpa@uci.edu', 'Engr CE', 'Senior', 1, 2, 1, '2013-02-21', '12:17:28', 'ayecheve'),
('yaofengz', 'S41020', 'Yaofeng Zhang', 'yaofengz@uci.edu', 'CmptSci', 'Senior', 1, 2, 1, '2013-02-21', '12:17:34', 'ayecheve'),
('sbreen', 'S40318', 'Stephen James Breen', 'sbreen@uci.edu', 'Engr CE', 'Graduate', 1, 2, 1, '2013-02-21', '12:17:45', 'harrish1'),
('trevorj', 'S41026', 'Trevor Amirali Jones', 'trevorj@uci.edu', 'Engr CE', 'Senior', 1, 2, 1, '2013-02-21', '12:17:58', 'ayecheve'),
('skeshtka', 'S41728', 'Sina Keshtkar Jafari', 'skeshtka@uci.edu', 'CS&S', 'Graduate', 1, 2, 1, '2013-02-21', '12:18:23', 'ayecheve'),
('holj', 'S40312', 'Lawrence Jen-bong Ho', 'holj@uci.edu', 'Engr EE', 'Senior', 1, 2, 1, '2013-02-21', '12:18:23', 'harrish1'),
('cgiercza', 'S40246', 'Cory Robert Gierczak', 'cgiercza@uci.edu', 'EngrChm', 'Senior', 1, 2, 1, '2013-02-21', '12:19:44', 'harrish1'),
('steffenp', 'S41734', 'Steffen Peter', 'steffenp@uci.edu', 'CSE', 'Graduate', 1, 2, 1, '2013-02-21', '12:19:45', 'ayecheve'),
('mhamdorf', 'S41038', 'Matthias Hamdorf', 'mhamdorf@uci.edu', 'EngrCpE', 'Graduate', 1, 2, 1, '2013-02-21', '12:20:31', 'ayecheve'),
('sdschrad', 'S40306', 'Samuel David Schrader', 'sdschrad@uci.edu', 'CmptSci', 'Senior', 1, 2, 1, '2013-02-21', '12:20:37', 'harrish1'),
('ifu', 'S41740', 'Iris Wing Yin Fu', 'ifu@uci.edu', 'EngrChm', 'Graduate', 1, 2, 1, '2013-02-21', '12:20:37', 'ayecheve'),
('jawitt', 'S41044', 'Jessica Ann Witt', 'jawitt@uci.edu', 'EngrChm', 'Graduate', 1, 2, 1, '2013-02-21', '12:21:03', 'ayecheve'),
('rque', 'S40300', 'Richard Alan Que', 'rque@uci.edu', 'Engr BM', 'Graduate', 1, 2, 1, '2013-02-21', '12:21:12', 'harrish1'),
('chshum', 'S41050', 'Christopher Haoran Shum', 'chshum@uci.edu', 'EngrBMP', 'Senior', 1, 2, 1, '2013-02-21', '12:21:29', 'ayecheve'),
('minamih', 'S41746', 'Hataka Ryan Minami', 'minamih@uci.edu', 'Engr BM', 'Junior', 1, 2, 1, '2013-02-21', '12:21:32', 'ayecheve'),
('khosford', 'S41056', 'Kyle Hosford', 'khosford@uci.edu', 'Engr ME', 'Graduate', 0, 2, 1, '2013-02-21', '12:21:58', 'ayecheve'),
('rmmoreno', 'S40252', 'Robert Michael Moreno', 'rmmoreno@uci.edu', 'Engr EE', 'Senior', 1, 2, 1, '2013-02-21', '12:22:00', 'harrish1'),
('actoledo', 'S39634', 'Andrew Cabalce Toledo', 'actoledo@uci.edu', 'EngrCpE', 'Junior', 1, 2, 1, '2013-02-21', '12:22:16', 'ayecheve');
INSERT INTO `users` (`ucinetid`, `barcode`, `name`, `email`, `major`, `level`, `opt`, `access`, `elig`, `date`, `time`, `volunteer`) VALUES
('ullaha', 'S40258', 'Adam Rahman Ullah', 'ullaha@uci.edu', 'Enr MSE', 'Senior', 1, 2, 1, '2013-02-21', '12:22:48', 'harrish1'),
('hurstc', 'S39628', 'Christopher Michael Hurst', 'hurstc@uci.edu', 'Engr EE', 'Senior', 1, 2, 1, '2013-02-21', '12:23:07', 'ayecheve'),
('anthondt', 'S41068', 'Anthony Duy Tran', 'anthondt@uci.edu', 'Engr EE', 'Senior', 1, 2, 1, '2013-02-21', '12:23:10', 'ayecheve'),
('scchang', 'S42496', 'Spencer Chen Wen Chang', 'scchang@uci.edu', 'Engr BM', 'Graduate', 1, 2, 1, '2013-02-21', '12:23:40', 'ayecheve'),
('jchumbip', 'S40264', 'George Chumbipuma', 'jchumbip@uci.edu', 'Engr EE', 'Senior', 1, 2, 1, '2013-02-21', '12:23:55', 'harrish1'),
('georgef', 'S39622', 'George Fang', 'georgef@uci.edu', 'EngrCpE', 'Senior', 1, 2, 1, '2013-02-21', '12:24:05', 'ayecheve'),
('huangtc', 'S43228', 'Tom Chen Huang', 'huangtc@uci.edu', 'Engr EE', 'Senior', 1, 2, 1, '2013-02-21', '12:24:08', 'ayecheve'),
('zjdavis', 'S40294', 'Zachary John Davis', 'zjdavis@uci.edu', 'Engr EE', 'Senior', 1, 2, 1, '2013-02-21', '12:24:47', 'harrish1'),
('luongw1', 'S39616', 'Wesley Luong', 'luongw1@uci.edu', 'Engr CE', 'Sophomore', 1, 2, 1, '2013-02-21', '12:24:57', 'ayecheve'),
('sbabikia', 'S38194', 'Sarkis Babikian', 'sbabikia@uci.edu', 'EngrE&C', 'Graduate', 1, 2, 1, '2013-02-21', '12:25:08', 'ayecheve'),
('prabhaka', 'S40288', 'Arvind Prabhakar', 'prabhaka@uci.edu', 'Engr EE', 'Senior', 1, 2, 1, '2013-02-21', '12:25:50', 'harrish1'),
('azsharif', 'S39526', 'Awad Zulfikhar Sharif', 'azsharif@uci.edu', 'Engr EE', 'Senior', 1, 2, 1, '2013-02-21', '12:26:02', 'ayecheve'),
('kkamishi', 'S38188', 'Kevin Ichiro Kamishin', 'kkamishi@uci.edu', 'Engr EE', 'Senior', 1, 2, 1, '2013-02-21', '12:26:16', 'ayecheve'),
('ingn', 'S39532', 'Nicole Leilani Ing', 'ingn@uci.edu', 'EngrMSE', 'Graduate', 1, 2, 1, '2013-02-21', '12:26:31', 'ayecheve'),
('dlehnen', 'S40270', 'Debora Rosa Lehnen', 'dlehnen@uci.edu', 'Engr ME', 'Graduate', 1, 2, 1, '2013-02-21', '12:27:15', 'harrish1'),
('brandsl1', 'S38182', 'Brandon Scott Lee', 'brandsl1@uci.edu', 'Engr BM', 'Sophomore', 1, 2, 1, '2013-02-21', '12:27:23', 'ayecheve'),
('mbthomas', 'S38176', 'Matthew Boileau Thomas', 'mbthomas@uci.edu', 'Engr ME', 'Senior', 1, 2, 1, '2013-02-21', '12:28:19', 'ayecheve'),
('timilsin', '', 'Navin Timilsina', 'timilsin@uci.edu', 'Engr AE', 'Faculty/Staff', 1, 2, 1, '2013-02-21', '12:28:36', 'harrish1'),
('adembla', 'S39538', 'Aaron Dembla', 'adembla@uci.edu', 'EngrCpE', 'Junior', 1, 2, 1, '2013-02-21', '12:28:42', 'ayecheve'),
('arunimab', 'S38092', 'Arunima Bhattacharjee', 'arunimab@uci.edu', 'EngrMSE', 'Graduate', 1, 2, 1, '2013-02-21', '12:28:46', 'mathewb'),
('kaviah', 'S40276', 'Harsh Mahesh Kavia', 'kaviah@uci.edu', 'Engr EE', 'Junior', 1, 2, 1, '2013-02-21', '12:28:59', 'harrish1'),
('willil2', 'S37474', 'William Li', 'willil2@uci.edu', 'EngrCpE', 'Junior', 1, 2, 1, '2013-02-21', '12:29:10', 'ayecheve'),
('thompsk', 'S39550', 'Thompson Kung', 'thompsk@uci.edu', 'Engr EE', 'Junior', 1, 2, 1, '2013-02-21', '12:29:11', 'ayecheve'),
('pcurry', 'S38098', 'Paul Robert Curry', 'pcurry@uci.edu', 'Engr CE', 'Senior', 1, 2, 1, '2013-02-21', '12:29:23', 'mathewb'),
('chuongt', 'S36754', 'Tin Thanh Chuong', 'chuongt@uci.edu', 'Engr ME', 'Junior', 1, 2, 1, '2013-02-21', '12:29:27', 'harrish1'),
('jclouie', 'S39544', 'James Christopher Louie', 'jclouie@uci.edu', 'CmptSci', 'Junior', 1, 2, 1, '2013-02-21', '12:29:51', 'ayecheve'),
('lchuynh', 'S38104', 'Lucas Cong Huynh', 'lchuynh@uci.edu', 'Engr ME', 'Senior', 1, 2, 1, '2013-02-21', '12:30:14', 'mathewb'),
('kinciong', 'S37366', 'Kelly-crispina Vilar Inciong', 'kinciong@uci.edu', 'EngrCpE', 'Junior', 1, 2, 1, '2013-02-21', '12:30:23', 'ayecheve'),
('asansmun', 'S36748', 'Albert Sans Muntadas', 'asansmun@uci.edu', 'EngrMAE', 'Graduate', 1, 2, 1, '2013-02-21', '12:30:37', 'harrish1'),
('fhhernan', 'S38110', 'Franz Hugolino Hernandez Gaitan', 'fhhernan@uci.edu', 'EngrMAE', 'Graduate', 1, 2, 1, '2013-02-21', '12:30:53', 'mathewb'),
('amojaded', 'S36742', 'Azad Mojadedi', 'amojaded@uci.edu', 'Engr BM', 'Graduate', 1, 2, 1, '2013-02-21', '12:31:08', 'harrish1'),
('huangds', 'S37372', 'Derek S. Huang', 'huangds@uci.edu', 'EngrChm', 'Senior', 1, 2, 1, '2013-02-21', '12:31:12', 'ayecheve'),
('scampion', 'S40282', 'Salvatore Campione', 'scampion@uci.edu', 'EngrE&C', 'Graduate', 1, 2, 1, '2013-02-21', '12:31:13', 'ayecheve'),
('manuelah', 'S36736', 'Manuel Alejandro Hernandez', 'manuelah@uci.edu', 'Engr AE', 'Senior', 1, 2, 1, '2013-02-21', '12:31:41', 'harrish1'),
('gnchu', 'S37378', 'Gwendolen Ngo Chu', 'gnchu@uci.edu', 'Engr BM', 'Senior', 1, 2, 1, '2013-02-21', '12:31:52', 'ayecheve'),
('florar', 'S38170', 'Regina Kyrene Aspiras Flora', 'florar@uci.edu', 'Engr BM', 'Senior', 1, 2, 1, '2013-02-21', '12:31:57', 'mathewb'),
('skabiri', 'S37384', 'Saman Kabiri', 'skabiri@uci.edu', 'EngrE&C', 'Graduate', 1, 2, 1, '2013-02-21', '12:32:00', 'ayecheve'),
('cuaboe', 'S36640', 'Earl Jude Cuabo', 'cuaboe@uci.edu', 'EngrChm', 'Sophomore', 1, 2, 1, '2013-02-21', '12:32:46', 'harrish1'),
('ecrazon', 'S37462', 'Ezekiel Castro Razon', 'ecrazon@uci.edu', 'EngrChm', 'Sophomore', 1, 2, 1, '2013-02-21', '12:32:56', 'ayecheve'),
('mkile', 'S39556', 'Megan Kathleen Kile', 'mkile@uci.edu', 'Engr CE', 'Senior', 1, 2, 1, '2013-02-21', '12:32:57', 'ayecheve'),
('wwlui', 'S37396', 'Wilson W.s. Lui', 'wwlui@uci.edu', 'Engr BM', 'Senior', 1, 2, 1, '2013-02-21', '12:33:00', 'ayecheve'),
('squadri', 'S38164', 'Syed Waqas Quadri', 'squadri@uci.edu', 'EngrCpE', 'Freshman', 1, 2, 1, '2013-02-21', '12:33:03', 'mathewb'),
('mandon', 'S36646', 'Michael Andon', 'mandon@uci.edu', 'EngrCpE', 'Freshman', 1, 2, 1, '2013-02-21', '12:33:17', 'harrish1'),
('acoakley', 'S39562', 'Ashley Nicole Coakley', 'acoakley@uci.edu', 'Engr CE', 'Senior', 1, 2, 1, '2013-02-21', '12:33:25', 'ayecheve'),
('diegos', 'S36730', 'Diego Sandoval', 'diegos@uci.edu', 'EngrBMP', 'Junior', 1, 2, 1, '2013-02-21', '12:33:43', 'harrish1'),
('edsosa', 'S37456', 'Ernesto David Sosa', 'edsosa@uci.edu', 'Engr BM', 'Senior', 1, 2, 1, '2013-02-21', '12:33:44', 'ayecheve'),
('prungta', 'S38158', 'Pranay Sudeep Rungta', 'prungta@uci.edu', 'Engr EE', 'Senior', 1, 2, 1, '2013-02-21', '12:33:51', 'mathewb'),
('navprekg', 'S37450', 'Navpreet Kaur Gill', 'navprekg@uci.edu', 'EngrBMP', 'Junior', 1, 2, 1, '2013-02-21', '12:33:54', 'ayecheve'),
('crkenned', 'S39568', 'Cameron Randall Kennedy', 'crkenned@uci.edu', 'Engr BM', 'Senior', 1, 2, 1, '2013-02-21', '12:33:57', 'ayecheve'),
('mmorinis', 'S36724', 'Matt Teru Morinishi', 'mmorinis@uci.edu', 'Engr BM', 'Senior', 1, 2, 1, '2013-02-21', '12:34:21', 'harrish1'),
('fernanj2', 'S38152', 'Jorge Fernandez Quesada', 'fernanj2@uci.edu', 'Engr BM', 'Senior', 1, 2, 1, '2013-02-21', '12:34:26', 'mathewb'),
('pclo', 'S39574', 'Patrick Chen-pin Lo', 'pclo@uci.edu', 'Engr BM', 'Senior', 1, 2, 1, '2013-02-21', '12:34:28', 'ayecheve'),
('mgarg', 'S38122', 'Mehal Gauri Garg', 'mgarg@uci.edu', 'Engr ME', 'Senior', 1, 2, 1, '2013-02-21', '12:34:49', 'mathewb'),
('mfaruque', 'S36718', 'Monika Faruque', 'mfaruque@uci.edu', 'Engr BM', 'Senior', 1, 2, 1, '2013-02-21', '12:34:49', 'harrish1'),
('rjgalleg', 'S39580', 'Rheanna Joy Gallego', 'rjgalleg@uci.edu', 'EngrCpE', 'Sophomore', 1, 2, 1, '2013-02-21', '12:35:00', 'ayecheve'),
('odahman', 'S37402', 'Omar Dahman', 'odahman@uci.edu', 'EngrBMP', 'Senior', 1, 2, 1, '2013-02-21', '12:35:02', 'ayecheve'),
('tostadop', 'S37408', 'Pablo Tostado Marcos', 'tostadop@uci.edu', 'Engr BM', 'Senior', 1, 2, 1, '2013-02-21', '12:35:04', 'ayecheve'),
('amatlock', 'S36712', 'Alex Christopher Matlock', 'amatlock@uci.edu', 'Engr BM', 'Senior', 1, 2, 1, '2013-02-21', '12:35:25', 'harrish1'),
('eykwan', 'S39586', 'Elliott Yi-zhi Kwan', 'eykwan@uci.edu', 'Engr BM', 'Senior', 1, 2, 1, '2013-02-21', '12:35:35', 'ayecheve'),
('rjcabrer', 'S38128', 'Raymond James Garcia Cabrera', 'rjcabrer@uci.edu', 'EngrBMP', 'Senior', 1, 2, 1, '2013-02-21', '12:35:47', 'ayecheve'),
('avdo', 'S38134', 'Anh-tuan Vu Do', 'avdo@uci.edu', 'EngrMAE', 'Graduate', 1, 2, 1, '2013-02-21', '12:35:59', 'ayecheve'),
('aliciat', 'S39592', 'Alicia M. Tan', 'aliciat@uci.edu', 'EngrMAE', 'Graduate', 1, 2, 1, '2013-02-21', '12:36:20', 'ayecheve'),
('chikhant', 'S38140', 'Anissa Tran', 'chikhant@uci.edu', 'EngrCpE', 'Sophomore', 1, 2, 1, '2013-02-21', '12:36:44', 'ayecheve'),
('fbarsoum', 'S39598', 'Fady Maher-labib Barsoum', 'fbarsoum@uci.edu', 'Engr ME', 'Senior', 1, 2, 1, '2013-02-21', '12:36:49', 'ayecheve'),
('kppham', 'S38146', 'Kathleen Phuong-thu Pham', 'kppham@uci.edu', 'EngrBMP', 'Senior', 1, 2, 1, '2013-02-21', '12:36:53', 'ayecheve'),
('hpyeung', 'S36706', 'Hiu Pan Yeung', 'hpyeung@uci.edu', 'Engr ME', 'Senior', 1, 2, 1, '2013-02-21', '12:37:09', 'harrish1'),
('anassar', 'S39604', 'Ahmed Mohamed Nassar', 'anassar@uci.edu', 'EngrE&C', 'Graduate', 1, 2, 1, '2013-02-21', '12:37:28', 'ayecheve'),
('tkenney', 'S36700', 'Tyler Stanton Kenney', 'tkenney@uci.edu', 'Engr AE', 'Senior', 1, 2, 1, '2013-02-21', '12:38:06', 'harrish1'),
('kaukshun', 'S37414', 'Kyle William Aukshunas', 'kaukshun@uci.edu', 'Unaffil', 'Junior', 1, 2, 1, '2013-02-21', '12:38:11', 'ayecheve'),
('pnazari', 'S36652', 'Peyman Nazari', 'pnazari@uci.edu', 'Engr EE', 'Graduate', 1, 2, 1, '2013-02-21', '12:39:35', 'harrish1'),
('dbajaj', 'S37438', 'Divya Bajaj', 'dbajaj@uci.edu', 'Engr EE', 'Senior', 1, 2, 1, '2013-02-21', '12:39:41', 'ayecheve'),
('kkalsoom', 'S37444', 'Khadija Kalsoom', 'kkalsoom@uci.edu', 'Engr EE', 'Senior', 1, 2, 1, '2013-02-21', '12:39:41', 'ayecheve'),
('kmdnahid', 'S39610', 'Kaiser Md. Nahiduzzaman', 'kmdnahid@uci.edu', 'CmptSci', 'Graduate', 1, 2, 1, '2013-02-21', '12:40:09', 'ayecheve'),
('rhlee1', 'S37432', 'Rachel Hyun Lee', 'rhlee1@uci.edu', 'EngrChm', 'Sophomore', 1, 2, 1, '2013-02-21', '12:40:26', 'ayecheve'),
('soo1', 'S38914', 'Sohee Oh', 'soo1@uci.edu', 'Engr ME', 'Freshman', 1, 2, 1, '2013-02-21', '12:40:41', 'ayecheve'),
('safaria', 'S37426', 'Amir Saman Safari', 'safaria@uci.edu', 'Engr EE', 'Junior', 1, 2, 1, '2013-02-21', '12:40:45', 'ayecheve'),
('japelayo', 'S37420', 'Jorge A. Pelayo', 'japelayo@uci.edu', 'Engr CE', 'Senior', 1, 2, 1, '2013-02-21', '12:41:06', 'ayecheve'),
('ythoang', 'S36694', 'Yen Thi Hai Hoang', 'ythoang@uci.edu', 'CSE', 'Graduate', 1, 2, 1, '2013-02-21', '12:41:17', 'harrish1'),
('apaulos', 'S36034', 'Anthony Cruz-am Paulos', 'apaulos@uci.edu', 'Engr CE', 'Senior', 1, 2, 1, '2013-02-21', '12:41:23', 'ayecheve'),
('shreyajp', 'S38908', 'Shreyas J. Patel', 'shreyajp@uci.edu', 'Engr BM', 'Graduate', 1, 2, 1, '2013-02-21', '12:41:36', 'ayecheve'),
('tgwatana', 'S36688', 'Taylor Gensu Watanabe', 'tgwatana@uci.edu', 'Engr CE', 'Senior', 1, 2, 1, '2013-02-21', '12:41:50', 'harrish1'),
('nguyenl1', 'S36028', 'Long Hoang Nguyen', 'nguyenl1@uci.edu', 'Engr CE', 'Senior', 1, 2, 1, '2013-02-21', '12:41:54', 'ayecheve'),
('bsoriano', 'S36658', 'Brian Galdino Soriano', 'bsoriano@uci.edu', 'Engr ME', 'Senior', 1, 2, 1, '2013-02-21', '12:42:29', 'harrish1'),
('bkoehne', 'S38902', 'Benjamin Koehne', 'bkoehne@uci.edu', 'I&C Sci', 'Graduate', 1, 2, 1, '2013-02-21', '12:42:45', 'ayecheve'),
('jtluo', 'S36022', 'Jason Tze-sum Luo', 'jtluo@uci.edu', 'Engr BM', 'Graduate', 1, 2, 1, '2013-02-21', '12:42:53', 'ayecheve'),
('knee', 'S38896', 'Ko Nee', 'knee@uci.edu', 'EngrChm', 'Graduate', 1, 2, 1, '2013-02-21', '12:43:10', 'ayecheve'),
('yeeab', 'S36682', 'Aaron Boon Yee', 'yeeab@uci.edu', 'CSE', 'Sophomore', 1, 2, 1, '2013-02-21', '12:43:26', 'harrish1'),
('jacuevas', 'S35920', 'Joseph Alexis Cuevas', 'jacuevas@uci.edu', 'Engr ME', 'Senior', 1, 2, 1, '2013-02-21', '12:43:45', 'ayecheve'),
('belenes', 'S38890', 'Bryan Elenes', 'belenes@uci.edu', 'Engr CE', 'Junior', 1, 2, 1, '2013-02-21', '12:44:20', 'ayecheve'),
('vodk', 'S36676', 'Dustin Khoi Vo', 'vodk@uci.edu', 'EngrEnv', 'Junior', 1, 2, 1, '2013-02-21', '12:44:53', 'harrish1'),
('jedson', 'S36664', 'Julius Adebayo Edson', 'jedson@uci.edu', 'EngrChm', 'Graduate', 1, 2, 1, '2013-02-21', '12:45:59', 'harrish1'),
('tsem1', 'S38884', 'Margaret Tse', 'tsem1@uci.edu', 'EngrChm', 'Graduate', 1, 2, 1, '2013-02-21', '12:46:15', 'ayecheve'),
('cbustill', 'S35926', 'Christian Bustillos', 'cbustill@uci.edu', 'EngrChm', 'Graduate', 1, 2, 1, '2013-02-21', '12:46:23', 'ayecheve'),
('cindyrm', 'S36670', 'Cindy Rebecca Martinez Rodas', 'cindyrm@uci.edu', 'EngrBMP', 'Senior', 1, 2, 1, '2013-02-21', '12:46:30', 'harrish1'),
('sxthacke', 'S38878', 'Samuel Xaysedtha Thacker', 'sxthacke@uci.edu', 'EngrCpE', 'Senior', 1, 2, 1, '2013-02-21', '12:46:48', 'ayecheve'),
('patricjl', 'S38872', 'Patrick Jaeyoon Lee', 'patricjl@uci.edu', 'Engr CE', 'Junior', 1, 2, 1, '2013-02-21', '12:46:59', 'harrish1'),
('bkhuong', 'S36010', 'Benjamin Khuong', 'bkhuong@uci.edu', 'Engr ME', 'Junior', 1, 2, 1, '2013-02-21', '12:47:09', 'ayecheve'),
('ssternin', 'S35932', 'Simone Sternini', 'ssternin@uci.edu', 'Engr CE', 'Senior', 1, 2, 1, '2013-02-21', '12:47:58', 'harrish1'),
('hand2', 'S38866', 'Daniel Han', 'hand2@uci.edu', 'EngrCpE', 'Junior', 1, 2, 1, '2013-02-21', '12:48:26', 'ayecheve'),
('aziaee1', 'S35938', 'Ali Ziaee', 'aziaee1@uci.edu', 'EngrMAE', 'Graduate', 1, 2, 1, '2013-02-21', '12:48:29', 'harrish1'),
('sfarsai1', 'S35998', 'Sam Farsai', 'sfarsai1@uci.edu', 'Engr CE', 'Senior', 1, 2, 1, '2013-02-21', '12:49:09', 'ayecheve'),
('kimw2', 'S38800', 'Woo Jin Kim', 'kimw2@uci.edu', 'Unaffil', 'Senior', 1, 2, 1, '2013-02-21', '12:49:16', 'ayecheve'),
('mnajam', 'S35962', 'Maria Najam', 'mnajam@uci.edu', 'EngrBMP', 'Sophomore', 1, 2, 1, '2013-02-21', '12:49:37', 'harrish1'),
('bolar', 'S38806', 'Rachel Alyssa Sing Bola', 'bolar@uci.edu', 'Engr ME', 'Sophomore', 1, 2, 1, '2013-02-21', '12:49:43', 'ayecheve'),
('hchaudhe', 'S38812', 'Hayder Ali Chaudhery', 'hchaudhe@uci.edu', 'Engr CE', 'Sophomore', 1, 2, 1, '2013-02-21', '12:50:26', 'ayecheve'),
('akbari', 'S38818', 'Amin Akbarimonfared', 'akbari@uci.edu', 'EngrMAE', 'Graduate', 1, 2, 1, '2013-02-21', '12:50:57', 'ayecheve'),
('bmorey', 'S35956', 'Brian Morey', 'bmorey@uci.edu', 'Engr AE', 'Senior', 1, 2, 1, '2013-02-21', '12:51:05', 'harrish1'),
('ciportil', 'S38824', 'Christian Isai Portillo', 'ciportil@uci.edu', 'Engr CE', 'Junior', 1, 2, 1, '2013-02-21', '12:51:31', 'ayecheve'),
('tkoster', 'S38830', 'Timothy William Koster', 'tkoster@uci.edu', 'EngrMAE', 'Graduate', 1, 2, 1, '2013-02-21', '12:52:06', 'ayecheve'),
('miladn', 'S38836', 'Milad Nazari', 'miladn@uci.edu', 'Engr EE', 'Junior', 1, 2, 1, '2013-02-21', '12:53:28', 'ayecheve'),
('icheck', 'S35944', 'Ivan Check', 'icheck@uci.edu', 'CSE', 'Senior', 1, 2, 1, '2013-02-21', '12:54:49', 'harrish1'),
('eddiegg', 'S38842', 'Eddie Gabriel Garcia', 'eddiegg@uci.edu', 'Engr EE', 'Senior', 1, 2, 1, '2013-02-21', '12:54:59', 'ayecheve'),
('kuemura', 'S38848', 'Kelcie Mie Uemura', 'kuemura@uci.edu', 'Engr CE', 'Sophomore', 1, 2, 1, '2013-02-21', '12:56:06', 'ayecheve'),
('asperez', 'S35950', 'Andrew Steven Perez', 'asperez@uci.edu', 'Engr EE', 'Senior', 1, 2, 1, '2013-02-21', '12:56:12', 'harrish1'),
('mbcaball', 'S38854', 'Michael Baysa Caballero', 'mbcaball@uci.edu', 'CSE', 'Freshman', 1, 2, 1, '2013-02-21', '12:56:47', 'ayecheve'),
('umukherj', 'S11446', 'Uddipan Mukherjee', 'umukherj@uci.edu', 'CSE', 'Graduate', 1, 2, 1, '2013-02-21', '12:58:41', 'ayecheve'),
('lsalaris', 'S11452', 'Ladan Salari Sharif', 'lsalaris@uci.edu', 'EngrMAE', 'Graduate', 1, 2, 1, '2013-02-21', '13:01:35', 'ayecheve'),
('minfeio', 'S11458', 'Minfei Ou', 'minfeio@uci.edu', 'Engr CE', 'Junior', 1, 2, 1, '2013-02-21', '13:02:08', 'ayecheve'),
('yeungm1', 'S11524', 'Ming Yeung', 'yeungm1@uci.edu', 'Engr CE', 'Sophomore', 1, 2, 1, '2013-02-21', '13:02:20', 'harrish1'),
('siutt', 'S11464', 'Siu Tim Tang', 'siutt@uci.edu', 'Engr CE', 'Junior', 1, 2, 1, '2013-02-21', '13:02:32', 'ayecheve'),
('cfruiz', 'S11470', 'Carlos Fernando Ruiz', 'cfruiz@uci.edu', 'Engr BM', 'Graduate', 1, 2, 1, '2013-02-21', '13:02:59', 'harrish1'),
('dpemba', 'S38860', 'Dhondup Pemba', 'dpemba@uci.edu', 'Engr BM', 'Graduate', 1, 2, 1, '2013-02-21', '13:09:56', 'ayecheve'),
('krtran', 'S11482', 'Kevin Raymond Tran', 'krtran@uci.edu', 'EngrEnv', 'Senior', 1, 2, 1, '2013-02-21', '13:10:41', 'ayecheve'),
('jlagade', 'S11488', 'Joel Albano Lagade Jr.', 'jlagade@uci.edu', 'Engr CE', 'Senior', 1, 2, 1, '2013-02-21', '13:11:15', 'ayecheve'),
('ademirta', 'S11494', 'Ali Murat Demirtas', 'ademirta@uci.edu', 'EngrE&C', 'Graduate', 1, 2, 1, '2013-02-21', '13:11:54', 'ayecheve'),
('tsantosm', 'S11506', 'Tyler Steven Santos-matson', 'tsantosm@uci.edu', 'Engr ME', 'Senior', 1, 2, 1, '2013-02-21', '13:13:14', 'ayecheve'),
('liujd', 'S11518', 'Joseph David Liu', 'liujd@uci.edu', 'Engr ME', 'Senior', 1, 2, 1, '2013-02-21', '13:14:23', 'ayecheve'),
('ckalutha', 'S11512', 'Chirantha Lahiru Osand Kaluthanthri', 'ckalutha@uci.edu', 'Engr AE', 'Senior', 1, 2, 1, '2013-02-21', '13:14:57', 'ayecheve'),
('felicifm', 'S10720', 'Felicia F. Martinez', 'felicifm@uci.edu', 'Engr BM', 'Freshman', 1, 2, 1, '2013-02-21', '13:15:38', 'ayecheve'),
('jessian1', 'S10726', 'Jessica Alejo Nguyen', 'jessian1@uci.edu', 'Engr BM', 'Sophomore', 1, 2, 1, '2013-02-21', '13:15:57', 'ayecheve'),
('jkchew', 'S10732', 'Josephine Kwok Lan Chew', 'jkchew@uci.edu', 'IN4MATX', 'Sophomore', 1, 2, 1, '2013-02-21', '13:16:28', 'ayecheve'),
('mroumi', 'S10738', 'Mahshid Roumi', 'mroumi@uci.edu', 'EngrCpE', 'Graduate', 1, 2, 1, '2013-02-21', '13:16:55', 'ayecheve'),
('gueramim', 'S10744', 'Milad Gueramian', 'gueramim@uci.edu', 'Undclrd', 'Sophomore', 1, 2, 1, '2013-02-21', '13:17:43', 'ayecheve'),
('amanshad', 'S10750', 'Ariyan Kyle Manshadi', 'amanshad@uci.edu', 'Engr CE', 'Senior', 1, 2, 1, '2013-02-21', '13:18:18', 'ayecheve'),
('jeremyp', 'S10768', 'Jeremy Pearson', 'jeremyp@uci.edu', 'EngrChm', 'Graduate', 1, 2, 1, '2013-02-21', '13:19:28', 'ayecheve'),
('junangst', 'S10774', 'Jaclynn Unangst', 'junangst@uci.edu', 'EngrMSE', 'Graduate', 1, 2, 1, '2013-02-21', '13:20:03', 'ayecheve'),
('dnguye33', 'S10780', 'Don Huu Nguyen', 'dnguye33@uci.edu', 'CS&S', 'Graduate', 1, 2, 1, '2013-02-21', '13:20:35', 'ayecheve'),
('eddiem1', 'S10798', 'Eddie Morales', 'eddiem1@uci.edu', 'EngrChm', 'Senior', 1, 2, 1, '2013-02-21', '13:20:58', 'ayecheve'),
('sjalalic', 'S10810', 'Boby Babak Jalali', 'sjalalic@uci.edu', 'Engr EE', 'Senior', 1, 2, 1, '2013-02-21', '13:21:26', 'ayecheve'),
('apuga', 'S10816', 'Alejandro Puga', 'apuga@uci.edu', 'EngrMAE', 'Graduate', 1, 2, 1, '2013-02-21', '13:21:48', 'ayecheve'),
('wuj3', 'S10804', 'Jeffrey Wu', 'wuj3@uci.edu', 'CSE', 'Senior', 1, 2, 1, '2013-02-21', '13:22:11', 'ayecheve'),
('keatingm', 'S10822', 'Mark Thomas Keating', 'keatingm@uci.edu', 'Engr BM', 'Senior', 1, 2, 1, '2013-02-21', '13:22:32', 'ayecheve'),
('shekarae', 'S10792', 'Elaheh Shekaramiz', 'shekarae@uci.edu', 'Engr BM', 'Graduate', 1, 2, 1, '2013-02-21', '13:23:30', 'ayecheve'),
('leedy2', 'S10828', 'Dong Yoon Lee', 'leedy2@uci.edu', 'Undclrd', 'Sophomore', 1, 2, 1, '2013-02-21', '13:24:06', 'ayecheve'),
('vangd', 'S10000', 'Davis Anh Vang', 'vangd@uci.edu', 'EngrCpE', 'Junior', 1, 2, 1, '2013-02-21', '13:24:29', 'ayecheve'),
('arauyeun', 'S10834', 'Anthony Raymond Auyeung', 'arauyeun@uci.edu', 'Undclrd', 'Freshman', 1, 2, 1, '2013-02-21', '13:25:08', 'ayecheve'),
('sivang', 'S10012', 'Sivan Goldstein', 'sivang@uci.edu', 'Engr EE', 'Senior', 1, 2, 1, '2013-02-21', '13:25:31', 'mathewb'),
('gian', 'S10006', 'Gia Luong Huu Nguyen', 'gian@uci.edu', 'EngrMAE', 'Graduate', 1, 2, 1, '2013-02-21', '13:25:36', 'ayecheve'),
('wangyy', 'S10102', 'Yung-yu Wang', 'wangyy@uci.edu', 'EngrChm', 'Graduate', 1, 2, 1, '2013-02-21', '13:26:03', 'ayecheve'),
('mvpatel', 'S10114', 'Maulik Vinod Patel', 'mvpatel@uci.edu', 'Engr BM', 'Graduate', 1, 2, 1, '2013-02-21', '13:26:05', 'mathewb'),
('tedp', 'S10078', 'Ted Dong-anh Pham', 'tedp@uci.edu', 'Engr BM', 'Graduate', 1, 2, 1, '2013-02-21', '13:26:23', 'ayecheve'),
('kzand', 'S10042', 'Katayoun Zand', 'kzand@uci.edu', 'EngrE&C', 'Graduate', 1, 2, 1, '2013-02-21', '13:27:07', 'ayecheve'),
('decheve1', 'S10054', 'Daniel Antonio Echeverria', 'decheve1@uci.edu', 'Engr ME', 'Junior', 1, 2, 1, '2013-02-21', '13:27:08', 'mathewb'),
('alexh', 'S10108', 'Alex Ho', 'alexh@uci.edu', 'Engr ME', 'Senior', 1, 2, 1, '2013-02-21', '13:27:34', 'ayecheve'),
('dcheng4', 'S10066', 'Da Cheng', 'dcheng4@uci.edu', 'Engr AE', 'Senior', 1, 2, 1, '2013-02-21', '13:27:57', 'mathewb'),
('lavalos', 'S10060', 'Luis Avalos', 'lavalos@uci.edu', 'Engr ME', 'Senior', 1, 2, 1, '2013-02-21', '13:27:59', 'ayecheve'),
('jsoukup', 'S10090', 'James Vincent Soukup', 'jsoukup@uci.edu', 'Engr ME', 'Senior', 1, 2, 1, '2013-02-21', '13:28:31', 'ayecheve'),
('vsun', 'S10036', 'Victor Sun', 'vsun@uci.edu', 'Engr BM', 'Graduate', 1, 2, 1, '2013-02-21', '13:28:50', 'ayecheve'),
('jdortiz', 'S10048', 'Jose De Jesus Ortiz', 'jdortiz@uci.edu', 'Engr ME', 'Senior', 1, 2, 1, '2013-02-21', '13:29:08', 'mathewb'),
('nicholam', 'S10096', 'Nicholas Ma', 'nicholam@uci.edu', 'Engr EE', 'Senior', 1, 2, 1, '2013-02-21', '13:29:16', 'ayecheve'),
('hellers', 'S10018', 'Samuel Max Heller', 'hellers@uci.edu', 'Engr ME', 'Junior', 1, 2, 1, '2013-02-21', '13:29:36', 'mathewb'),
('cyyeung', 'S10084', 'Christopher Ying Ho Yeung', 'cyyeung@uci.edu', 'Engr ME', 'Senior', 1, 2, 1, '2013-02-21', '13:30:23', 'ayecheve'),
('ktemesge', 'S10072', 'Kibret Walelign Temesgen', 'ktemesge@uci.edu', 'Engr CE', 'Senior', 1, 2, 1, '2013-02-21', '13:30:38', 'mathewb'),
('adecarmo', 'S10030', 'Ashlee Wrenea Johnson', 'adecarmo@uci.edu', 'Engr BM', 'Senior', 1, 2, 1, '2013-02-21', '13:30:50', 'ayecheve'),
('thomasmd', 'S44638', 'Michael D. Thomas', 'thomasmd@uci.edu', 'I&C Sci', 'Senior', 1, 2, 1, '2013-02-21', '13:31:19', 'mathewb'),
('aykwok', 'S35992', 'Alexander Yiu-chung Kwok', 'aykwok@uci.edu', 'EngrChm', 'Sophomore', 1, 2, 1, '2013-02-21', '13:32:14', 'mathewb'),
('wongcy2', 'S35986', 'Chun Yim Wong', 'wongcy2@uci.edu', 'Engr CE', 'Senior', 1, 2, 1, '2013-02-21', '13:33:15', 'mathewb'),
('sophil2', 'S35980', 'Sophia Lin', 'sophil2@uci.edu', 'EngrChm', 'Graduate', 1, 2, 1, '2013-02-21', '13:39:04', 'mathewb'),
('skrakiri', 'S35974', 'Shahan Haig Krakirian', 'skrakiri@uci.edu', 'EngrEnv', 'Senior', 1, 2, 1, '2013-02-21', '13:40:28', 'mathewb'),
('alizcano', 'S35968', 'Anthony Perry Lizcano', 'alizcano@uci.edu', 'EngrEnv', 'Sophomore', 1, 2, 1, '2013-02-21', '13:41:30', 'mathewb'),
('dotv', 'S12988', 'Toan Viet Do', 'dotv@uci.edu', 'Engr CE', 'Senior', 1, 2, 1, '2013-02-21', '13:41:58', 'mathewb'),
('trentl', 'E77020', 'Trent Liu', 'trentl@uci.edu', 'Engr ME', 'Senior', 1, 2, 1, '2013-02-21', '13:46:03', 'mathewb'),
('sabdelgh', 'E77026', 'Sami Ali Abdelghani', 'sabdelgh@uci.edu', 'CSE', 'Junior', 1, 2, 1, '2013-02-21', '13:47:57', 'mathewb'),
('jcgariba', 'E77032', 'Juan Carlos Garibay', 'jcgariba@uci.edu', 'EngrBMP', 'Junior', 1, 2, 1, '2013-02-21', '13:52:18', 'mathewb'),
('sbecan', 'E71314', 'Sarah Jane Becan', 'sbecan@uci.edu', 'EngrChm', 'Junior', 1, 2, 1, '2013-02-21', '13:53:07', 'mathewb'),
('theog', 'E71308', 'Theo Gonzalez Alamilla', 'theog@uci.edu', 'Engr ME', 'Senior', 1, 2, 1, '2013-02-21', '13:54:19', 'mathewb'),
('esarco', 'E71302', 'Erick Sarco', 'esarco@uci.edu', 'Engr ME', 'Junior', 1, 2, 1, '2013-02-21', '13:55:02', 'mathewb'),
('jacobaj', 'E71296', 'Jacob Allen Jimenez', 'jacobaj@uci.edu', 'Engr ME', 'Junior', 1, 2, 1, '2013-02-21', '13:55:28', 'mathewb'),
('jsepulv1', 'E71284', 'Jose Sepulveda', 'jsepulv1@uci.edu', 'Engr AE', 'Sophomore', 1, 2, 1, '2013-02-21', '13:56:23', 'mathewb'),
('wyhsieh', 'E71290', 'Walter Y. Hsieh', 'wyhsieh@uci.edu', 'Engr AE', 'Junior', 1, 2, 1, '2013-02-21', '13:56:44', 'mathewb'),
('bisselld', 'E71278', 'Derek Michael Bissell', 'bisselld@uci.edu', 'EngrMAE', 'Graduate', 1, 2, 1, '2013-02-21', '13:57:23', 'mathewb'),
('fosteres', 'E71272', 'Eric Stephen Foster', 'fosteres@uci.edu', 'Engr AE', 'Senior', 1, 2, 1, '2013-02-21', '13:57:58', 'mathewb'),
('bhernaez', 'E68320', 'Brandon Anthony Hernaez', 'bhernaez@uci.edu', 'Engr AE', 'Senior', 1, 2, 1, '2013-02-21', '13:58:07', ''),
('chiakueh', 'E71218', 'Jason Hsu', 'chiakueh@uci.edu', 'Engr ME', 'Senior', 1, 2, 1, '2013-02-21', '13:58:26', 'mathewb'),
('rzane', 'E68326', 'Robert Benjamin Zane', 'rzane@uci.edu', 'Engr ME', 'Senior', 1, 2, 1, '2013-02-21', '13:58:39', ''),
('wonghs', 'E71212', 'Hong San Wong', 'wonghs@uci.edu', 'Engr EE', 'Senior', 1, 2, 1, '2013-02-21', '13:58:49', 'mathewb'),
('descofet', 'E68332', 'David Escofet Martin', 'descofet@uci.edu', 'EngrMAE', 'Graduate', 1, 2, 1, '2013-02-21', '13:59:20', ''),
('vmsauer', 'E71230', 'Vinicius Maron Sauer', 'vmsauer@uci.edu', 'EngrMAE', 'Graduate', 1, 2, 1, '2013-02-21', '13:59:22', 'mathewb'),
('marioa', 'E68338', 'Mario Ayala', 'marioa@uci.edu', 'Engr ME', 'Senior', 1, 2, 1, '2013-02-21', '13:59:39', ''),
('aroque', 'E68344', 'Abigail Roque', 'aroque@uci.edu', 'Engr CE', 'Junior', 1, 2, 1, '2013-02-21', '13:59:59', ''),
('samborok', 'E71224', 'Samboroth Kong', 'samborok@uci.edu', 'EngrMAE', 'Graduate', 1, 2, 1, '2013-02-21', '14:00:45', 'mathewb'),
('chowj6', 'E71242', 'Justin Chow', 'chowj6@uci.edu', 'EngrMAE', 'Graduate', 1, 2, 1, '2013-02-21', '14:02:00', 'mathewb'),
('wklei', 'E71236', 'Weng Kam Lei', 'wklei@uci.edu', 'Engr ME', 'Junior', 1, 2, 1, '2013-02-21', '14:03:24', 'mathewb'),
('mirghass', 'E71248', 'Saedeh Mirghasemi', 'mirghass@uci.edu', 'Engr ME', 'Senior', 1, 2, 1, '2013-02-21', '14:04:15', 'mathewb'),
('johntt', 'E71254', 'John Thanh-lam Tran', 'johntt@uci.edu', 'CSE', 'Junior', 1, 2, 1, '2013-02-21', '14:04:37', 'mathewb'),
('crystald', 'E71260', 'Crystal Minh Dang', 'crystald@uci.edu', 'Engr CE', 'Junior', 1, 2, 1, '2013-02-21', '14:05:03', 'mathewb'),
('terziana', 'E71266', 'Armand Terzian', 'terziana@uci.edu', 'Engr CE', 'Senior', 1, 2, 1, '2013-02-21', '14:05:50', 'mathewb'),
('teyoung', 'E81388', 'Tyler Evans Young', 'teyoung@uci.edu', 'CSE', 'Sophomore', 1, 2, 1, '2013-02-21', '14:06:09', 'mathewb'),
('alhassem', 'E81394', 'Mansoor A. Alhassen', 'alhassem@uci.edu', 'Engr CE', 'Senior', 1, 2, 1, '2013-02-21', '14:06:27', 'mathewb'),
('pganesh', 'E81382', 'Priyanka Ganesh', 'pganesh@uci.edu', 'Engr BM', 'Sophomore', 1, 2, 1, '2013-02-21', '14:06:54', 'mathewb'),
('dcarrion', '', 'Dinorah Carrion Rodriguez', 'dcarrion@uci.edu', 'CSE', 'Junior', 1, 2, 1, '2013-04-09', '13:58:34', '');
-- --------------------------------------------------------
--
-- Truncate table before insert `logon`
--
TRUNCATE TABLE `logon`;
-- --------------------------------------------------------
--
-- Dumping data for table `logon`
--
INSERT INTO `logon` (`ucinetid`, `password`, `last_login`, `date`, `time`) VALUES
('stburke', '70bf889814cd5d2f54c587bbdbd082b4', '2013-05-02 09:48:52', '0000-00-00', '00:00:00'),
('tkeo', '9d127ff383d595262c67036f50493133', '2013-02-22 22:40:40', '2013-02-15', '13:05:33'),
('ayecheve', '9d127ff383d595262c67036f50493133', '2013-02-24 21:50:14', '2013-02-15', '21:59:00'),
('brookse', '9d127ff383d595262c67036f50493133', '2013-02-28 06:35:41', '2013-02-17', '02:53:36'),
('mabazari', '9d127ff383d595262c67036f50493133', '2013-02-20 11:51:31', '2013-02-18', '19:06:54'),
('harrish1', '9d127ff383d595262c67036f50493133', '2013-02-21 08:22:35', '2013-02-18', '19:07:02'),
('wsing', '9d127ff383d595262c67036f50493133', '2013-02-20 09:35:06', '2013-02-18', '19:07:10'),
('ergomez1', '9d127ff383d595262c67036f50493133', '2013-02-19 22:53:16', '2013-02-18', '19:07:17'),
('mathewb', '9d127ff383d595262c67036f50493133', '2013-02-22 14:41:38', '2013-02-18', '19:07:25'),
('ashirif', '50fbfeba4e3f7d961ef37efafc41c81e', '2013-02-19 07:15:01', '2013-02-18', '19:07:46'),
('alandres', '9d127ff383d595262c67036f50493133', '2013-02-20 06:29:35', '2013-02-18', '19:07:55'),
('mbcurtis', '7a5c36803ac1b493561259e19574e0cd', '2013-02-22 09:59:21', '2013-02-18', '19:08:19'),
('jhlam', '1da6bbd0cca50bb9672646f1fabe34bb', '2013-02-21 12:39:29', '2013-02-19', '07:15:51'),
('apaul1', '97e5ab42a8e5d2dbe2cde419b54beaa5', '2013-02-21 10:31:24', '2013-02-19', '08:27:52'),
('rtramos', 'c7bf034f7c8b41b7966ac32fbbf6faf9', '2013-02-20 20:21:32', '2013-02-19', '09:01:26'),
('hanchelc', 'cdcac665f966e0ce3646f71610f68b3c', '2013-02-19 15:52:50', '2013-02-19', '09:04:43'),
('wgaieck', 'b8e0ad3c168c04c7fc556dccc82376df', '2013-02-19 06:32:44', '2013-02-19', '09:09:46'),
('irisl', 'f8581f88c593cd308ca878abd161bc72', '2013-02-21 15:13:32', '2013-02-19', '09:11:15'),
('carolyn', '4b78ca45de4dddf616dc64a9f8af6bf2', '2013-02-21 10:30:11', '2013-02-19', '09:12:02'),
('dlaffert', '4897a3379404171c4dcddc13b91b4427', '2013-02-19 06:39:16', '2013-02-19', '09:15:48'),
('smtorres', 'a9ae39f7998ae60f4884ffc232f8197a', '2013-02-20 12:45:11', '2013-02-19', '09:16:32'),
('ewengert', '9134a0037ecc0dfe4541cf25e2fbad57', '2013-02-19 06:40:12', '2013-02-19', '09:17:07'),
('lukb', 'e2a11e009b3983c1b2b956b60a531495', '2013-02-19 22:28:49', '2013-02-19', '09:19:40'),
('micheh1', 'e10adc3949ba59abbe56e057f20f883e', '2013-02-19 15:31:06', '2013-02-19', '09:20:26'),
('woov', 'e5d1868b18a40b88198ef061c29d4a07', '2013-02-19 09:15:29', '2013-02-19', '09:22:18'),
('siowd', '2a423a214f3d64cbb4759ac31342394c', '2013-02-19 13:41:58', '2013-02-19', '09:23:59'),
('davefeng', '00fb0186713f55e13f84b9d211290504', '2013-02-19 18:04:52', '2013-02-19', '09:27:30'),
('cfaraci', 'e322d13dde8b1e86f04a83a4603beafb', '2013-02-19 06:31:03', '2013-02-19', '09:27:36'),
('sjaganna', '24817e60958b7e6751e0606e64a959d5', '2013-02-19 07:08:49', '2013-02-19', '09:28:18'),
('isamare', '2ab651856e16bd313f4488c7ed75165c', '2013-02-19 08:19:32', '2013-02-19', '09:28:49'),
('meganal', '892763791156c3b101dd3449dd49cedf', '2013-02-19 14:09:20', '2013-02-19', '09:29:21'),
('tgocke', 'e10adc3949ba59abbe56e057f20f883e', '2013-02-19 07:40:19', '2013-02-19', '09:29:43'),
('mchengcu', '03999431e2d3201a5474da4a8bc8c283', '2013-02-19 07:24:26', '2013-02-19', '09:30:01'),
('rlozada', '07a867c0e87380f56def24b54e1a760d', '2013-02-19 12:46:15', '2013-02-19', '09:30:24'),
('lboucher', '62fc8643ac8d22209166f8f49c78d3c8', '2013-02-20 12:44:18', '2013-02-19', '09:30:40'),
('cmcalpin', '13e3ca22fe970537d7d12b73e6c94169', '2013-02-21 10:17:24', '2013-02-19', '09:30:56'),
('amarti12', '8ee6083fa5f314fe81042661edf6af71', '2013-02-19 07:57:16', '2013-02-19', '09:33:33'),
('tkwok', '7d151215beda07290595ba67b83b5b37', '2013-02-19 07:42:07', '2013-02-19', '09:35:04'),
('hnwilson', '75a9b3d7ecb1aa2034524335e9e5618f', '2013-02-19 07:59:32', '2013-02-19', '09:35:06'),
('kreichmu', '73e2d7ff456c9be14dad5e21ed92c1a1', '2013-02-19 07:27:36', '2013-02-19', '09:35:43'),
('libbyj', '2ba2044ccf818f18ded14cb2079e08a1', '2013-02-22 06:29:26', '2013-02-19', '09:35:47'),
('cjduncan', 'f7157b65d2d30363042e0fbdbd4c85e2', '2013-02-19 07:41:23', '2013-02-19', '09:36:28'),
('carrila1', '50d57630f81485e77b2ba0ad71bc5238', '2013-02-19 11:42:48', '2013-02-19', '09:37:53'),
('medinagj', 'a76369f244282ccfaa46ef710f5bbdfe', '2013-02-21 09:18:48', '2013-02-19', '09:40:44'),
('hingoran', '4671e823235d8e22bedb28d8041eeac7', '2013-02-19 07:23:18', '2013-02-19', '09:40:51'),
('catong', '9d4240ca1866b050462d70a6bb812b06', '2013-02-19 07:33:21', '2013-02-19', '09:41:13'),
('weiweic', '9adf6ae47c340469b6fbe528dcfe249c', '2013-02-19 07:26:49', '2013-02-19', '09:41:42'),
('jchinchi', '051b88ad3a27c21e7bfaf3d4629148c1', '2013-02-20 14:16:10', '2013-02-19', '09:41:45'),
('dplaza', '716eaabd63e62fc78ec9721d29140e79', '2013-02-19 07:21:02', '2013-02-19', '09:42:47'),
('malleym', 'bd1d0a526f618fc6788c8cf26139d3f9', '2013-02-19 15:08:28', '2013-02-19', '09:42:48'),
('kina', '4b0920907dca882be30efa6572d662b1', '2013-02-21 19:30:49', '2013-02-19', '09:43:58'),
('rkuehne', '3d4012a9741140a7c324db9f2bf457d9', '2013-02-19 07:06:22', '2013-02-19', '09:45:08'),
('allisosr', 'f465614ce1b93dab40e260f8912fa26f', '2013-02-19 13:59:45', '2013-02-19', '09:45:38'),
('pooriam', '517250d4f2ab3904033fe56bc5941707', '2013-02-19 07:01:19', '2013-02-19', '09:46:46'),
('aeghbal', '6caecd1dcb9416eb1f52ea481e668e61', '2013-02-19 07:05:00', '2013-02-19', '09:47:10'),
('hashouri', '84a47ea2d9f9657894d9dff5f1a3c1f6', '2013-02-19 07:41:13', '2013-02-19', '09:47:31'),
('yumengt', 'cebb4ada685c0a5719623649206193f6', '2013-02-19 07:25:28', '2013-02-19', '09:56:50'),
('jcgomez', '7ef175997a1462ee360e7397608b1f2a', '2013-02-19 07:15:50', '2013-02-19', '09:59:11'),
('amylp', '99e1208dbcdfb74c9bab42dd9d35b4bd', '2013-02-19 08:01:54', '2013-02-19', '10:03:49'),
('cuevasr', 'f77ddd532e3131431822a264e9d7c2a1', '2013-02-19 08:12:39', '2013-02-19', '10:04:21'),
('yoshimy', '03354517a52b5dac5ea3db4bca8572af', '2013-02-19 09:46:36', '2013-02-19', '10:07:19'),
('rwong3', '85e29e60b10a18a52e7519913597cae0', '2013-02-19 09:19:23', '2013-02-19', '10:08:17'),
('adngo', '9f5cb783773dbcbbff72bbafffd3baca', '2013-02-19 10:35:32', '2013-02-19', '10:09:01'),
('mannchuy', 'd3e3da5cef843b3769a8ac86bb22303d', '2013-02-19 07:42:37', '2013-02-19', '10:16:10'),
('emnguyen', '55cd938e7ed38f783bc860f1d4802611', '2013-02-19 08:15:08', '2013-02-19', '10:17:41'),
('atowstop', 'b97bb5685c9157894a32448693f94ebb', '2013-02-19 09:53:46', '2013-02-19', '10:18:31'),
('jhuleis', 'ecaed3aecbe842dfc6c527c773340741', '2013-02-21 15:07:08', '2013-02-19', '10:20:39'),
('ammercad', '38a631d0809991ef8f7787aca8ee06b0', '2013-02-19 20:12:06', '2013-02-19', '10:21:51'),
('gdy', 'e8e8b843f51de700458e5040d4a2bd48', '2013-02-19 07:58:54', '2013-02-19', '10:22:15'),
('dmoshref', 'bba2d2925be3f0ccba2ca34f43538481', '2013-02-19 10:07:12', '2013-02-19', '10:24:38'),
('kcutler', '822dcb609001d1f8f748386d4641de6b', '2013-02-21 08:04:25', '2013-02-19', '10:26:43'),
('jturcios', 'c971bb00421221c719494b00ad395231', '2013-02-19 22:09:45', '2013-02-19', '10:31:06'),
('tltran1', '064122a311d16bc34a982b045dea0482', '2013-02-19 14:25:51', '2013-02-19', '10:39:57'),
('jna1', 'a9e03de15fc5b68de4edf260f91b6631', '2013-02-19 08:03:14', '2013-02-19', '10:40:23'),
('amoussav', 'e5ab29eee37a2cb280c09963e3c4ab4b', '2013-02-19 07:56:43', '2013-02-19', '10:41:03'),
('rmhuynh', '42b521489cc507048316dc79d1477487', '2013-02-19 08:08:45', '2013-02-19', '10:55:32'),
('spasin', '6dfe91ca21ebe44252761db5cf5d46d5', '2013-02-20 06:05:06', '2013-02-19', '10:56:08'),
('mhvasque', '5c2fe7507650f265f32c5a6e46d025dc', '2013-02-19 08:41:43', '2013-02-19', '10:56:31'),
('magpantr', '0805d4341306347058c290d79cca202d', '2013-02-19 08:20:32', '2013-02-19', '11:01:32'),
('gcustodi', 'b8889467f02f46bcd9e4773d8df3196b', '2013-02-19 08:27:52', '2013-02-19', '11:01:54'),
('wcisnero', '373d3e2da88fad60147ca8e59dc276ab', '2013-02-19 13:10:18', '2013-02-19', '11:03:20'),
('acao', 'f59aa3dab67f521d113a7c632d40a3a9', '2013-02-19 08:26:06', '2013-02-19', '11:05:09'),
('whillhou', 'abeafe37967455691b3e12bbb0a583c0', '2013-02-19 21:26:29', '2013-02-19', '11:05:57'),
('ysantoro', '186f33e804ccf929a7b2400719608487', '2013-02-19 08:54:21', '2013-02-19', '11:08:54'),
('shlo', 'cdbf86db2eecd5713d8fe7e44818bc12', '2013-02-19 09:15:15', '2013-02-19', '11:09:51'),
('teddem', '68caef0fd1aa55bad4d34e556198e8bf', '2013-02-19 08:28:35', '2013-02-19', '11:09:53'),
('mardymaz', '0425d866458c4542cc1bf4d3ea2cace5', '2013-02-19 08:48:13', '2013-02-19', '11:10:46'),
('bpolson', '71a88b8da0071053dda4e482ac3aeeac', '2013-02-19 09:19:48', '2013-02-19', '11:15:00'),
('oortiz', '836742c7d1f8785c06278d735bc35322', '2013-02-19 08:36:34', '2013-02-19', '11:15:55'),
('shayans', 'e6ebd3a8571d67de81832439d01ec96e', '2013-02-19 16:22:29', '2013-02-19', '19:21:58'),
('ifrausto', '8b7901acd4570da3aa6cc614192e44fa', '2013-02-19 21:02:35', '2013-02-20', '00:01:38'),
('adipasup', '2fd80bf072462d513ba70b4476ac7618', '2013-02-20 00:28:16', '2013-02-20', '03:26:18'),
('carrilc1', 'aaecac6dfa2f03c00d32fde60c36c0ba', '2013-02-20 08:06:50', '2013-02-20', '09:28:36'),
('askaris', '9e6d887cff2e58f7b011a4e58ae529a6', '2013-02-20 07:01:46', '2013-02-20', '09:39:52'),
('xuny', 'e6aaf1b5b6aa78950555607e7b617ef6', '2013-02-20 10:46:23', '2013-02-20', '09:45:10'),
('jgisi', '840db8916b31d8f93686c7d07e147729', '2013-02-21 13:43:04', '2013-02-20', '09:49:27'),
('jparhusi', '39d1ff75c8740846a58fb8d34a1d97e8', '2013-02-20 11:23:58', '2013-02-20', '09:51:33'),
('ghebriam', 'b8333808493589d9949d22878b26f74c', '2013-02-20 13:31:29', '2013-02-20', '10:00:03'),
('chunht', '6285f63734b81b9c88e0dd31e56106cc', '2013-02-20 13:11:08', '2013-02-20', '10:00:06'),
('stevew1', '63c761239418e38d9bc2a5594274cc2f', '2013-02-20 11:40:11', '2013-02-20', '10:02:11'),
('slongj', '258ccec6918fdd5361782b94924d264d', '2013-02-20 07:34:21', '2013-02-20', '10:03:39'),
('rdwilson', 'a2824f73024f8730c621280c5ed33257', '2013-02-20 10:29:50', '2013-02-20', '10:05:12'),
('jesusjr', '519c0ac47131106da65ff0b8eadafb51', '2013-02-20 11:20:04', '2013-02-20', '10:08:02'),
('faizurr', '6129f02e068926066318cdf764d03b24', '2013-02-20 07:49:18', '2013-02-20', '10:10:26'),
('alicehc', 'dc752f7430614524c1486e7c0eb70f80', '2013-02-20 16:41:19', '2013-02-20', '10:12:15'),
('cheanj', '4a9e24fc3a61d538b362cf4284a2e7fc', '2013-02-20 11:37:46', '2013-02-20', '10:12:44'),
('dux1', '80210b685a36bcc6316b61e85ab54932', '2013-02-20 12:55:41', '2013-02-20', '10:23:01'),
('jymartin', 'e14bc8ce439edd880401487aab98335b', '2013-02-22 14:58:37', '2013-02-20', '10:24:19'),
('dokp', 'c2748ad6c010f9e975b76870fbdaa06c', '2013-02-20 13:31:31', '2013-02-20', '10:24:48'),
('schmitzj', 'b8f53bafca3032170532fe95f151815d', '2013-02-20 08:01:16', '2013-02-20', '10:34:15'),
('ctran13', '8d01ccfd04574d38fdbe3a774a399059', '2013-02-24 17:35:35', '2013-02-20', '10:51:09'),
('rdjames', '768588ef80150719316f7d03b528429c', '2013-02-20 09:55:42', '2013-02-20', '11:02:12'),
('japostol', '2697d076f8b2c99d37f96e27f1ec4327', '2013-02-20 14:17:51', '2013-02-20', '11:06:47'),
('ynasr', 'f3c6e7370bdd51de7a81b4fe8e1661fa', '2013-02-20 12:11:28', '2013-02-20', '11:12:23'),
('prprabhu', 'dac184c80a6434d002f6b813f1739035', '2013-02-20 10:10:36', '2013-02-20', '11:39:14'),
('bpattabh', 'c93d4cae1ff421abea0cdc6eb348f77c', '2013-02-20 11:54:00', '2013-02-20', '11:40:43'),
('dschu', '3ad86a7ae293a321cd93c261a620a07a', '2013-02-21 13:20:38', '2013-02-20', '11:45:03'),
('kteeter', '13e9e2cc7f6b00cd99c6cd1096047957', '2013-02-25 18:04:58', '2013-02-20', '11:45:52'),
('murbino', '5f13203a28cb1bc7d2a41faeccf40ad8', '2013-02-20 08:49:41', '2013-02-20', '11:48:29'),
('ioushiaw', '439a5ef1612aed8ac2fedec0d3d5e192', '2013-02-20 12:07:51', '2013-02-20', '11:50:07'),
('dshin3', '40c1a53ef4266e4408217bf78230c7c0', '2013-02-20 10:30:06', '2013-02-20', '11:50:45'),
('syquimsm', 'e9646d086a37906e5bec4323d3b37c9b', '2013-02-20 10:16:10', '2013-02-20', '12:09:34'),
('garyc1', 'a4434cce82cb3bf19af31ff519cb445f', '2013-02-20 12:40:01', '2013-02-20', '12:41:33'),
('pchoudha', 'b4f9d150c57cbdca015c7b60a61c6b83', '2013-02-21 06:39:53', '2013-02-20', '12:49:28'),
('linfordj', 'b86750491c8b9e4c3d002928e0baafbf', '2013-02-20 11:01:09', '2013-02-20', '12:52:52'),
('skuruvil', 'd9d5f45e7ff3f68c97f705a90412fb36', '2013-02-21 07:24:12', '2013-02-20', '12:57:17'),
('tingyic', 'c0ff5e948bf11578340aa0f54b3f372b', '2013-02-20 12:13:48', '2013-02-20', '12:57:37');
INSERT INTO `logon` (`ucinetid`, `password`, `last_login`, `date`, `time`) VALUES
('kdave', 'f203b3a383f43a56606a11a6761453b3', '2013-02-20 19:45:18', '2013-02-20', '13:00:32'),
('mulinc', '0fd5cd8ef81409fbb3f57e937000a3c9', '2013-02-21 21:51:48', '2013-02-20', '13:10:19'),
('fsysu', '9d87477244077aed497ae25deb568c5b', '2013-02-20 11:10:05', '2013-02-20', '13:22:04'),
('boyerj', 'b542d7e1cdbb80da6bbea605849b159a', '2013-02-20 11:30:31', '2013-02-20', '13:52:31'),
('madrigar', '98cc972090eaafc4a9af0c265f5275dd', '2013-02-21 10:18:20', '2013-02-20', '14:53:05'),
('akhavanm', '7a3366a3562c0e4bdc8e280f986eed14', '2013-02-21 05:18:28', '2013-02-20', '15:03:23'),
('aazizian', '16afa4e1fb6014843699d97894e4dbbf', '2013-02-20 16:31:13', '2013-02-20', '15:03:53'),
('rramlall', '2aa8c68eafc11e3e794f0afd5febffe3', '2013-02-20 13:36:24', '2013-02-20', '16:35:32'),
('sramlall', 'b5bbb40db53ed45a6cc0caff609334bb', '2013-02-20 13:39:02', '2013-02-20', '16:38:15'),
('bongawan', '2c77dfc8eb42f232d819d10ef198ca15', '2013-02-20 17:06:14', '2013-02-20', '20:04:54'),
('achuong', 'a9b6909907f1c4637c684b7fc23a1099', '2013-02-21 09:22:38', '2013-02-21', '10:51:09'),
('yuyux', '42a85996be7d35624bacd9fdc58b95a9', '2013-02-25 08:59:03', '2013-02-21', '10:54:04'),
('mingw3', 'd7494fec8e4fcbf75696a7d31df4a53a', '2013-02-21 08:20:48', '2013-02-21', '10:55:10'),
('xiaojiw', '0d10734d4d2bbfda3bec15ed728eef2d', '2013-02-21 09:12:30', '2013-02-21', '10:57:22'),
('patelta', '114502f33bf9b4ba3ef7ae5e0fa746f4', '2013-02-21 16:54:12', '2013-02-21', '10:58:19'),
('sarahml', '30f4686a26453ee580bce71ec5ed3186', '2013-02-21 11:20:41', '2013-02-21', '10:59:08'),
('elkwan', '918e6039c25d5ee807086973d14540f9', '2013-02-21 11:16:42', '2013-02-21', '11:00:47'),
('dmcvay', 'e6b477ddd69e7f740c50613d02b421f5', '2013-02-21 08:20:12', '2013-02-21', '11:02:39'),
('jfkast', '49aebb0b7d5ea31227e7b31fd35e2474', '2013-02-21 09:43:17', '2013-02-21', '11:03:01'),
('katherlw', '02c1f9d26134fde8f9461f202d23a3da', '2013-02-21 08:45:54', '2013-02-21', '11:03:14'),
('chinsh', 'afa96609cb5eaee9ed3d1a226d39a3fb', '2013-02-21 20:07:14', '2013-02-21', '11:09:26'),
('meierj', 'ea590da889e8a1cb2c371a47cb18ff4c', '2013-02-21 15:57:56', '2013-02-21', '11:14:10'),
('shanw3', '8e36607a6e360b5b8435a69e55bd7ae2', '2013-02-26 15:17:49', '2013-02-21', '11:22:20'),
('mrrahimi', 'c04ef5593874fa27e49ef2130e39c905', '2013-02-21 12:03:35', '2013-02-21', '11:23:36'),
('miguelap', '3573617c59bb0248c2e6620efd823907', '2013-02-25 05:50:07', '2013-02-21', '11:25:33'),
('stimko', '5d554bc5f3d2cd182cdd0952b1fb87ca', '2013-02-21 09:29:37', '2013-02-21', '11:29:16'),
('tianxiz', 'c9b20e10e417e477e12096fb4a1f45a4', '2013-02-21 09:22:50', '2013-02-21', '11:31:05'),
('mengl5', 'e17e9d358eeb59546c042fd5e8911d1f', '2013-02-21 09:04:33', '2013-02-21', '11:31:43'),
('achu4', '870ea6e2cac12f35da7e9b35593cafe7', '2013-02-21 08:46:32', '2013-02-21', '11:33:56'),
('mkhairy', '14ed1a22176d3805f01deeab4c7aae03', '2013-02-21 11:10:08', '2013-02-21', '11:48:40'),
('jihangl', 'fafef897ad03d329ff2fe3dae6a03aa6', '2013-02-22 18:07:52', '2013-02-21', '12:02:38'),
('alexbl', '33cc28dd73ca1173a4d727023d3528ee', '2013-02-21 09:58:20', '2013-02-21', '12:06:03'),
('lxkong', '555c32ae58c607dcfa2bd9c5b12ace54', '2013-02-21 10:17:12', '2013-02-21', '12:07:27'),
('steffenp', 'a2535ecbbd9c3335fb14135bb10c7601', '2013-02-21 16:54:55', '2013-02-21', '12:19:45'),
('minamih', 'f4633b9c16e10d83ddb471a5b19c9045', '2013-02-21 10:22:58', '2013-02-21', '12:21:32'),
('khosford', '7334e560bd045a892188e8e82c455a90', '2013-02-21 12:00:30', '2013-02-21', '12:21:58'),
('jchumbip', 'fca9343bc5321e94fbf2e6b72d738873', '2013-02-21 11:41:49', '2013-02-21', '12:23:55'),
('luongw1', '9c690629677c999da25c6db1f0a42a6d', '2013-02-21 11:00:24', '2013-02-21', '12:24:57'),
('kaviah', '68ab5f3a49599cba1fa36c522767fcd7', '2013-02-25 13:36:15', '2013-02-21', '12:28:59'),
('skabiri', '206bcbcaa0ee8bc28c84da898e1f8b61', '2013-02-21 10:28:23', '2013-02-21', '12:32:00'),
('eykwan', '414a03cba93597d7527f3d9f5a4369bd', '2013-02-21 10:09:14', '2013-02-21', '12:35:35'),
('chikhant', '8f30543eca267b4420d4f842d2b13ab4', '2013-02-23 13:37:05', '2013-02-21', '12:36:44'),
('kppham', '001ef3b9a4b08c0f23c503ccde4e2ef7', '2013-02-21 13:38:19', '2013-02-21', '12:36:53'),
('kkalsoom', '1c93c3b2099f8a3def2415eec87bf7b1', '2013-02-21 14:06:24', '2013-02-21', '12:39:41'),
('kmdnahid', '992f71412b41f71623ab6e083dec29a9', '2013-02-21 10:30:51', '2013-02-21', '12:40:09'),
('shreyajp', '8b62672545481f31529e3b1f90a9dc4f', '2013-02-24 11:54:18', '2013-02-21', '12:41:36'),
('bkhuong', '040a158c9bac95850a23d5e2d49fee31', '2013-02-21 10:15:54', '2013-02-21', '12:47:09'),
('umukherj', '79cfab624c6f02057146c1cdadff2edf', '2013-02-21 10:25:09', '2013-02-21', '12:58:41'),
('minfeio', 'b94165b793dc7b2100e738742f9d5c50', '2013-02-21 10:41:00', '2013-02-21', '13:02:08'),
('krtran', '5e3649480ba85756feabc68f876bd811', '2013-02-22 12:45:35', '2013-02-21', '13:10:41'),
('felicifm', '15fbcc8525fa1c824777dcf5fb2d684e', '2013-02-21 12:48:43', '2013-02-21', '13:15:38'),
('dcheng4', 'f6bef136beba023ec3e2df57e975f802', '2013-02-21 23:13:41', '2013-02-21', '13:27:57'),
('lavalos', '8193b9872857fb686fdc00cf5d3f2751', '2013-02-21 18:01:54', '2013-02-21', '13:27:59'),
('vsun', '797dcd83e1cd5a1be55a3fd88c4bc67d', '2013-02-21 13:39:10', '2013-02-21', '13:28:50'),
('hellers', 'b55a88f619a4702039cd0ed6b8ca10ef', '2013-02-21 16:22:50', '2013-02-21', '13:29:36'),
('sbecan', '618f450ea9025cbf7846af20827b83ed', '2013-02-21 12:48:53', '2013-02-21', '13:53:07'),
('jsepulv1', 'df1afba33a89b39a8db00c99290a45bf', '2013-02-21 14:55:55', '2013-02-21', '13:56:23'),
('alhassem', 'f11bf5bdc67aef18008ee51caddbb847', '2013-02-21 11:46:43', '2013-02-21', '14:06:27');
/*!40101 SET CHARACTER_SET_CLIENT=@OLD_CHARACTER_SET_CLIENT */;
/*!40101 SET CHARACTER_SET_RESULTS=@OLD_CHARACTER_SET_RESULTS */;
/*!40101 SET COLLATION_CONNECTION=@OLD_COLLATION_CONNECTION */;