-- phpMyAdmin SQL Dump
-- version 4.3.8
-- http://www.phpmyadmin.net
--
-- Host: localhost
-- Generation Time: Feb 04, 2016 at 01:18 PM
-- Server version: 5.1.73
-- PHP Version: 5.3.3
SET SQL_MODE = "NO_AUTO_VALUE_ON_ZERO";
SET time_zone = "+00:00";
/*!40101 SET @OLD_CHARACTER_SET_CLIENT=@@CHARACTER_SET_CLIENT */;
/*!40101 SET @OLD_CHARACTER_SET_RESULTS=@@CHARACTER_SET_RESULTS */;
/*!40101 SET @OLD_COLLATION_CONNECTION=@@COLLATION_CONNECTION */;
/*!40101 SET NAMES utf8 */;
--
-- Database: `escan`
--
-- --------------------------------------------------------
--
-- Truncate table before insert `barcodes`
--
TRUNCATE TABLE `barcodes`;
-- --------------------------------------------------------
--
-- Dumping data for table `barcodes`
--
INSERT INTO `barcodes` (`barcode`, `ucinetid`, `date`, `time`, `volunteer`) VALUES
('E68398', 'dbaldo', '2015-02-18', '19:08:45', 'dbaldo'),
('E71206', 'jhalog', '2015-02-18', '19:47:34', 'vinsont'),
('E68392', 'vgudi', '2015-02-18', '19:50:06', 'vinsont'),
('E61138', 'ethanp', '2015-02-23', '11:29:15', 'vinsont'),
('E74140', 'wagnew', '2015-02-23', '11:31:12', 'vinsont'),
('E53992', 'dahangam', '2015-02-23', '11:37:16', 'vinsont'),
('E53962', 'carolar1', '2015-02-23', '11:38:51', 'vinsont'),
('E74866', 'aleaton', '2015-02-23', '11:40:05', 'vinsont'),
('E61216', 'kkrishn1', '2015-02-23', '11:40:47', 'vinsont'),
('E74902', 'jiabinc1', '2015-02-23', '11:41:57', 'vinsont'),
('E74860', 'chicoa', '2015-02-23', '11:42:31', 'vinsont'),
('E61198', 'chunc5', '2015-02-23', '11:43:16', 'vinsont'),
('E74104', 'ebandek', '2015-02-23', '11:43:45', 'vinsont'),
('E60496', 'vinsont', '2015-02-23', '11:45:34', 'vinsont'),
('E76318', 'bclarson', '2015-02-23', '11:46:56', 'vinsont'),
('E61192', 'duquea', '2015-02-23', '11:47:26', 'vinsont'),
('E74896', 'japostol', '2015-02-23', '11:48:09', 'vinsont'),
('E54022', 'kelvinhp', '2015-02-23', '11:48:34', 'agevange'),
('E76324', 'sabeenas', '2015-02-23', '11:48:49', 'vinsont'),
('E76282', 'mluis', '2015-02-23', '11:49:20', 'vinsont'),
('E53944', 'kdhansen', '2015-02-23', '11:50:18', 'agevange'),
('E55372', 'ksafar', '2015-02-23', '11:50:39', 'vinsont'),
('E76312', 'jwking', '2015-02-23', '11:50:58', 'agevange'),
('E61948', 'siqil2', '2015-02-23', '11:51:44', 'vinsont'),
('E52492', 'julya', '2015-02-23', '11:51:50', 'agevange'),
('E59704', 'vgudi', '2015-02-23', '11:52:54', 'vinsont'),
('E55468', 'mantimie', '2015-02-23', '11:53:39', 'vinsont'),
('E74110', 'mwijetun', '2015-02-23', '11:53:45', 'agevange'),
('E54670', 'danaah', '2015-02-23', '11:54:18', 'agevange'),
('E74146', 'rhlee1', '2015-02-23', '11:54:42', 'agevange'),
('E61156', 'amberf', '2015-02-23', '11:54:56', 'vinsont'),
('E54034', 'michaenn', '2015-02-23', '11:55:13', 'agevange'),
('E54748', 'lcgalleg', '2015-02-23', '11:55:52', 'agevange'),
('E60424', 'yxian', '2015-02-23', '11:55:54', 'vinsont'),
('E60436', 'tjrasmus', '2015-02-23', '11:56:34', 'agevange'),
('E76294', 'patricjl', '2015-02-23', '11:58:36', 'agevange'),
('E59734', 'octavim', '2015-02-23', '11:59:42', 'vinsont'),
('E74830', 'ifrausto', '2015-02-23', '12:00:35', 'agevange'),
('E74890', 'sungsool', '2015-02-23', '12:01:04', 'vinsont'),
('E74824', 'buaguila', '2015-02-23', '12:01:04', 'agevange'),
('E52504', 'ypeiris', '2015-02-23', '12:01:45', 'vinsont'),
('E76270', 'mhanraha', '2015-02-23', '12:02:34', 'agevange'),
('E55462', 'amoussav', '2015-02-23', '12:03:01', 'agevange'),
('E60514', 'akchong', '2015-02-23', '12:03:14', 'agevange'),
('E55444', 'luongw1', '2015-02-23', '12:03:17', 'vinsont'),
('E55360', 'sfkanji', '2015-02-23', '12:04:38', 'vinsont'),
('E60502', 'awchao', '2015-02-23', '12:04:39', 'agevange'),
('E76276', 'davyh1', '2015-02-23', '12:04:59', 'agevange'),
('E55426', 'bvazque1', '2015-02-23', '12:05:46', 'agevange'),
('E52546', 'calvidn2', '2015-02-23', '12:08:07', 'agevange'),
('E54730', 'aalvara', '2015-02-23', '12:08:26', 'vinsont'),
('E60418', 'daniloa', '2015-02-23', '12:09:24', 'vinsont'),
('E76330', 'hanqt', '2015-02-23', '12:10:24', 'agevange'),
('E76354', 'lhishinu', '2015-02-23', '12:10:54', 'agevange'),
('E61204', 'renteril', '2015-02-23', '12:10:56', 'vinsont'),
('E61222', 'kkitani', '2015-02-23', '12:11:08', 'agevange'),
('E54754', 'deysia', '2015-02-23', '12:12:40', 'agevange'),
('E74086', 'natalic1', '2015-02-23', '12:12:44', 'vinsont'),
('E59686', 'cantarel', '2015-02-23', '12:12:55', 'agevange'),
('E61210', 'basravis', '2015-02-23', '12:13:16', 'agevange'),
('E61954', 'osaeby', '2015-02-23', '12:13:40', 'vinsont'),
('E60442', 'fmagaoay', '2015-02-23', '12:14:41', 'agevange'),
('E74080', 'hingoran', '2015-02-23', '12:15:25', 'vinsont'),
('E55438', 'kwalley', '2015-02-23', '12:16:25', 'agevange'),
('E74872', 'scsun', '2015-02-23', '12:18:16', 'vinsont'),
('E54640', 'andrewh3', '2015-02-23', '12:18:33', 'agevange'),
('E60430', 'rnoguera', '2015-02-23', '12:20:55', 'vinsont'),
('E74884', 'rtejeda1', '2015-02-23', '12:21:38', 'agevange'),
('E55474', 'farabi', '2015-02-23', '12:24:19', 'vinsont'),
('E61150', 'ogunasek', '2015-02-23', '12:24:23', 'agevange'),
('E74800', 'amagtoto', '2015-02-23', '12:24:47', 'vinsont'),
('E55450', 'niuc', '2015-02-23', '12:30:03', 'vinsont'),
('E74908', 'nimishd', '2015-02-23', '12:30:07', 'agevange'),
('E61858', 'erademac', '2015-02-23', '12:36:59', 'vinsont'),
('E55402', 'cmena1', '2015-02-23', '12:39:24', 'agevange'),
('E60478', 'hvalverd', '2015-02-23', '12:40:01', 'agevange'),
('E74836', 'swarilm', '2015-02-23', '12:44:35', 'agevange'),
('E60412', 'dimasa', '2015-02-23', '12:47:39', 'agevange'),
('E61126', 'alirezak', '2015-02-23', '12:48:09', 'agevange'),
('E61852', 'lxvu', '2015-02-23', '12:50:30', 'vinsont'),
('E54712', 'yvonnl2', '2015-02-23', '12:51:43', 'agevange'),
('E76300', 'nhegde', '2015-02-23', '12:52:10', 'vinsont'),
('E54004', 'apeesapa', '2015-02-23', '12:52:37', 'agevange'),
('E55396', 'bmugg', '2015-02-23', '12:53:21', 'agevange'),
('E61846', 'jimmyn2', '2015-02-23', '12:53:42', 'vinsont'),
('E54028', 'phamd3', '2015-02-23', '12:53:45', 'agevange'),
('E74122', 'gilberh1', '2015-02-23', '12:54:06', 'vinsont'),
('E61840', 'acolumbu', '2015-02-23', '12:54:45', 'agevange'),
('E54742', 'sdinh2', '2015-02-23', '12:55:12', 'vinsont'),
('E54724', 'tsulliva', '2015-02-23', '12:57:40', 'vinsont'),
('E54010', 'kjchang1', '2015-02-23', '12:59:19', 'agevange'),
('E52516', 'cggao', '2015-02-23', '12:59:20', 'vinsont'),
('E61912', 'lzhuang1', '2015-02-23', '13:01:39', 'agevange'),
('E61906', 'wsing', '2015-02-23', '13:02:27', 'agevange'),
('E61882', 'mbthomas', '2015-02-23', '13:03:08', 'agevange'),
('E61930', 'anujsp', '2015-02-23', '13:04:43', 'agevange'),
('E61870', 'niwong', '2015-02-23', '13:06:18', 'agevange'),
('E59680', 'yians3', '2015-02-23', '13:11:35', 'agevange'),
('E61894', 'mgarg', '2015-02-23', '13:11:57', 'agevange'),
('E74182', 'mathewb', '2015-02-23', '13:16:12', 'agevange'),
('E55414', 'dhli1', '2015-02-23', '13:16:57', 'agevange'),
('E54646', 'ortegajg', '2015-02-23', '13:20:57', 'agevange'),
('E74842', 'augustip', '2015-02-23', '13:21:12', 'agevange'),
('E74854', 'cschoenb', '2015-02-23', '13:21:34', 'agevange'),
('E60472', 'nakatsus', '2015-02-23', '13:21:49', 'agevange'),
('E61876', 'cynthict', '2015-02-23', '13:22:30', 'agevange'),
('E59698', 'mstrasse', '2015-02-23', '13:23:14', 'agevange'),
('E59782', 'spebwort', '2015-02-23', '13:31:15', 'agevange'),
('E76288', 'bquibol', '2015-02-23', '13:34:28', 'agevange'),
('E61900', 'eirap', '2015-02-23', '13:38:20', 'agevange'),
('E61888', 'rdwilson', '2015-02-23', '13:46:16', 'agevange'),
('E74128', 'jjorteg1', '2015-02-23', '13:46:44', 'agevange'),
('E76348', 'macasio', '2015-02-23', '13:51:17', 'agevange'),
('E54736', 'phartley', '2015-02-23', '13:53:58', 'agevange'),
('E61936', 'mckelld', '2015-02-23', '13:54:45', 'agevange'),
('E74176', 'kyrael', '2015-02-23', '13:56:15', 'agevange'),
('E74848', 'bolar', '2015-02-23', '13:56:51', 'agevange'),
('E61918', 'cerdae', '2015-02-23', '13:57:47', 'agevange'),
('E61924', 'ajlund', '2015-02-23', '13:58:10', 'agevange'),
('E61942', 'luongmj', '2015-02-23', '13:58:33', 'agevange'),
('E52552', 'katherkt', '2015-02-23', '13:59:00', 'agevange'),
('E60454', 'raymoy1', '2015-02-23', '14:00:48', 'agevange'),
('E55390', 'jlevsen', '2015-02-23', '14:01:54', 'agevange'),
('E52534', 'cgaguila', '2015-02-23', '14:02:35', 'agevange'),
('E55366', 'givehchi', '2015-02-23', '14:09:26', 'agevange'),
('E52498', 'mmaradia', '2015-02-24', '09:19:25', 'vinsont'),
('E53986', 'pateldy', '2015-02-24', '12:06:29', ''),
('E60406', 'relejald', '2015-02-24', '13:10:41', ''),
('A313139', 'emannari', '2015-02-26', '01:17:30', 'vinsont'),
('A155107', 'aazizian', '2015-02-26', '02:09:36', 'vinsont'),
('A174861', 'francil1', '2015-02-26', '02:09:49', 'vinsont'),
('A135353', 'abhardw1', '2015-02-26', '02:10:26', 'vinsont'),
('A115599', 'yiwenw8', '2015-02-26', '02:10:38', 'vinsont'),
('A056337', 'yixianz', '2015-02-26', '02:19:54', 'vinsont'),
('A095845', 'kamelend', '2015-02-26', '02:20:12', 'vinsont'),
('A076091', 'peiyuanl', '2015-02-26', '02:20:41', 'vinsont'),
('A104217', 'farabsha', '2015-02-26', '02:21:11', 'vinsont'),
('A013035', 'schmitzj', '2015-02-26', '02:25:39', 'vinsont'),
('A002162', 'anjanakp', '2015-02-26', '02:28:37', 'vinsont'),
('A058626', 'gpilliti', '2015-02-26', '02:29:49', 'vinsont'),
('A028232', 'hbahua', '2015-02-26', '02:30:10', 'vinsont'),
('A043429', 'aboopala', '2015-02-26', '02:30:23', 'vinsont'),
('A274321', 'nsugiart', '2015-02-26', '02:36:44', 'vinsont'),
('A026069', 'samuelmr', '2015-02-26', '02:37:15', 'vinsont'),
('A064657', 'hoainhun', '2015-02-26', '02:37:34', 'vinsont'),
('A163361', 'juyil', '2015-02-26', '02:38:23', 'vinsont'),
('A668563', 'ehyuen', '2015-02-26', '02:39:56', 'vinsont'),
('A611721', 'aditib', '2015-02-26', '02:40:06', 'vinsont'),
('A583300', 'davidhn2', '2015-02-26', '02:40:25', 'vinsont'),
('A526452', 'ykchung', '2015-02-26', '02:40:46', 'vinsont'),
('A469616', 'khnguye2', '2015-02-26', '02:41:09', 'vinsont'),
('A441195', 'mdbui', '2015-02-26', '02:41:26', 'vinsont'),
('A384353', 'soazeemu', '2015-02-26', '02:41:52', 'vinsont'),
('A355932', 'lsafavit', '2015-02-26', '02:42:13', 'vinsont'),
('A128561', 'jfont', '2015-02-26', '02:42:35', 'vinsont'),
('A128564', 'jfont', '2015-02-26', '02:42:46', 'vinsont'),
('A185406', 'priceaj', '2015-02-26', '02:43:27', 'vinsont'),
('A213827', 'amnavarr', '2015-02-26', '02:44:37', 'vinsont'),
('A242248', 'bgmaldon', '2015-02-26', '02:46:24', 'vinsont'),
('A270669', 'pkharazm', '2015-02-26', '02:46:34', 'vinsont'),
('A299090', 'csribhib', '2015-02-26', '02:46:42', 'vinsont'),
('A102775', 'djaimes', '2015-02-26', '02:48:05', 'vinsont'),
('A059861', 'ibenitez', '2015-02-26', '02:48:22', 'vinsont'),
('A000745', 'gian', '2015-02-26', '02:48:34', 'vinsont'),
('A127201', 'andym2', '2015-02-26', '02:49:21', 'vinsont'),
('A004377', 'abiasiol', '2015-02-26', '02:50:38', 'vinsont'),
('A119577', 'tvtaing', '2015-02-26', '02:51:02', 'vinsont'),
('A004601', 'yifeis5', '2015-02-26', '02:51:25', 'vinsont'),
('A019457', 'ngojc', '2015-02-26', '02:52:40', 'vinsont'),
('A156985', 'szomorod', '2015-02-26', '02:54:06', 'vinsont'),
('A015111', 'ashutoks', '2015-02-26', '03:12:17', 'vinsont'),
('A014236', 'pborden', '2015-02-26', '03:12:25', 'vinsont'),
('A694377', 'orozcojd', '2015-02-26', '03:12:49', 'vinsont'),
('A184938', 'cude', '2015-02-26', '03:12:57', 'vinsont'),
('A100356', 'egchung', '2015-02-26', '03:13:09', 'vinsont'),
('A000569', 'rahnamam', '2015-02-26', '03:14:35', 'vinsont'),
('A000345', 'davefeng', '2015-02-26', '03:14:57', 'vinsont'),
('A003705', 'christsv', '2015-02-26', '03:15:06', 'vinsont'),
('A003481', 'hmcintos', '2015-02-26', '03:15:24', 'vinsont'),
('A017195', 'hgreene', '2015-02-26', '03:15:33', 'vinsont'),
('A013716', 'jglong', '2015-02-26', '03:15:41', 'vinsont'),
('A000793', 'patricl4', '2015-02-26', '03:17:26', 'vinsont'),
('A001017', 'patricl4', '2015-02-26', '03:17:39', 'vinsont'),
('A030496', 'spenceh1', '2015-02-26', '03:17:46', 'vinsont'),
('A07392', 'hellers', '2015-02-26', '03:17:53', 'vinsont'),
('A003179', 'canguy', '2015-02-26', '03:18:03', 'vinsont'),
('A015307', 'kdevezin', '2015-02-26', '03:20:15', 'vinsont'),
('A001399', 'dinglefi', '2015-02-26', '03:20:23', 'vinsont'),
('A016913', 'cnlai', '2015-02-26', '03:21:10', 'vinsont'),
('A190121', 'phip1', '2015-02-26', '09:49:35', 'vinsont'),
('E76336', 'sbumatay', '2015-02-26', '09:51:28', 'vinsont'),
('E55378', 'vpaneto', '2015-02-26', '09:51:38', 'vinsont'),
('A097249', 'trieuk1', '2015-02-26', '09:51:47', 'vinsont'),
('A090421', 'vasilem', '2015-02-26', '09:52:27', 'vinsont'),
('A021788', 'diegos', '2015-02-26', '09:52:43', 'vinsont'),
('A023965', 'jdblock', '2015-02-26', '09:53:06', 'vinsont'),
('A042929', 'darlynh', '2015-02-26', '09:53:35', 'vinsont'),
('A010337', 'jjdickso', '2015-02-26', '09:54:01', 'vinsont'),
('A157565', 'dkeady', '2015-02-26', '09:54:26', 'vinsont'),
('A129551', 'directoc', '2015-02-26', '09:55:23', 'vinsont'),
('E53932', 'chauym', '2015-02-26', '09:57:11', 'agevange'),
('A003821', 'faberj', '2015-02-26', '09:58:57', 'vinsont'),
('A124691', 'bliang4', '2015-02-26', '09:59:03', 'agevange'),
('A019611', 'kfrobins', '2015-02-26', '09:59:05', 'vinsont'),
('A073523', 'ajfoley', '2015-02-26', '09:59:42', 'vinsont'),
('A026633', 'sadeghm1', '2015-02-26', '10:00:06', 'agevange'),
('A006758', 'yent2', '2015-02-26', '10:00:13', 'vinsont'),
('A032925', 'srahimin', '2015-02-26', '10:00:43', 'agevange'),
('A054847', 'kqolagha', '2015-02-26', '10:00:46', 'vinsont'),
('A072996', 'hingeved', '2015-02-26', '10:01:32', 'agevange'),
('A066277', 'dguterre', '2015-02-26', '10:02:03', 'agevange'),
('A036171', 'cuevan', '2015-02-26', '10:02:05', 'vinsont'),
('A009283', 'niq', '2015-02-26', '10:02:16', 'vinsont'),
('A038069', 'maaw', '2015-02-26', '10:02:50', 'vinsont'),
('A008393', 'jndeguzm', '2015-02-26', '10:02:59', 'vinsont'),
('A000636', 'jeffrewh', '2015-02-26', '10:03:31', 'agevange'),
('A057511', 'rdeghion', '2015-02-26', '10:03:43', 'vinsont'),
('A003279', 'rjamir', '2015-02-26', '10:04:13', 'vinsont'),
('A000595', 'robertjf', '2015-02-26', '10:04:16', 'agevange'),
('A065771', 'aaskari1', '2015-02-26', '10:04:22', 'vinsont'),
('A000963', 'kbarling', '2015-02-26', '10:04:29', 'agevange'),
('A028268', 'coramire', '2015-02-26', '10:05:28', 'agevange'),
('A039501', 'ceachus', '2015-02-26', '10:05:53', 'vinsont'),
('A079397', 'csrun', '2015-02-26', '10:06:04', 'agevange'),
('A021301', 'eaparker', '2015-02-26', '10:06:32', 'agevange'),
('A007757', 'khang', '2015-02-26', '10:06:32', 'vinsont'),
('A013861', 'franciah', '2015-02-26', '10:06:56', 'vinsont'),
('A096692', 'lintg', '2015-02-26', '10:06:57', 'agevange'),
('A106999', 'joyas', '2015-02-26', '10:07:09', 'agevange'),
('A048506', 'brewercm', '2015-02-26', '10:07:20', 'vinsont'),
('A071297', 'mwrodrig', '2015-02-26', '10:07:27', 'agevange'),
('A059225', 'lamcy1', '2015-02-26', '10:08:02', 'agevange'),
('A009144', 'connerls', '2015-02-26', '10:08:16', 'agevange'),
('E53956', 'rbarekat', '2015-02-26', '10:08:35', 'agevange'),
('E55384', 'alexmh1', '2015-02-26', '10:09:03', 'vinsont'),
('E59728', 'dennisam', '2015-02-26', '10:09:12', 'vinsont'),
('E54664', 'maijp', '2015-02-26', '10:09:26', 'vinsont'),
('E52564', 'ahormaza', '2015-02-26', '10:09:32', 'vinsont'),
('E53974', 'paulinoa', '2015-02-26', '10:09:46', 'vinsont'),
('E53938', 'ybehmard', '2015-02-26', '10:10:31', 'agevange'),
('E54718', 'bperezri', '2015-02-26', '10:10:39', 'vinsont'),
('E53968', 'taggartk', '2015-02-26', '10:10:46', 'agevange'),
('E53930', 'ferroc', '2015-02-26', '10:10:47', 'vinsont'),
('E53980', 'ferroc', '2015-02-26', '10:10:56', 'vinsont'),
('E59716', 'josepas2', '2015-02-26', '10:11:08', 'vinsont'),
('E60448', 'jamespl1', '2015-02-26', '10:11:19', 'agevange'),
('E74194', 'wdodge', '2015-02-26', '10:11:34', 'agevange'),
('E76258', 'hhlu', '2015-02-26', '10:11:36', 'vinsont'),
('E61234', 'rfreyes', '2015-02-26', '10:11:47', 'vinsont'),
('E52594', 'kaoj3', '2015-02-26', '10:11:58', 'vinsont'),
('E52528', 'psbhatia', '2015-02-26', '10:12:04', 'agevange'),
('E54658', 'cmponce', '2015-02-26', '10:12:07', 'vinsont'),
('E53920', 'fstaub', '2015-02-26', '10:12:20', 'agevange'),
('E74806', 'kingd2', '2015-02-26', '10:12:24', 'vinsont'),
('E53950', 'willisz', '2015-02-26', '10:12:34', 'vinsont'),
('E52540', 'smnewell', '2015-02-26', '10:12:35', 'agevange'),
('E52588', 'wupc', '2015-02-26', '10:12:49', 'agevange'),
('E54706', 'rilozano', '2015-02-26', '10:13:01', 'vinsont'),
('E74812', 'ekyee', '2015-02-26', '10:13:03', 'agevange'),
('E61120', 'beckhard', '2015-02-26', '10:13:08', 'vinsont'),
('E74098', 'mrazouan', '2015-02-26', '10:13:15', 'vinsont'),
('E54688', 'lguirgui', '2015-02-26', '10:13:40', 'agevange'),
('E60400', 'cglynn', '2015-02-26', '10:13:48', 'vinsont'),
('E55432', 'ewilde', '2015-02-26', '10:13:53', 'vinsont'),
('E54676', 'jmonten1', '2015-02-26', '10:14:19', 'vinsont'),
('E74186', 'jleonor', '2015-02-26', '10:14:29', 'agevange'),
('E60508', 'rhabchi', '2015-02-26', '10:14:33', 'vinsont'),
('E61132', 'hbecan', '2015-02-26', '10:14:43', 'vinsont'),
('E60460', 'amoyal', '2015-02-26', '10:14:55', 'agevange'),
('E74092', 'chowg', '2015-02-26', '10:15:26', 'vinsont'),
('E61228', 'chengdd', '2015-02-26', '10:15:34', 'vinsont'),
('E59722', 'mgbaraja', '2015-02-26', '10:15:38', 'agevange'),
('E59770', 'cparra1', '2015-02-26', '10:15:42', 'vinsont'),
('E60484', 'stharaka', '2015-02-26', '10:15:51', 'agevange'),
('E76264', 'tvho1', '2015-02-26', '10:16:10', 'agevange'),
('E60490', 'athorste', '2015-02-26', '10:16:11', 'vinsont'),
('E74878', 'anabili', '2015-02-26', '10:16:17', 'vinsont'),
('E54700', 'jawidjaj', '2015-02-26', '10:16:27', 'agevange'),
('E74152', 'maximile', '2015-02-26', '10:16:32', 'vinsont'),
('E76240', 'ameliaam', '2015-02-26', '10:16:40', 'vinsont'),
('E60466', 'guillerj', '2015-02-26', '10:16:42', 'agevange'),
('E59746', 'djhuynh', '2015-02-26', '10:17:01', 'agevange'),
('E52510', 'kquinter', '2015-02-26', '10:17:14', 'vinsont'),
('E52486', 'quandl', '2015-02-26', '10:17:21', 'agevange'),
('E76306', 'jpto', '2015-02-26', '10:17:31', 'agevange'),
('E59710', 'laur2', '2015-02-26', '10:17:44', 'vinsont'),
('E55408', 'jasonsh', '2015-02-26', '10:17:51', 'vinsont'),
('E74914', 'klaurie', '2015-02-26', '10:17:59', 'vinsont'),
('E59692', 'vwtseng', '2015-02-26', '10:18:13', 'vinsont'),
('E54652', 'carrilc1', '2015-02-26', '10:18:21', 'agevange'),
('E552576', 'alexbl', '2015-02-26', '10:18:30', 'vinsont'),
('E61186', 'channaj', '2015-02-26', '10:18:41', 'vinsont'),
('E61168', 'clarnold', '2015-02-26', '10:18:56', 'agevange'),
('E52480', 'andysj', '2015-02-26', '10:19:14', 'agevange'),
('A042611', 'jkandrew', '2015-02-26', '10:19:33', 'vinsont'),
('E55920', 'tbabikia', '2015-02-26', '10:19:37', 'agevange'),
('A027632', 'ryllprou', '2015-02-26', '10:19:58', 'vinsont'),
('E61162', 'wbchen', '2015-02-26', '10:20:06', 'agevange'),
('A04201', 'vitm', '2015-02-26', '10:20:19', 'vinsont'),
('A108858', 'stephjl3', '2015-02-26', '10:20:20', 'agevange'),
('E54016', 'franciv', '2015-02-26', '10:20:32', 'agevange'),
('A091817', 'soriano1', '2015-02-26', '10:21:28', 'agevange'),
('A026191', 'nikbakhn', '2015-02-26', '10:22:05', 'vinsont'),
('A049393', 'sadriy', '2015-02-26', '10:22:12', 'vinsont'),
('A11941', 'mvenaas', '2015-02-26', '10:22:42', 'vinsont'),
('A037830', 'rbocampo', '2015-02-26', '10:22:53', 'vinsont'),
('A086385', 'linv3', '2015-02-26', '10:22:54', 'agevange'),
('A080953', 'repadill', '2015-02-26', '10:23:13', 'agevange'),
('A075521', 'reyesed', '2015-02-26', '10:23:28', 'agevange'),
('A035862', 'alfaroa2', '2015-02-26', '10:24:08', 'agevange'),
('A117306', 'avirkar', '2015-02-26', '10:24:43', 'agevange'),
('A045023', 'cfimbres', '2015-02-26', '10:25:11', 'agevange'),
('A041945', 'ethuang', '2015-02-26', '10:25:36', 'agevange'),
('E52558', 'anercess', '2015-02-26', '10:25:37', 'vinsont'),
('E54682', 'richmont', '2015-02-26', '10:25:55', 'vinsont'),
('A087766', 'tejedaa', '2015-02-26', '10:26:11', 'agevange'),
('A109971', 'adam1', '2015-02-26', '10:26:21', 'agevange'),
('A000418', 'stevew1', '2015-02-26', '10:26:26', 'vinsont'),
('A000200', 'japena', '2015-02-26', '10:26:46', 'agevange'),
('A138889', 'kpkato', '2015-02-26', '10:27:06', 'agevange'),
('A045509', 'kberrio', '2015-02-26', '10:27:19', 'agevange'),
('A056954', 'carolir2', '2015-02-26', '10:27:29', 'vinsont'),
('A082861', 'asadianm', '2015-02-26', '10:27:33', 'agevange'),
('A080381', 'cesarf1', '2015-02-26', '10:28:11', 'vinsont'),
('A005447', 'acao2', '2015-02-26', '10:28:33', 'vinsont'),
('A011530', 'akumnoon', '2015-02-26', '10:28:48', 'vinsont'),
('A102536', 'briansk2', '2015-02-26', '10:28:57', 'vinsont'),
('A031111', 'telenav', '2015-02-26', '10:29:09', 'vinsont'),
('A064185', 'csbecerr', '2015-02-26', '10:29:29', 'agevange'),
('A004363', 'atarif', '2015-02-26', '10:29:31', 'vinsont'),
('A148227', 'kccervan', '2015-02-26', '10:29:45', 'agevange'),
('A014049', 'chiy3', '2015-02-26', '10:29:59', 'agevange'),
('A019705', 'anchitr', '2015-02-26', '10:30:13', 'agevange'),
('A016877', 'taiweic', '2015-02-26', '10:30:24', 'agevange'),
('A028189', 'lisetteg', '2015-02-26', '10:30:41', 'agevange'),
('A078161', 'kstanisl', '2015-02-26', '10:31:19', 'agevange'),
('A074031', 'edsheldo', '2015-02-26', '10:31:33', 'agevange'),
('A045157', 'erdelgad', '2015-02-26', '10:32:15', 'agevange'),
('A027595', 'maharajv', '2015-02-26', '10:33:47', 'agevange'),
('A034850', 'rmenchac', '2015-02-26', '10:34:13', 'agevange'),
('A004611', 'stikoo', '2015-02-26', '10:34:38', 'agevange'),
('A002809', 'macaraet', '2015-02-26', '10:35:19', 'agevange'),
('A017613', 'bjagadis', '2015-02-26', '10:35:29', 'vinsont'),
('A078443', 'cabrers3', '2015-02-26', '10:35:36', 'vinsont'),
('A005486', 'lfsalaza', '2015-02-26', '10:35:37', 'agevange'),
('A095151', 'peherrer', '2015-02-26', '10:35:44', 'vinsont'),
('A072360', 'jfwang', '2015-02-26', '10:35:59', 'vinsont'),
('A015986', 'rayromlo', '2015-02-26', '10:36:32', 'agevange'),
('A000236', 'jpachpan', '2015-02-26', '10:36:43', 'agevange'),
('A498037', 'gharkous', '2015-02-26', '10:37:27', 'agevange'),
('A163981', 'cxriley', '2015-02-26', '10:39:54', 'agevange'),
('A155294', 'ejahanso', '2015-02-26', '10:40:23', 'agevange'),
('A121013', 'atee', '2015-02-26', '11:03:14', 'swarilm'),
('A004669', 'edgarar2', '2015-02-26', '12:34:26', 'dbaldo'),
('A025501', 'florende', '2015-02-26', '12:35:52', 'dbaldo'),
('A568561', 'apaul1', '2015-02-26', '12:36:53', 'dbaldo'),
('A538391', 'aziaee1', '2015-02-26', '12:38:14', 'dbaldo'),
('A508221', 'vmsauer', '2015-02-26', '12:40:01', 'dbaldo'),
('A055671', 'dangj1', '2015-02-26', '12:41:12', 'dbaldo'),
('A085841', 'anodem', '2015-02-26', '12:42:57', 'dbaldo'),
('A478051', 'evakilas', '2015-02-26', '12:44:09', 'dbaldo'),
('A447881', 'soriano1', '2015-02-26', '12:45:19', 'dbaldo'),
('A417711', 'jfont', '2015-02-26', '12:47:04', 'dbaldo'),
('A116011', 'ashutt', '2015-02-26', '12:48:14', 'dbaldo'),
('A146181', 'cmalabed', '2015-02-26', '12:49:31', 'dbaldo'),
('A176351', 'jacobaj', '2015-02-26', '12:50:40', 'dbaldo'),
('A206521', 'dominihn', '2015-02-26', '12:51:30', 'dbaldo'),
('A236691', 'colorada', '2015-02-26', '12:52:47', 'dbaldo'),
('A266861', 'alejac4', '2015-02-26', '12:53:58', 'dbaldo'),
('A297031', 'zixual4', '2015-02-26', '12:55:49', 'dbaldo'),
('A327201', 'jdarias', '2015-02-26', '12:57:10', 'dbaldo'),
('A357371', 'segarraa', '2015-02-26', '12:58:47', 'dbaldo'),
('A387541', 'lespitia', '2015-02-26', '13:00:48', 'dbaldo'),
('A076969', 'alvinvn', '2015-02-26', '13:06:08', 'dbaldo'),
('A078586', 'looe', '2015-02-26', '13:07:26', 'dbaldo'),
('A172499', 'yuchenj3', '2015-02-26', '13:11:38', 'dbaldo'),
('A431515', 'spadwal', '2015-02-26', '13:12:47', 'dbaldo'),
('A096051', 'bonniesg', '2015-02-26', '13:14:23', 'dbaldo'),
('A046127', 'fgmendoz', '2015-02-26', '13:15:42', 'dbaldo'),
('A071089', 'gaetah', '2015-02-26', '13:16:37', 'dbaldo'),
('A148697', 'luisar1', '2015-02-26', '13:18:00', 'dbaldo'),
('A376725', 'thuytrun', '2015-02-26', '13:25:38', 'dbaldo'),
('A068606', 'mttamayo', '2015-02-26', '13:31:36', 'dbaldo'),
('A156566', 'kinciong', '2015-02-26', '13:35:29', 'dbaldo'),
('A197861', 'egrustan', '2015-02-26', '13:42:03', 'dbaldo'),
('A025846', 'chuongt', '2015-02-26', '13:43:54', 'dbaldo'),
('A002489', 'schmidtt', '2015-02-26', '13:44:52', 'dbaldo'),
('A001072', 'vivianas', '2015-02-26', '13:46:31', 'dbaldo'),
('A09241', 'jangelsb', '2015-02-26', '14:07:49', 'dbaldo'),
('A140361', 'gcdiaz', '2015-02-26', '14:08:45', 'dbaldo');
-- --------------------------------------------------------
--
-- Truncate table before insert `events`
--
TRUNCATE TABLE `events`;
-- --------------------------------------------------------
--
-- Dumping data for table `events`
--
INSERT INTO `events` (`eid`, `name`, `date`, `time`, `host`, `prize`, `description`, `volunteer`) VALUES
(7, 'E-Week Kick-Off Fair & Lip Dub', '2015-02-23', '12:00:00', 'Activities!', 0, '', 'vinsont'),
(2, 'Dean''s Breakfast and ESO Competitions', '2015-02-24', '09:00:00', 'Service, Activities', 0, 'Come hangout with your favorite professors as they cook you breakfast! Yep, you read that right. Engineering Faculty members will be making delicious pancakes, and engineering students will enjoy a complimentary breakfast!', 'vinsont'),
(3, 'EngiTECH', '2015-02-25', '09:00:00', 'Corporate', 0, 'Land your dream job or internship at our annual EngiTECH career fair! Over 45 companies will be coming to recruit outstanding engineering & ICS students.', 'vinsont'),
(4, 'E-Week BBQ, Competitions, and High School Shadow D', '2015-02-26', '09:00:00', 'Service, Activities, Outreach', 0, 'Students can enjoy a complimentary BBQ burger lunch. Engineering & ICS students are welcome!', 'vinsont'),
(6, 'Tshirt', '2015-02-22', '00:00:00', '123 ESC', 0, '', 'vinsont');
-- --------------------------------------------------------
--
-- Table structure for table `scans`
--
CREATE TABLE IF NOT EXISTS `scans` (
  `sid` bigint(32) NOT NULL COMMENT 'Scan ID',
  `eid` varchar(8) COLLATE latin1_general_ci NOT NULL COMMENT 'Event ID',
  `barcode` varchar(32) COLLATE latin1_general_ci NOT NULL COMMENT 'Barcode ID',
  `volunteer` varchar(8) COLLATE latin1_general_ci NOT NULL,
  `date` date NOT NULL,
  `time` time NOT NULL
) ENGINE=MyISAM AUTO_INCREMENT=180 DEFAULT CHARSET=latin1 COLLATE=latin1_general_ci;
--
-- Dumping data for table `scans`
--
INSERT INTO `scans` (`sid`, `eid`, `barcode`, `volunteer`, `date`, `time`) VALUES
(1, '1', 'E00000', 'vinsont', '2015-02-14', '11:34:37'),
(2, '6', 'E68392', 'vinsont', '2015-02-22', '00:13:05'),
(3, '7', 'E61138', 'vinsont', '2015-02-23', '11:29:40'),
(4, '7', 'E74140', 'vinsont', '2015-02-23', '11:31:39'),
(5, '7', 'E53992', 'vinsont', '2015-02-23', '11:37:46'),
(6, '7', 'E53962', 'vinsont', '2015-02-23', '11:39:05'),
(7, '7', 'E74866', 'vinsont', '2015-02-23', '11:40:18'),
(8, '7', 'E61216', 'vinsont', '2015-02-23', '11:40:55'),
(9, '7', 'E74902', 'vinsont', '2015-02-23', '11:42:03'),
(10, '7', 'E74860', 'vinsont', '2015-02-23', '11:42:38'),
(11, '7', 'E61198', 'vinsont', '2015-02-23', '11:43:21'),
(12, '7', 'E74104', 'vinsont', '2015-02-23', '11:43:52'),
(13, '7', 'E60496', 'vinsont', '2015-02-23', '11:45:49'),
(14, '7', 'E76318', 'vinsont', '2015-02-23', '11:47:02'),
(15, '7', 'E61192', 'vinsont', '2015-02-23', '11:47:33'),
(16, '7', 'E74896', 'vinsont', '2015-02-23', '11:48:20'),
(17, '7', 'E76324', 'vinsont', '2015-02-23', '11:48:55'),
(18, '7', 'E76282', 'vinsont', '2015-02-23', '11:49:27'),
(19, '7', 'E55372', 'vinsont', '2015-02-23', '11:50:48'),
(20, '7', 'E61948', 'vinsont', '2015-02-23', '11:52:11'),
(21, '7', 'E59704', 'vinsont', '2015-02-23', '11:53:06'),
(22, '7', 'E55468', 'vinsont', '2015-02-23', '11:53:52'),
(23, '7', 'E61156', 'vinsont', '2015-02-23', '11:55:11'),
(24, '7', 'E60424', 'vinsont', '2015-02-23', '11:55:59'),
(25, '7', 'E59734', 'vinsont', '2015-02-23', '11:59:49'),
(26, '7', 'E74890', 'vinsont', '2015-02-23', '12:01:09'),
(27, '7', 'E52504', 'vinsont', '2015-02-23', '12:01:53'),
(28, '7', 'E55444', 'vinsont', '2015-02-23', '12:03:37'),
(29, '7', 'E55360', 'vinsont', '2015-02-23', '12:04:46'),
(30, '7', 'E54730', 'vinsont', '2015-02-23', '12:08:34'),
(31, '7', 'E60418', 'vinsont', '2015-02-23', '12:09:31'),
(32, '7', 'E61204', 'vinsont', '2015-02-23', '12:11:03'),
(33, '7', 'E74086', 'vinsont', '2015-02-23', '12:12:56'),
(34, '7', 'E61954', 'vinsont', '2015-02-23', '12:13:51'),
(35, '7', 'E74080', 'vinsont', '2015-02-23', '12:15:33'),
(36, '7', 'E55438', 'agevange', '2015-02-23', '12:16:41'),
(37, '7', 'E54640', 'agevange', '2015-02-23', '12:19:36'),
(38, '7', 'E74884', 'agevange', '2015-02-23', '12:21:53'),
(39, '7', 'E74836', 'agevange', '2015-02-23', '12:44:43'),
(40, '7', 'E61912', 'agevange', '2015-02-23', '13:01:50'),
(41, '7', 'E61930', 'agevange', '2015-02-23', '13:05:01'),
(42, '7', 'E61870', 'agevange', '2015-02-23', '13:06:29'),
(43, '7', 'E61894', 'agevange', '2015-02-23', '13:14:03'),
(44, '7', 'E61852', 'agevange', '2015-02-23', '13:14:30'),
(45, '7', 'E61936', 'agevange', '2015-02-23', '13:54:51'),
(46, '7', 'E74176', 'agevange', '2015-02-23', '13:56:31'),
(47, '7', 'E74848', 'agevange', '2015-02-23', '13:56:55'),
(48, '7', 'E61918', 'agevange', '2015-02-23', '13:57:54'),
(49, '7', 'E61924', 'agevange', '2015-02-23', '13:58:15'),
(50, '7', 'E61942', 'agevange', '2015-02-23', '13:58:36'),
(51, '7', 'E52552', 'agevange', '2015-02-23', '13:59:05'),
(52, '7', 'E60454', 'agevange', '2015-02-23', '14:00:55'),
(53, '7', 'E54022', 'agevange', '2015-02-23', '14:03:36'),
(54, '7', 'E74872', 'agevange', '2015-02-23', '14:12:12'),
(55, '2', 'E74872', 'vinsont', '2015-02-24', '09:13:46'),
(56, '3', 'A313139', 'vinsont', '2015-02-26', '02:30:47'),
(57, '3', 'A174861', 'vinsont', '2015-02-26', '02:30:54'),
(58, '3', 'A155107', 'vinsont', '2015-02-26', '02:30:59'),
(59, '3', 'A115599', 'vinsont', '2015-02-26', '02:31:01'),
(60, '3', 'E74902', 'vinsont', '2015-02-26', '02:31:04'),
(61, '3', 'A056337', 'vinsont', '2015-02-26', '02:31:15'),
(62, '3', 'A095845', 'vinsont', '2015-02-26', '02:31:21'),
(63, '3', 'A076091', 'vinsont', '2015-02-26', '02:31:31'),
(64, '3', 'A104217', 'vinsont', '2015-02-26', '02:31:48'),
(65, '3', 'E74872', 'vinsont', '2015-02-26', '02:31:59'),
(66, '3', 'A002162', 'vinsont', '2015-02-26', '02:32:12'),
(67, '3', 'A058626', 'vinsont', '2015-02-26', '02:32:23'),
(68, '3', 'A028232', 'vinsont', '2015-02-26', '02:32:28'),
(69, '3', 'A043429', 'vinsont', '2015-02-26', '02:32:31'),
(70, '3', 'A013035', 'vinsont', '2015-02-26', '02:33:05'),
(71, '6', 'A668563', 'vinsont', '2015-02-26', '02:53:02'),
(72, '6', 'A611721', 'vinsont', '2015-02-26', '02:53:06'),
(73, '6', 'E61192', 'vinsont', '2015-02-26', '02:53:09'),
(74, '6', 'A583300', 'vinsont', '2015-02-26', '02:53:11'),
(75, '6', 'A526452', 'vinsont', '2015-02-26', '02:53:14'),
(76, '6', 'A469616', 'vinsont', '2015-02-26', '02:53:16'),
(77, '6', 'A441195', 'vinsont', '2015-02-26', '02:53:18'),
(78, '6', 'A384353', 'vinsont', '2015-02-26', '02:53:21'),
(79, '6', 'A355932', 'vinsont', '2015-02-26', '02:53:27'),
(80, '6', 'A128564', 'vinsont', '2015-02-26', '02:53:30'),
(81, '6', 'A156985', 'vinsont', '2015-02-26', '02:54:22'),
(82, '6', 'A185406', 'vinsont', '2015-02-26', '03:01:25'),
(83, '6', 'A213827', 'vinsont', '2015-02-26', '03:01:30'),
(84, '6', 'A242248', 'vinsont', '2015-02-26', '03:01:32'),
(85, '6', 'A270669', 'vinsont', '2015-02-26', '03:01:35'),
(86, '6', 'A299090', 'vinsont', '2015-02-26', '03:01:43'),
(87, '6', 'A102775', 'vinsont', '2015-02-26', '03:01:56'),
(88, '6', 'E61870', 'vinsont', '2015-02-26', '03:01:58'),
(89, '6', 'A059861', 'vinsont', '2015-02-26', '03:02:09'),
(90, '6', 'A000745', 'vinsont', '2015-02-26', '03:02:14'),
(91, '6', 'A127201', 'vinsont', '2015-02-26', '03:02:18'),
(92, '6', 'A004377', 'vinsont', '2015-02-26', '03:02:32'),
(93, '6', 'A119577', 'vinsont', '2015-02-26', '03:02:34'),
(94, '6', 'A004601', 'vinsont', '2015-02-26', '03:02:37'),
(95, '6', 'A019457', 'vinsont', '2015-02-26', '03:02:43'),
(96, '6', 'E61942', 'dbaldo', '2015-02-26', '12:27:05'),
(97, '4', 'E61942', 'dbaldo', '2015-02-26', '12:27:43'),
(98, '7', 'A004669', 'dbaldo', '2015-02-26', '12:34:41'),
(99, '6', 'A004669', 'dbaldo', '2015-02-26', '12:34:49'),
(100, '6', 'A025501', 'dbaldo', '2015-02-26', '12:36:02'),
(101, '4', 'a025501', 'dbaldo', '2015-02-26', '12:36:09'),
(102, '6', 'A568561', 'dbaldo', '2015-02-26', '12:37:11'),
(103, '4', 'A568561', 'dbaldo', '2015-02-26', '12:37:20'),
(104, '4', 'A538391', 'dbaldo', '2015-02-26', '12:38:22'),
(105, '4', 'A055671', 'dbaldo', '2015-02-26', '12:41:50'),
(106, '6', 'A055671', 'dbaldo', '2015-02-26', '12:41:58'),
(107, '6', 'A085841', 'dbaldo', '2015-02-26', '12:43:07'),
(108, '6', 'A478051', 'dbaldo', '2015-02-26', '12:44:21'),
(109, '4', 'A447881', 'dbaldo', '2015-02-26', '12:46:03'),
(110, '6', 'A447881', 'dbaldo', '2015-02-26', '12:46:23'),
(111, '4', 'A116011', 'dbaldo', '2015-02-26', '12:48:48'),
(112, '6', 'A146181', 'dbaldo', '2015-02-26', '12:49:40'),
(113, '4', 'A146181', 'dbaldo', '2015-02-26', '12:49:48'),
(114, '4', 'A176351', 'dbaldo', '2015-02-26', '12:50:52'),
(115, '6', 'A176351', 'dbaldo', '2015-02-26', '12:50:58'),
(116, '6', 'A206521', 'dbaldo', '2015-02-26', '12:51:43'),
(117, '4', 'A236691', 'dbaldo', '2015-02-26', '12:53:05'),
(118, '6', 'A236691', 'dbaldo', '2015-02-26', '12:53:10'),
(119, '6', 'A266861', 'dbaldo', '2015-02-26', '12:54:14'),
(120, '4', 'A266861', 'dbaldo', '2015-02-26', '12:54:27'),
(121, '4', 'A297031', 'dbaldo', '2015-02-26', '12:56:24'),
(122, '4', 'A327201', 'dbaldo', '2015-02-26', '12:57:27'),
(123, '6', 'A327201', 'dbaldo', '2015-02-26', '12:57:35'),
(124, '6', 'A357371', 'dbaldo', '2015-02-26', '12:59:09'),
(125, '4', 'A387541', 'dbaldo', '2015-02-26', '13:01:09'),
(126, '6', 'A387541', 'dbaldo', '2015-02-26', '13:01:15'),
(127, '6', 'A076969', 'dbaldo', '2015-02-26', '13:06:13'),
(128, '4', 'A076969', 'dbaldo', '2015-02-26', '13:06:23'),
(129, '4', 'A078586', 'dbaldo', '2015-02-26', '13:07:44'),
(130, '6', 'A078586', 'dbaldo', '2015-02-26', '13:07:51'),
(131, '6', 'E60484', 'dbaldo', '2015-02-26', '13:08:05'),
(132, '4', 'E60484', 'dbaldo', '2015-02-26', '13:08:22'),
(133, '6', 'E52510', 'dbaldo', '2015-02-26', '13:09:05'),
(134, '4', 'E52510', 'dbaldo', '2015-02-26', '13:09:15'),
(135, '4', 'E55474', 'dbaldo', '2015-02-26', '13:09:38'),
(136, '6', 'E55474', 'dbaldo', '2015-02-26', '13:09:44'),
(137, '6', 'A184938', 'dbaldo', '2015-02-26', '13:10:08'),
(138, '4', 'A184938', 'dbaldo', '2015-02-26', '13:10:20'),
(139, '4', 'A172499', 'dbaldo', '2015-02-26', '13:11:44'),
(140, '6', 'A172499', 'dbaldo', '2015-02-26', '13:11:49'),
(141, '6', 'A431515', 'dbaldo', '2015-02-26', '13:12:56'),
(142, '6', 'A096051', 'dbaldo', '2015-02-26', '13:14:37'),
(143, '4', 'A096051', 'dbaldo', '2015-02-26', '13:14:46'),
(144, '6', 'A046127', 'dbaldo', '2015-02-26', '13:15:54'),
(145, '4', 'A046127', 'dbaldo', '2015-02-26', '13:16:00'),
(146, '4', 'A071089', 'dbaldo', '2015-02-26', '13:16:58'),
(147, '6', 'A071089', 'dbaldo', '2015-02-26', '13:17:07'),
(148, '6', 'A148697', 'dbaldo', '2015-02-26', '13:18:07'),
(149, '4', 'A148697', 'dbaldo', '2015-02-26', '13:18:14'),
(150, '4', 'A583300', 'dbaldo', '2015-02-26', '13:19:56'),
(151, '4', 'A668563', 'dbaldo', '2015-02-26', '13:20:42'),
(152, '4', 'E74152', 'dbaldo', '2015-02-26', '13:21:00'),
(153, '4', 'A095845', 'dbaldo', '2015-02-26', '13:21:31'),
(154, '4', 'A003481', 'dbaldo', '2015-02-26', '13:22:28'),
(155, '4', 'E53974', 'dbaldo', '2015-02-26', '13:23:00'),
(156, '6', 'E74182', 'dbaldo', '2015-02-26', '13:23:40'),
(157, '4', 'E74182', 'dbaldo', '2015-02-26', '13:24:01'),
(158, '4', 'A376725', 'dbaldo', '2015-02-26', '13:25:52'),
(159, '4', 'e60424', 'dbaldo', '2015-02-26', '13:28:00'),
(160, '6', 'A027632', 'dbaldo', '2015-02-26', '13:28:48'),
(161, '4', 'A027632', 'dbaldo', '2015-02-26', '13:28:55'),
(162, '4', 'e54646', 'dbaldo', '2015-02-26', '13:29:59'),
(163, '4', 'A102536', 'dbaldo', '2015-02-26', '13:30:10'),
(164, '6', 'A068606', 'dbaldo', '2015-02-26', '13:31:45'),
(165, '4', 'A299090', 'dbaldo', '2015-02-26', '13:32:02'),
(166, '6', 'A013035', 'dbaldo', '2015-02-26', '13:33:42'),
(167, '4', 'A013035', 'dbaldo', '2015-02-26', '13:33:48'),
(168, '4', 'A156566', 'dbaldo', '2015-02-26', '13:35:43'),
(169, '6', 'A197861', 'dbaldo', '2015-02-26', '13:42:13'),
(170, '4', 'A197861', 'dbaldo', '2015-02-26', '13:42:20'),
(171, '6', 'A025846', 'dbaldo', '2015-02-26', '13:44:06'),
(172, '4', 'A025846', 'dbaldo', '2015-02-26', '13:44:16'),
(173, '4', 'A002489', 'dbaldo', '2015-02-26', '13:45:02'),
(174, '6', 'A002489', 'dbaldo', '2015-02-26', '13:45:16'),
(175, '6', 'A001072', 'dbaldo', '2015-02-26', '13:46:43'),
(176, '4', 'A001072', 'dbaldo', '2015-02-26', '13:46:49'),
(177, '6', 'A09241', 'dbaldo', '2015-02-26', '14:14:02'),
(178, '6', 'A140361', 'dbaldo', '2015-02-26', '14:14:25'),
(179, '6', 'E76276', 'dbaldo', '2015-02-26', '14:14:32');
-- --------------------------------------------------------
--
-- Truncate table before insert `users`
--
TRUNCATE TABLE `users`;
-- --------------------------------------------------------
--
-- Dumping data for table `users`
--
INSERT INTO `users` (`ucinetid`, `barcode`, `name`, `email`, `major`, `level`, `opt`, `access`, `elig`, `date`, `time`, `volunteer`) VALUES
('leungjm', '', 'Jared', 'leungjm@uci.edu', 'CSE', 'Senior', 1, 8, 1, '0000-00-00', '00:00:00', '_setup.p'),
('stburke', '', 'Sean Thomas Burke', 'stburke@uci.edu', 'CSE', 'Graduate', 0, 8, 1, '2014-02-08', '19:31:26', ''),
('vinsont', 'E60496', 'Vinson Quang Tran', 'vinsont@uci.edu', 'Engr BM', 'Senior', 0, 8, 1, '2014-02-18', '07:45:46', 'leungjm'),
('dbaldo', 'E68398', 'Danny Barrientos Baldo', 'dbaldo@uci.edu', 'Engr BM', 'Senior', 0, 8, 1, '2014-02-20', '11:41:14', ''),
('jhalog', 'E71206', 'Janelle Mary-evelyn Halog', 'jhalog@uci.edu', 'EngrBMP', 'Senior', 0, 6, 1, '2015-02-18', '19:47:34', 'vinsont'),
('vgudi', 'E59704', 'Varun Shankar Gudi', 'vgudi@uci.edu', 'Engr BM', 'Senior', 0, 6, 1, '2015-02-18', '19:50:06', 'vinsont'),
('swarilm', 'E74836', 'Swaril Mathur', 'swarilm@uci.edu', 'Engr BM', 'Senior', 0, 6, 1, '2015-02-21', '12:09:45', 'vinsont'),
('nhegde', 'E76300', 'Nuthan Narasimha Hegde', 'nhegde@uci.edu', 'Engr ME', 'Senior', 0, 6, 1, '2015-02-21', '12:09:53', 'dbaldo'),
('mxduong', '', 'May Xuan Duong', 'mxduong@uci.edu', 'Engr CE', 'Senior', 0, 6, 1, '2015-02-21', '12:15:10', 'dbaldo'),
('agevange', '', 'Adam G. Evangelista', 'agevange@uci.edu', 'Engr ME', 'Senior', 0, 6, 1, '2015-02-21', '12:16:33', 'dbaldo'),
('ashrafj', '', 'Jahangir Syed Ashraf', 'ashrafj@uci.edu', 'Engr AE', 'Senior', 0, 6, 1, '2015-02-21', '12:17:47', 'dbaldo'),
('usundara', '', 'Upamanyu Baudhayan Sundaram', 'usundara@uci.edu', 'Engr EE', 'Senior', 0, 6, 1, '2015-02-21', '12:17:59', 'dbaldo'),
('bolar', 'E74848', 'Rachel Alyssa Sing Bola', 'bolar@uci.edu', 'Engr AE', 'Senior', 0, 6, 1, '2015-02-21', '12:18:06', 'dbaldo'),
('anysaf', '', 'Anysa Zamudio Fernandez', 'anysaf@uci.edu', 'Engr BM', 'Senior', 0, 6, 1, '2015-02-21', '12:18:15', 'dbaldo'),
('mgarg', 'E61894', 'Mehal Gauri Garg', 'mgarg@uci.edu', 'Engr ME', 'Senior', 0, 6, 1, '2015-02-21', '12:18:28', 'dbaldo'),
('nthomson', '', 'Naomi Sierra Thomson', 'nthomson@uci.edu', 'Enr MSE', 'Junior', 0, 6, 1, '2015-02-21', '12:18:40', 'dbaldo'),
('slryan', '', 'Savannah Leanne Ryan', 'slryan@uci.edu', 'EngrBMP', 'Senior', 0, 6, 1, '2015-02-21', '12:19:38', 'dbaldo'),
('wsing', 'E61906', 'Wyatt Ronald Sing', 'wsing@uci.edu', 'Engr CE', 'Senior', 0, 6, 1, '2015-02-21', '12:20:37', 'dbaldo'),
('sfkanji', 'E55360', 'Shaleen Farid Kanji', 'sfkanji@uci.edu', 'Engr BM', 'Sophomore', 0, 6, 1, '2015-02-21', '12:21:22', 'dbaldo'),
('amoussav', 'E55462', 'Ava Moussavi-aghdam', 'amoussav@uci.edu', 'EngrEnv', 'Senior', 0, 6, 1, '2015-02-21', '12:22:18', 'dbaldo'),
('ifrausto', 'E74830', 'Itzetl Frausto', 'ifrausto@uci.edu', 'Engr ME', 'Senior', 0, 6, 1, '2015-02-21', '12:22:44', 'dbaldo'),
('hestabri', '', 'Horacio Michael Estabridis', 'hestabri@uci.edu', 'Engr BM', 'Senior', 1, 2, 1, '2015-02-21', '12:41:12', 'dbaldo'),
('katherkt', 'E52552', 'Katherine Khanh Dan Tran', 'katherkt@uci.edu', 'CSE', 'Senior', 0, 6, 1, '2015-02-21', '15:24:35', 'dbaldo'),
('mpronda', '', 'Maaikee Kiyoe Amen Pronda', 'mpronda@uci.edu', 'EngrBMP', 'Junior', 0, 6, 1, '2015-02-21', '15:35:25', 'dbaldo'),
('ethanp', 'E61138', 'Ethan Peng', 'ethanp@uci.edu', 'Engr ME', 'Junior', 1, 2, 1, '2015-02-23', '11:29:15', 'vinsont'),
('wagnew', 'E74140', 'William J. Agnew', 'wagnew@uci.edu', 'Engr BM', 'Sophomore', 1, 2, 1, '2015-02-23', '11:31:12', 'vinsont'),
('dahangam', 'E53992', 'Dasni Hemalka Ahangama', 'dahangam@uci.edu', 'EngrEnv', 'Freshman', 1, 2, 1, '2015-02-23', '11:37:16', 'vinsont'),
('carolar1', 'E53962', 'Carolina Alexandra Rodriguez', 'carolar1@uci.edu', 'Engr CE', 'Freshman', 1, 2, 1, '2015-02-23', '11:38:51', 'vinsont'),
('aleaton', 'E74866', 'Auzzsa Lamae Eaton', 'aleaton@uci.edu', 'Undclrd', 'Freshman', 1, 2, 1, '2015-02-23', '11:40:05', 'vinsont'),
('kkrishn1', 'E61216', 'Kavita Krishnan', 'kkrishn1@uci.edu', 'Engr BM', 'Freshman', 1, 2, 1, '2015-02-23', '11:40:47', 'vinsont'),
('jiabinc1', 'E74902', 'Jiabin Chen', 'jiabinc1@uci.edu', 'CmptSci', 'Freshman', 1, 2, 1, '2015-02-23', '11:41:57', 'vinsont'),
('chicoa', 'E74860', 'Alden Mayang Chico', 'chicoa@uci.edu', 'EngrCpE', 'Freshman', 1, 2, 1, '2015-02-23', '11:42:31', 'vinsont'),
('chunc5', 'E61198', 'Chun Han Chen', 'chunc5@uci.edu', 'EngrBMP', 'Sophomore', 1, 2, 1, '2015-02-23', '11:43:16', 'vinsont'),
('ebandek', 'E74104', 'Elias Salvador Bandek', 'ebandek@uci.edu', 'Engr CE', 'Freshman', 1, 2, 1, '2015-02-23', '11:43:45', 'vinsont'),
('bclarson', 'E76318', 'Brandon Christopher Larson', 'bclarson@uci.edu', 'Engr ME', 'Freshman', 1, 2, 1, '2015-02-23', '11:46:56', 'vinsont'),
('duquea', 'E61192', 'Aaron Duque', 'duquea@uci.edu', 'Engr CE', 'Freshman', 1, 2, 1, '2015-02-23', '11:47:26', 'vinsont'),
('japostol', 'E74896', 'Jon Raphael Calbay Apostol', 'japostol@uci.edu', 'Engr EE', 'Senior', 1, 2, 1, '2015-02-23', '11:48:09', 'vinsont'),
('kelvinhp', 'E54022', 'Kelvin Huy-trung Phan', 'kelvinhp@uci.edu', 'EngrCpE', 'Sophomore', 1, 2, 1, '2015-02-23', '11:48:34', 'agevange'),
('sabeenas', 'E76324', 'Sabeena Sebastian', 'sabeenas@uci.edu', 'EngrChm', 'Sophomore', 1, 2, 1, '2015-02-23', '11:48:49', 'vinsont'),
('mluis', 'E76282', 'Manuel Luis', 'mluis@uci.edu', 'Engr AE', 'Freshman', 1, 2, 1, '2015-02-23', '11:49:20', 'vinsont'),
('kdhansen', 'E53944', 'Kyle Dwayne Hansen', 'kdhansen@uci.edu', 'Engr BM', 'Freshman', 1, 2, 1, '2015-02-23', '11:50:18', 'agevange'),
('ksafar', 'E55372', 'Kelsey Nicole Safar', 'ksafar@uci.edu', 'Engr AE', 'Junior', 1, 2, 1, '2015-02-23', '11:50:39', 'vinsont'),
('jwking', 'E76312', 'John Warren King', 'jwking@uci.edu', 'Engr CE', 'Junior', 1, 2, 1, '2015-02-23', '11:50:58', 'agevange'),
('siqil2', 'E61948', 'Siqi Liu', 'siqil2@uci.edu', 'CSE', 'Senior', 1, 2, 1, '2015-02-23', '11:51:44', 'vinsont'),
('julya', 'E52492', 'July Aye', 'julya@uci.edu', 'Engr CE', 'Senior', 1, 2, 1, '2015-02-23', '11:51:50', 'agevange'),
('mantimie', 'E55468', 'Michelle Lenuta Antimie', 'mantimie@uci.edu', 'Engr ME', 'Senior', 1, 2, 1, '2015-02-23', '11:53:39', 'vinsont'),
('mwijetun', 'E74110', 'Madara Wijetunga Bandara Gedara Jm', 'mwijetun@uci.edu', 'Engr AE', 'Junior', 1, 2, 1, '2015-02-23', '11:53:45', 'agevange'),
('danaah', 'E54670', 'Dana Alejandra Hernandez', 'danaah@uci.edu', 'EngrEnv', 'Senior', 1, 2, 1, '2015-02-23', '11:54:18', 'agevange'),
('rhlee1', 'E74146', 'Rachel Hyun Lee', 'rhlee1@uci.edu', 'EngrChm', 'Senior', 1, 2, 1, '2015-02-23', '11:54:42', 'agevange'),
('amberf', 'E61156', 'Amber Megan Fong', 'amberf@uci.edu', 'Engr ME', 'Sophomore', 1, 2, 1, '2015-02-23', '11:54:56', 'vinsont'),
('michaenn', 'E54034', 'Michael Nhat Nguyen', 'michaenn@uci.edu', 'EngrChm', 'Senior', 1, 2, 1, '2015-02-23', '11:55:13', 'agevange'),
('lcgalleg', 'E54748', 'Luis Carlos Gallegos', 'lcgalleg@uci.edu', 'Engr AE', 'Junior', 1, 2, 1, '2015-02-23', '11:55:52', 'agevange'),
('yxian', 'E60424', 'Martin Xian', 'yxian@uci.edu', 'Engr CE', 'Junior', 1, 2, 1, '2015-02-23', '11:55:54', 'vinsont'),
('tjrasmus', 'E60436', 'Tyler James Rasmussen', 'tjrasmus@uci.edu', 'Engr AE', 'Junior', 1, 2, 1, '2015-02-23', '11:56:34', 'agevange'),
('patricjl', 'E76294', 'Patrick Jaeyoon Lee', 'patricjl@uci.edu', 'Engr CE', 'Senior', 1, 2, 1, '2015-02-23', '11:58:36', 'agevange'),
('octavim', 'E59734', 'Octavio Martin', 'octavim@uci.edu', 'Engr CE', 'Freshman', 1, 2, 1, '2015-02-23', '11:59:42', 'vinsont'),
('sungsool', 'E74890', 'Sungsoo Lee', 'sungsool@uci.edu', 'Engr EE', 'Junior', 1, 2, 1, '2015-02-23', '12:01:04', 'vinsont'),
('buaguila', 'E74824', 'Byron Ubaldo Aguilar', 'buaguila@uci.edu', 'Engr EE', 'Junior', 1, 2, 1, '2015-02-23', '12:01:04', 'agevange'),
('ypeiris', 'E52504', 'Lakshan Peiris', 'ypeiris@uci.edu', 'Engr ME', 'Senior', 1, 2, 1, '2015-02-23', '12:01:45', 'vinsont'),
('mhanraha', 'E76270', 'Megan Lauren Hanrahan', 'mhanraha@uci.edu', 'Engr CE', 'Senior', 1, 2, 1, '2015-02-23', '12:02:34', 'agevange'),
('akchong', 'E60514', 'Aaron K. Chong', 'akchong@uci.edu', 'Engr CE', 'Senior', 1, 2, 1, '2015-02-23', '12:03:14', 'agevange'),
('luongw1', 'E55444', 'Wesley Luong', 'luongw1@uci.edu', 'Engr CE', 'Senior', 1, 2, 1, '2015-02-23', '12:03:17', 'vinsont'),
('awchao', 'E60502', 'Albert Weijie Chao', 'awchao@uci.edu', 'Engr CE', 'Senior', 1, 2, 1, '2015-02-23', '12:04:39', 'agevange'),
('davyh1', 'E76276', 'Davy Huang', 'davyh1@uci.edu', 'Engr CE', 'Senior', 1, 2, 1, '2015-02-23', '12:04:59', 'agevange'),
('bvazque1', 'E55426', 'Benjamin Vazquez', 'bvazque1@uci.edu', 'Engr CE', 'Sophomore', 1, 2, 1, '2015-02-23', '12:05:46', 'agevange'),
('calvidn2', 'E52546', 'Calvin Dang Nguyen', 'calvidn2@uci.edu', 'CSE', 'Sophomore', 1, 2, 1, '2015-02-23', '12:08:07', 'agevange'),
('aalvara', 'E54730', 'Alexander Nicholas Alvara', 'aalvara@uci.edu', 'Engr ME', 'Junior', 1, 2, 1, '2015-02-23', '12:08:26', 'vinsont'),
('daniloa', 'E60418', 'Danilo Javier Aguilar Hernandez', 'daniloa@uci.edu', 'Engr ME', 'Junior', 1, 2, 1, '2015-02-23', '12:09:24', 'vinsont'),
('hanqt', 'E76330', 'Han Quang Tran', 'hanqt@uci.edu', 'Engr ME', 'Senior', 1, 2, 1, '2015-02-23', '12:10:24', 'agevange'),
('lhishinu', 'E76354', 'Lauren Megumi Hishinuma', 'lhishinu@uci.edu', 'Engr ME', 'Senior', 1, 2, 1, '2015-02-23', '12:10:54', 'agevange'),
('renteril', 'E61204', 'Luis Guillermo Renteria-medina', 'renteril@uci.edu', 'Engr ME', 'Senior', 1, 2, 1, '2015-02-23', '12:10:56', 'vinsont'),
('kkitani', 'E61222', 'Kyler Akira Kitani', 'kkitani@uci.edu', 'Engr ME', 'Senior', 1, 2, 1, '2015-02-23', '12:11:08', 'agevange'),
('deysia', 'E54754', 'Deysi Alvarado', 'deysia@uci.edu', 'Engr CE', 'Senior', 1, 2, 1, '2015-02-23', '12:12:40', 'agevange'),
('natalic1', 'E74086', 'Natalie Chen', 'natalic1@uci.edu', 'Engr CE', 'Senior', 1, 2, 1, '2015-02-23', '12:12:44', 'vinsont'),
('cantarel', 'E59686', 'Lesly Patricia Cantarero', 'cantarel@uci.edu', 'Engr CE', 'Senior', 1, 2, 1, '2015-02-23', '12:12:55', 'agevange'),
('basravis', 'E61210', 'Saba Khanum Basravi', 'basravis@uci.edu', 'Engr CE', 'Senior', 1, 2, 1, '2015-02-23', '12:13:16', 'agevange'),
('osaeby', 'E61954', 'Oliver Saeby', 'osaeby@uci.edu', 'Engr CE', 'Senior', 1, 2, 1, '2015-02-23', '12:13:40', 'vinsont'),
('fmagaoay', 'E60442', 'Fely Marie Princess Gregori Magaoay', 'fmagaoay@uci.edu', 'Undclrd', 'Freshman', 1, 2, 1, '2015-02-23', '12:14:41', 'agevange'),
('hingoran', 'E74080', 'Sonum Rajan Hingorani', 'hingoran@uci.edu', 'CSE', 'Senior', 1, 2, 1, '2015-02-23', '12:15:25', 'vinsont'),
('kwalley', 'E55438', 'Kayla Alyse Walley', 'kwalley@uci.edu', 'Engr BM', 'Sophomore', 1, 2, 1, '2015-02-23', '12:16:25', 'agevange'),
('scsun', 'E74872', 'Stephanie Chain Sun', 'scsun@uci.edu', 'EngrCpE', 'Graduate', 1, 2, 1, '2015-02-23', '12:18:16', 'vinsont'),
('andrewh3', 'E54640', 'Andrew Ho', 'andrewh3@uci.edu', 'Engr CE', 'Senior', 1, 2, 1, '2015-02-23', '12:18:33', 'agevange'),
('rnoguera', 'E60430', 'Ricardo Noguera Ii', 'rnoguera@uci.edu', 'EngrChm', 'Senior', 1, 2, 1, '2015-02-23', '12:20:55', 'vinsont'),
('rtejeda1', 'E74884', 'Rafael Tejeda', 'rtejeda1@uci.edu', 'EngrCpE', 'Freshman', 1, 2, 1, '2015-02-23', '12:21:38', 'agevange'),
('farabi', 'E55474', 'Farah Arabi', 'farabi@uci.edu', 'EngrCpE', 'Freshman', 1, 2, 1, '2015-02-23', '12:24:19', 'vinsont'),
('ogunasek', 'E61150', 'Onalli Gunasekara', 'ogunasek@uci.edu', 'Engr AE', 'Freshman', 1, 2, 1, '2015-02-23', '12:24:23', 'agevange'),
('amagtoto', 'E74800', 'Arlen Dimailig Magtoto Jr.', 'amagtoto@uci.edu', 'Engr AE', 'Senior', 1, 2, 1, '2015-02-23', '12:24:47', 'vinsont'),
('niuc', 'E55450', 'Chun-hao Niu', 'niuc@uci.edu', 'EngrChm', 'Senior', 1, 2, 1, '2015-02-23', '12:30:03', 'vinsont'),
('nimishd', 'E74908', 'Nimish Dave', 'nimishd@uci.edu', 'EngrChm', 'Senior', 1, 2, 1, '2015-02-23', '12:30:07', 'agevange'),
('erademac', 'E61858', 'Eric Paul Rademacher', 'erademac@uci.edu', 'EngrChm', 'Senior', 1, 2, 1, '2015-02-23', '12:36:59', 'vinsont'),
('cmena1', 'E55402', 'Crystal Mena', 'cmena1@uci.edu', 'EngrEnv', 'Senior', 1, 2, 1, '2015-02-23', '12:39:24', 'agevange'),
('hvalverd', 'E60478', 'Hugo Valverde', 'hvalverd@uci.edu', 'EngrChm', 'Senior', 1, 2, 1, '2015-02-23', '12:40:01', 'agevange'),
('dimasa', 'E60412', 'Dimas Avila', 'dimasa@uci.edu', 'EngrMAE', 'Graduate', 1, 2, 1, '2015-02-23', '12:47:39', 'agevange'),
('alirezak', 'E61126', 'Alireza Kalantari', 'alirezak@uci.edu', 'EngrMAE', 'Graduate', 1, 2, 1, '2015-02-23', '12:48:09', 'agevange'),
('lxvu', 'E61852', 'Lam Xuan Vu', 'lxvu@uci.edu', 'Engr ME', 'Senior', 1, 2, 1, '2015-02-23', '12:50:30', 'vinsont'),
('yvonnl2', 'E54712', 'Yvonne Liu', 'yvonnl2@uci.edu', 'Engr ME', 'Senior', 1, 2, 1, '2015-02-23', '12:51:43', 'agevange'),
('apeesapa', 'E54004', 'Adiseshu Peesapati', 'apeesapa@uci.edu', 'Engr ME', 'Senior', 1, 2, 1, '2015-02-23', '12:52:37', 'agevange'),
('bmugg', 'E55396', 'Brian James Mugg', 'bmugg@uci.edu', 'Engr ME', 'Senior', 1, 2, 1, '2015-02-23', '12:53:21', 'agevange'),
('jimmyn2', 'E61846', 'Jimmy Huy Nguyen', 'jimmyn2@uci.edu', 'Engr ME', 'Senior', 1, 2, 1, '2015-02-23', '12:53:42', 'vinsont'),
('phamd3', 'E54028', 'David Pham', 'phamd3@uci.edu', 'Engr ME', 'Junior', 1, 2, 1, '2015-02-23', '12:53:45', 'agevange'),
('gilberh1', 'E74122', 'Gilberto Hernandez Jr.', 'gilberh1@uci.edu', 'Engr ME', 'Senior', 1, 2, 1, '2015-02-23', '12:54:06', 'vinsont'),
('acolumbu', 'E61840', 'Alyssa Columbus', 'acolumbu@uci.edu', 'Engr BM', 'Sophomore', 1, 2, 1, '2015-02-23', '12:54:45', 'agevange'),
('sdinh2', 'E54742', 'Sonia Dinh', 'sdinh2@uci.edu', 'Bio Sci', 'Freshman', 1, 2, 1, '2015-02-23', '12:55:12', 'vinsont'),
('cprijic', 'E61864', 'Christopher Stephen Prijic', 'cprijic@uci.edu', 'Engr ME', 'Senior', 1, 2, 1, '2015-02-23', '12:56:11', 'agevange'),
('tsulliva', 'E54724', 'Keegan Sullivan', 'tsulliva@uci.edu', 'Engr AE', 'Sophomore', 1, 2, 1, '2015-02-23', '12:57:40', 'vinsont'),
('kjchang1', 'E54010', 'Kevin Jl Chang', 'kjchang1@uci.edu', 'Engr CE', 'Senior', 1, 2, 1, '2015-02-23', '12:59:19', 'agevange'),
('cggao', 'E52516', 'Calvin Garret Gao', 'cggao@uci.edu', 'Engr ME', 'Junior', 1, 2, 1, '2015-02-23', '12:59:20', 'vinsont'),
('lzhuang1', 'E61912', 'Lucy Yuan Zhuang', 'lzhuang1@uci.edu', 'Engr BM', 'Sophomore', 1, 2, 1, '2015-02-23', '13:01:39', 'agevange'),
('mbthomas', 'E61882', 'Matthew Boileau Thomas', 'mbthomas@uci.edu', 'Engr ME', 'Senior', 1, 2, 1, '2015-02-23', '13:03:08', 'agevange'),
('anujsp', 'E61930', 'Anuj Shailesh Patel', 'anujsp@uci.edu', 'Engr AE', 'Senior', 1, 2, 1, '2015-02-23', '13:04:43', 'agevange'),
('niwong', 'E61870', 'Natalie Irene Wong', 'niwong@uci.edu', 'Engr BM', 'Junior', 1, 2, 1, '2015-02-23', '13:06:18', 'agevange'),
('yians3', 'E59680', 'Yian Sun', 'yians3@uci.edu', 'EngrEnv', 'Freshman', 1, 2, 1, '2015-02-23', '13:11:35', 'agevange'),
('mathewb', 'E74182', 'Binu Tresa Mathew', 'mathewb@uci.edu', 'Engr AE', 'Senior', 1, 2, 1, '2015-02-23', '13:16:12', 'agevange'),
('dhli1', 'E55414', 'David He-li Li', 'dhli1@uci.edu', 'Engr AE', 'Senior', 1, 2, 1, '2015-02-23', '13:16:57', 'agevange'),
('ortegajg', 'E54646', 'Janet Guadalupe Ortega', 'ortegajg@uci.edu', 'EngrEnv', 'Senior', 1, 2, 1, '2015-02-23', '13:20:57', 'agevange'),
('augustip', 'E74842', 'Pierre Lorenzo Augustin', 'augustip@uci.edu', 'Engr CE', 'Junior', 1, 2, 1, '2015-02-23', '13:21:12', 'agevange'),
('cschoenb', 'E74854', 'Cory Jay Schoenborn', 'cschoenb@uci.edu', 'Engr BM', 'Senior', 1, 2, 1, '2015-02-23', '13:21:34', 'agevange'),
('nakatsus', 'E60472', 'Scott Ken Nakatsu', 'nakatsus@uci.edu', 'Engr ME', 'Sophomore', 1, 2, 1, '2015-02-23', '13:21:49', 'agevange'),
('cynthict', 'E61876', 'Cynthia Cao Tran', 'cynthict@uci.edu', 'Anthro', 'Senior', 1, 2, 1, '2015-02-23', '13:22:30', 'agevange'),
('mstrasse', 'E59698', 'Michaela Elizabeth Strasser', 'mstrasse@uci.edu', 'Engr ME', 'Freshman', 1, 2, 1, '2015-02-23', '13:23:14', 'agevange'),
('spebwort', 'E59782', 'Sophie Colette Pebworth', 'spebwort@uci.edu', 'CSE', 'Sophomore', 1, 2, 1, '2015-02-23', '13:31:15', 'agevange'),
('bquibol', 'E76288', 'Bryan Rolando Quibol', 'bquibol@uci.edu', 'Engr ME', 'Junior', 1, 2, 1, '2015-02-23', '13:34:28', 'agevange'),
('eirap', 'E61900', 'Eira Perez', 'eirap@uci.edu', 'EngrEnv', 'Senior', 1, 2, 1, '2015-02-23', '13:38:20', 'agevange'),
('rdwilson', 'E61888', 'Ryan David Wilson', 'rdwilson@uci.edu', 'Engr ME', 'Senior', 1, 2, 1, '2015-02-23', '13:46:16', 'agevange'),
('jjorteg1', 'E74128', 'Jose Juan Ortega', 'jjorteg1@uci.edu', 'Engr ME', 'Senior', 1, 2, 1, '2015-02-23', '13:46:44', 'agevange'),
('macasio', 'E76348', 'Michael Mark Acasio Jr.', 'macasio@uci.edu', 'Engr CE', 'Junior', 1, 2, 1, '2015-02-23', '13:51:17', 'agevange'),
('phartley', 'E54736', 'Paige Elizabeth Hartley', 'phartley@uci.edu', 'Undclrd', 'Sophomore', 1, 2, 1, '2015-02-23', '13:53:58', 'agevange'),
('mckelld', 'E61936', 'Mckell Renee Davis', 'mckelld@uci.edu', 'Engr BM', 'Sophomore', 1, 2, 1, '2015-02-23', '13:54:45', 'agevange'),
('kyrael', 'E74176', 'Kyra Elizabeth Lee', 'kyrael@uci.edu', 'Engr ME', 'Sophomore', 1, 2, 1, '2015-02-23', '13:56:15', 'agevange'),
('cerdae', 'E61918', 'Eduardo Cortez Cerda', 'cerdae@uci.edu', 'Engr CE', 'Senior', 1, 2, 1, '2015-02-23', '13:57:47', 'agevange'),
('ajlund', 'E61924', 'Andrew James Lund', 'ajlund@uci.edu', 'Engr CE', 'Senior', 1, 2, 1, '2015-02-23', '13:58:10', 'agevange'),
('luongmj', 'E61942', 'Michael Jason Luong', 'luongmj@uci.edu', 'Engr ME', 'Senior', 1, 2, 1, '2015-02-23', '13:58:33', 'agevange'),
('raymoy1', 'E60454', 'Raymond Yu', 'raymoy1@uci.edu', 'Engr EE', 'Freshman', 1, 2, 1, '2015-02-23', '14:00:48', 'agevange'),
('jlevsen', 'E55390', 'Jacob Edward Levsen', 'jlevsen@uci.edu', 'Engr EE', 'Senior', 1, 2, 1, '2015-02-23', '14:01:54', 'agevange'),
('cgaguila', 'E52534', 'Camilo Gabriel Aguilar Herrera', 'cgaguila@uci.edu', 'Engr EE', 'Senior', 1, 2, 1, '2015-02-23', '14:02:35', 'agevange'),
('givehchi', 'E55366', 'Arya Givehchin', 'givehchi@uci.edu', 'Engr AE', 'Sophomore', 1, 2, 1, '2015-02-23', '14:09:26', 'agevange'),
('mmaradia', 'E52498', 'Mersy Margiana Maradiaga', 'mmaradia@uci.edu', 'Engr CE', 'Junior', 1, 2, 1, '2015-02-24', '09:19:25', 'vinsont'),
('pateldy', 'E53986', 'Dimple Yogesh Patel', 'pateldy@uci.edu', 'Engr BM', 'Junior', 1, 2, 1, '2015-02-24', '12:06:29', ''),
('relejald', 'E60406', 'Rodrigo Federico Elejalde', 'relejald@uci.edu', 'Engr CE', 'Senior', 0, 2, 1, '2015-02-24', '13:10:41', ''),
('emannari', 'A313139', 'Eric Francis Mannarino', 'emannari@uci.edu', 'Engr EE', 'Graduate', 1, 2, 1, '2015-02-26', '01:17:30', 'vinsont'),
('aazizian', 'A155107', 'Armin Azizian', 'aazizian@uci.edu', 'Engr EE', 'Senior', 1, 2, 1, '2015-02-26', '02:09:36', 'vinsont'),
('francil1', 'A174861', 'Francis Lin', 'francil1@uci.edu', 'CmptSci', 'Senior', 1, 2, 1, '2015-02-26', '02:09:49', 'vinsont'),
('abhardw1', 'A135353', 'Abhishek Bhardwaj', 'abhardw1@uci.edu', 'EngrCpE', 'Graduate', 1, 2, 1, '2015-02-26', '02:10:26', 'vinsont'),
('yiwenw8', 'A115599', 'Yiwen Wu', 'yiwenw8@uci.edu', 'EngrCpE', 'Graduate', 1, 2, 1, '2015-02-26', '02:10:38', 'vinsont'),
('yixianz', 'A056337', 'Alan Zhang', 'yixianz@uci.edu', 'Engr EE', 'Senior', 1, 2, 1, '2015-02-26', '02:19:54', 'vinsont'),
('kamelend', 'A095845', 'Karla A. Melendez', 'kamelend@uci.edu', 'EngrEnv', 'Freshman', 1, 2, 1, '2015-02-26', '02:20:12', 'vinsont'),
('peiyuanl', 'A076091', 'Peiyuan Liu', 'peiyuanl@uci.edu', 'Net Sys', 'Graduate', 1, 2, 1, '2015-02-26', '02:20:41', 'vinsont'),
('farabsha', 'A104217', 'Forough Arabshahi', 'farabsha@uci.edu', 'Engr EE', 'Graduate', 1, 2, 1, '2015-02-26', '02:21:11', 'vinsont'),
('schmitzj', 'A013035', 'Jordan William Schmitz', 'schmitzj@uci.edu', 'Engr ME', 'Senior', 1, 2, 1, '2015-02-26', '02:25:39', 'vinsont'),
('anjanakp', 'A002162', 'Anjanakshi Prakash', 'anjanakp@uci.edu', 'I&C Sci', 'Graduate', 1, 2, 1, '2015-02-26', '02:28:37', 'vinsont'),
('gpilliti', 'A058626', 'Gabriel John Pillitiere', 'gpilliti@uci.edu', 'Engr ME', 'Junior', 1, 2, 1, '2015-02-26', '02:29:49', 'vinsont'),
('hbahua', 'A028232', 'Harsh Ramnik Bahua', 'hbahua@uci.edu', 'EngrCpE', 'Graduate', 1, 2, 1, '2015-02-26', '02:30:10', 'vinsont'),
('aboopala', 'A043429', 'Alok Boopalam Anantha Krishna', 'aboopala@uci.edu', 'EngrCpE', 'Graduate', 1, 2, 1, '2015-02-26', '02:30:23', 'vinsont'),
('nsugiart', 'A274321', 'Nicholas Adam Sugiarto', 'nsugiart@uci.edu', 'CmptSci', 'Sophomore', 1, 2, 1, '2015-02-26', '02:36:44', 'vinsont'),
('samuelmr', 'A026069', 'Samuel Morales Reyes', 'samuelmr@uci.edu', 'Engr AE', 'Senior', 1, 2, 1, '2015-02-26', '02:37:15', 'vinsont'),
('hoainhun', 'A064657', 'Hoai-nhu Chau Nguyen', 'hoainhun@uci.edu', 'Engr ME', 'Senior', 1, 2, 1, '2015-02-26', '02:37:34', 'vinsont'),
('juyil', 'A163361', 'Juyi Li', 'juyil@uci.edu', 'EngrMAE', 'Graduate', 1, 2, 1, '2015-02-26', '02:38:23', 'vinsont'),
('ehyuen', 'A668563', 'Eileen Hana Yuen', 'ehyuen@uci.edu', 'Engr BM', 'Senior', 1, 2, 1, '2015-02-26', '02:39:56', 'vinsont'),
('aditib', 'A611721', 'Aditi Bhatia', 'aditib@uci.edu', 'Engr EE', 'Senior', 1, 2, 1, '2015-02-26', '02:40:06', 'vinsont'),
('davidhn2', 'A583300', 'David Hieu Nguyen', 'davidhn2@uci.edu', 'Engr AE', 'Senior', 1, 2, 1, '2015-02-26', '02:40:25', 'vinsont'),
('ykchung', 'A526452', 'Yon Kyu Chung', 'ykchung@uci.edu', 'EngrEnv', 'Senior', 1, 2, 1, '2015-02-26', '02:40:46', 'vinsont'),
('khnguye2', 'A469616', 'Kevin Huy Nguyen', 'khnguye2@uci.edu', 'Engr CE', 'Senior', 1, 2, 1, '2015-02-26', '02:41:09', 'vinsont'),
('mdbui', 'A441195', 'Michael Do Bui', 'mdbui@uci.edu', 'BusEcon', 'Sophomore', 1, 2, 1, '2015-02-26', '02:41:26', 'vinsont'),
('soazeemu', 'A384353', 'Syed Omer Azeemuddin', 'soazeemu@uci.edu', 'EngrCpE', 'Freshman', 1, 2, 1, '2015-02-26', '02:41:52', 'vinsont'),
('lsafavit', 'A355932', 'Leila Safavi-tehrani', 'lsafavit@uci.edu', 'EngrChm', 'Graduate', 1, 2, 1, '2015-02-26', '02:42:13', 'vinsont'),
('jfont', 'A417711', 'Jose Carlos Font', 'jfont@uci.edu', 'EngrMAE', 'Graduate', 1, 2, 1, '2015-02-26', '02:42:35', 'vinsont'),
('priceaj', 'A185406', 'Andrew John Price', 'priceaj@uci.edu', 'Engr CE', 'Senior', 1, 2, 1, '2015-02-26', '02:43:27', 'vinsont'),
('amnavarr', 'A213827', 'Andrea Marquez Navarro', 'amnavarr@uci.edu', 'Engr BM', 'Graduate', 1, 2, 1, '2015-02-26', '02:44:37', 'vinsont'),
('bgmaldon', 'A242248', 'Brenda Guadalupe Maldonado', 'bgmaldon@uci.edu', 'Engr CE', 'Senior', 1, 2, 1, '2015-02-26', '02:46:24', 'vinsont'),
('pkharazm', 'A270669', 'Patricia Sedigheh Kharazmi', 'pkharazm@uci.edu', 'Engr CE', 'Senior', 1, 2, 1, '2015-02-26', '02:46:34', 'vinsont'),
('csribhib', 'A299090', 'Chosita Sribhibhadh', 'csribhib@uci.edu', 'EngrEnv', 'Senior', 1, 2, 1, '2015-02-26', '02:46:42', 'vinsont'),
('djaimes', 'A102775', 'Daniel J. Jaimes', 'djaimes@uci.edu', 'EngrMAE', 'Graduate', 1, 2, 1, '2015-02-26', '02:48:05', 'vinsont'),
('ibenitez', 'A059861', 'Ignacio Benitez', 'ibenitez@uci.edu', 'Engr CE', 'Senior', 1, 2, 1, '2015-02-26', '02:48:22', 'vinsont'),
('gian', 'A000745', 'Gia Luong Huu Nguyen', 'gian@uci.edu', 'EngrMAE', 'Graduate', 1, 2, 1, '2015-02-26', '02:48:34', 'vinsont'),
('andym2', 'A127201', 'Andy Ma', 'andym2@uci.edu', 'Engr CE', 'Senior', 1, 2, 1, '2015-02-26', '02:49:21', 'vinsont'),
('abiasiol', 'A004377', 'Andrea Biasioli', 'abiasiol@uci.edu', 'Engr AE', 'Faculty/Staff', 1, 2, 1, '2015-02-26', '02:50:38', 'vinsont'),
('tvtaing', 'A119577', 'Thompson Taing', 'tvtaing@uci.edu', 'EnrMgmt', 'Graduate', 1, 2, 1, '2015-02-26', '02:51:02', 'vinsont'),
('yifeis5', 'A004601', 'Yifei Sun', 'yifeis5@uci.edu', 'EnrMgmt', 'Graduate', 1, 2, 1, '2015-02-26', '02:51:25', 'vinsont'),
('ngojc', 'A019457', 'Jimmy C. Ngo', 'ngojc@uci.edu', 'Engr AE', 'Junior', 1, 2, 1, '2015-02-26', '02:52:40', 'vinsont'),
('szomorod', 'A156985', 'Sepehr Joze Zomorodian', 'szomorod@uci.edu', 'Engr BM', 'Senior', 1, 2, 1, '2015-02-26', '02:54:06', 'vinsont'),
('ashutoks', 'A015111', 'Ashutosh Kumar Singh', 'ashutoks@uci.edu', 'Engr BM', 'Junior', 1, 2, 1, '2015-02-26', '03:12:17', 'vinsont'),
('pborden', 'A014236', 'Pamela Ann Borden', 'pborden@uci.edu', 'Engr BM', 'Sophomore', 1, 2, 1, '2015-02-26', '03:12:25', 'vinsont'),
('orozcojd', 'A694377', 'Jonathan D. Orozco', 'orozcojd@uci.edu', 'CSE', 'Junior', 1, 2, 1, '2015-02-26', '03:12:32', 'vinsont'),
('cude', 'A184938', 'Clifford Ndukaku Ude', 'cude@uci.edu', 'Engr CE', 'Senior', 1, 2, 1, '2015-02-26', '03:12:57', 'vinsont'),
('egchung', 'A100356', 'Elizabeth Grace Chung', 'egchung@uci.edu', 'EngrChm', 'Sophomore', 1, 2, 1, '2015-02-26', '03:13:09', 'vinsont'),
('bqluu', '', 'Brian Quoc Luu', 'bqluu@uci.edu', 'EngrChm', 'Senior', 1, 2, 1, '2015-02-26', '03:14:24', 'vinsont'),
('rahnamam', 'A000569', 'Matin Rahnamay-naeini', 'rahnamam@uci.edu', 'EngrEnv', 'Graduate', 1, 2, 1, '2015-02-26', '03:14:35', 'vinsont'),
('davefeng', 'A000345', 'David Feng', 'davefeng@uci.edu', 'Engr ME', 'Senior', 1, 2, 1, '2015-02-26', '03:14:57', 'vinsont'),
('christsv', 'A003705', 'Christopher Sanchez Valenzuela', 'christsv@uci.edu', 'Engr EE', 'Junior', 1, 2, 1, '2015-02-26', '03:15:06', 'vinsont'),
('hmcintos', 'A003481', 'Hazel Miriam Mcintosh', 'hmcintos@uci.edu', 'EngrEnv', 'Senior', 1, 2, 1, '2015-02-26', '03:15:24', 'vinsont'),
('hgreene', 'A017195', 'Heather Miranda Greene', 'hgreene@uci.edu', 'Engr CE', 'Senior', 1, 2, 1, '2015-02-26', '03:15:33', 'vinsont'),
('jglong', 'A013716', 'Joshua Gardner Long', 'jglong@uci.edu', 'EngrEnv', 'Senior', 1, 2, 1, '2015-02-26', '03:15:41', 'vinsont'),
('patricl4', 'A001017', 'Patrick Lee', 'patricl4@uci.edu', 'EngrEnv', 'Senior', 1, 2, 1, '2015-02-26', '03:17:26', 'vinsont'),
('spenceh1', 'A030496', 'Spencer Hernandez', 'spenceh1@uci.edu', 'EngrChm', 'Senior', 1, 2, 1, '2015-02-26', '03:17:46', 'vinsont'),
('hellers', 'A07392', 'Samuel Max Heller', 'hellers@uci.edu', 'Engr ME', 'Senior', 1, 2, 1, '2015-02-26', '03:17:53', 'vinsont'),
('canguy', 'A003179', 'Calvin Andy Nguy', 'canguy@uci.edu', 'Engr ME', 'Senior', 1, 2, 1, '2015-02-26', '03:18:03', 'vinsont'),
('kdevezin', 'A015307', 'Krystal Kayla Devezin', 'kdevezin@uci.edu', 'Engr BM', 'Senior', 1, 2, 1, '2015-02-26', '03:20:15', 'vinsont'),
('dinglefi', 'A001399', 'Dylan Christopher Inglefield', 'dinglefi@uci.edu', 'EngrChm', 'Senior', 1, 2, 1, '2015-02-26', '03:20:23', 'vinsont'),
('cnlai', 'A016913', 'Katherine Che Nga Lai', 'cnlai@uci.edu', 'EngrChm', 'Senior', 1, 2, 1, '2015-02-26', '03:21:10', 'vinsont'),
('phip1', 'A190121', 'Phi Pham', 'phip1@uci.edu', 'EngrMSE', 'Graduate', 1, 2, 1, '2015-02-26', '09:49:35', 'vinsont'),
('sbumatay', 'E76336', 'Sherilyn Rose Bumatay', 'sbumatay@uci.edu', 'Engr ME', 'Senior', 1, 2, 1, '2015-02-26', '09:51:28', 'vinsont'),
('vpaneto', 'E55378', 'Vanessa Eileen Paneto', 'vpaneto@uci.edu', 'Engr CE', 'Graduate', 1, 2, 1, '2015-02-26', '09:51:38', 'vinsont'),
('vasilem', 'A090421', 'Michael Vasile', 'vasilem@uci.edu', 'Engr EE', 'Senior', 1, 2, 1, '2015-02-26', '09:51:47', 'vinsont'),
('trieuk1', 'A097249', 'Kevin Trieu', 'trieuk1@uci.edu', 'Engr BM', 'Junior', 1, 2, 1, '2015-02-26', '09:52:37', 'vinsont'),
('diegos', 'A021788', 'Diego Sandoval', 'diegos@uci.edu', 'Engr BM', 'Senior', 1, 2, 1, '2015-02-26', '09:52:43', 'vinsont'),
('jdblock', 'A023965', 'Justin David Block', 'jdblock@uci.edu', 'Engr AE', 'Junior', 1, 2, 1, '2015-02-26', '09:53:06', 'vinsont'),
('darlynh', 'A042929', 'Darlyn Cristal Hernandez', 'darlynh@uci.edu', 'Engr CE', 'Freshman', 1, 2, 1, '2015-02-26', '09:53:35', 'vinsont'),
('jjdickso', 'A010337', 'Jordan Jeffrey Dickson', 'jjdickso@uci.edu', 'EngrCpE', 'Sophomore', 1, 2, 1, '2015-02-26', '09:54:01', 'vinsont'),
('dkeady', 'A157565', 'Daniel Vincent Keady', 'dkeady@uci.edu', 'EngrEnv', 'Senior', 1, 2, 1, '2015-02-26', '09:54:26', 'vinsont'),
('directoc', 'A129551', 'Carlos Alessandro Directo', 'directoc@uci.edu', 'Engr ME', 'Sophomore', 1, 2, 1, '2015-02-26', '09:55:23', 'vinsont'),
('chauym', 'E53932', 'Yvonne My Linh Chau', 'chauym@uci.edu', 'EngrChm', 'Junior', 1, 2, 1, '2015-02-26', '09:57:11', 'agevange'),
('faberj', 'A003821', 'James Michael Faber Ii', 'faberj@uci.edu', 'Engr ME', 'Senior', 1, 2, 1, '2015-02-26', '09:58:57', 'vinsont'),
('bliang4', 'A124691', 'Bowen Liang', 'bliang4@uci.edu', 'Engr CE', 'Junior', 1, 2, 1, '2015-02-26', '09:59:03', 'agevange'),
('kfrobins', 'A019611', 'Kaitlin Frances Robinson', 'kfrobins@uci.edu', 'Engr ME', 'Senior', 1, 2, 1, '2015-02-26', '09:59:05', 'vinsont'),
('ajfoley', 'A073523', 'Anthony James Foley', 'ajfoley@uci.edu', 'Engr EE', 'Senior', 1, 2, 1, '2015-02-26', '09:59:42', 'vinsont'),
('sadeghm1', 'A026633', 'Maryam Sadeghi Reineh', 'sadeghm1@uci.edu', 'EngrMAE', 'Graduate', 1, 2, 1, '2015-02-26', '10:00:06', 'agevange'),
('yent2', 'A006758', 'Yen Tu', 'yent2@uci.edu', 'Engr ME', 'Senior', 1, 2, 1, '2015-02-26', '10:00:13', 'vinsont'),
('srahimin', 'A032925', 'Sara Rahiminejad', 'srahimin@uci.edu', 'EngrMAE', 'Graduate', 1, 2, 1, '2015-02-26', '10:00:43', 'agevange'),
('kqolagha', 'A054847', 'Khaled Maher Qolaghasi', 'kqolagha@uci.edu', 'EngrChm', 'Senior', 1, 2, 1, '2015-02-26', '10:00:46', 'vinsont'),
('hingeved', 'A072996', 'David Andrew Hingeveld', 'hingeved@uci.edu', 'Engr ME', 'Senior', 1, 2, 1, '2015-02-26', '10:01:32', 'agevange'),
('dguterre', 'A066277', 'Derek Anthony Guterres', 'dguterre@uci.edu', 'Engr BM', 'Senior', 1, 2, 1, '2015-02-26', '10:02:03', 'agevange'),
('cuevan', 'A036171', 'Nathanael Cueva', 'cuevan@uci.edu', 'Engr EE', 'Junior', 1, 2, 1, '2015-02-26', '10:02:05', 'vinsont'),
('niq', 'A009283', 'Qi Ni', 'niq@uci.edu', 'EngrChm', 'Junior', 1, 2, 1, '2015-02-26', '10:02:16', 'vinsont'),
('maaw', 'A038069', 'Alvin Wing Lam Ma', 'maaw@uci.edu', 'Engr ME', 'Senior', 1, 2, 1, '2015-02-26', '10:02:50', 'vinsont'),
('jndeguzm', 'A008393', 'John Nelson San Pedro Deguzman', 'jndeguzm@uci.edu', 'Engr ME', 'Senior', 1, 2, 1, '2015-02-26', '10:02:59', 'vinsont'),
('jeffrewh', 'A000636', 'Jeffrey W. Huang', 'jeffrewh@uci.edu', 'Engr AE', 'Freshman', 1, 2, 1, '2015-02-26', '10:03:31', 'agevange'),
('rdeghion', 'A057511', 'Riley George Deghionno', 'rdeghion@uci.edu', 'Engr ME', 'Senior', 1, 2, 1, '2015-02-26', '10:03:43', 'vinsont'),
('rjamir', 'A003279', 'Ronnel Gozo Jamir', 'rjamir@uci.edu', 'Engr ME', 'Senior', 1, 2, 1, '2015-02-26', '10:04:13', 'vinsont'),
('robertjf', 'A000595', 'Robert Joseph Flores', 'robertjf@uci.edu', 'EngrMAE', 'Graduate', 1, 2, 1, '2015-02-26', '10:04:16', 'agevange'),
('aaskari1', 'A065771', 'Arman Askari', 'aaskari1@uci.edu', 'Engr ME', 'Senior', 1, 2, 1, '2015-02-26', '10:04:22', 'vinsont'),
('kbarling', 'A000963', 'Kimberly Ashley Barling', 'kbarling@uci.edu', 'Engr CE', 'Senior', 1, 2, 1, '2015-02-26', '10:04:29', 'agevange'),
('coramire', 'A028268', 'Carlos Omar Ramirez', 'coramire@uci.edu', 'Engr ME', 'Junior', 1, 2, 1, '2015-02-26', '10:05:28', 'agevange'),
('ceachus', 'A039501', 'Christopher Robert Eachus', 'ceachus@uci.edu', 'EngrChm', 'Junior', 1, 2, 1, '2015-02-26', '10:05:53', 'vinsont'),
('csrun', 'A079397', 'Christine Kim Srun', 'csrun@uci.edu', 'CSE', 'Senior', 1, 2, 1, '2015-02-26', '10:06:04', 'agevange'),
('eaparker', 'A021301', 'Emily Ann Parker', 'eaparker@uci.edu', 'EngrEnv', 'Graduate', 1, 2, 1, '2015-02-26', '10:06:32', 'agevange'),
('khang', 'A007757', 'Justin Khoi Bao Han-nguyen', 'khang@uci.edu', 'EngrBMP', 'Senior', 1, 2, 1, '2015-02-26', '10:06:32', 'vinsont'),
('franciah', 'A013861', 'Francisca A. Herrera', 'franciah@uci.edu', 'Engr CE', 'Senior', 1, 2, 1, '2015-02-26', '10:06:56', 'vinsont'),
('lintg', 'A096692', 'Tiffany Gee-ting Lin', 'lintg@uci.edu', 'Engr BM', 'Graduate', 1, 2, 1, '2015-02-26', '10:06:57', 'agevange'),
('joyas', 'A106999', 'Justin Davis Oyas', 'joyas@uci.edu', 'Engr AE', 'Senior', 1, 2, 1, '2015-02-26', '10:07:09', 'agevange'),
('brewercm', 'A048506', 'Caressa Marie Brewer', 'brewercm@uci.edu', 'Engr CE', 'Sophomore', 1, 2, 1, '2015-02-26', '10:07:20', 'vinsont'),
('mwrodrig', 'A071297', 'Michael William Rodriguez', 'mwrodrig@uci.edu', 'Engr AE', 'Junior', 1, 2, 1, '2015-02-26', '10:07:27', 'agevange'),
('lamcy1', 'A059225', 'Christopher Yie Lam', 'lamcy1@uci.edu', 'SW Engr', 'Sophomore', 1, 2, 1, '2015-02-26', '10:08:02', 'agevange'),
('connerls', 'A009144', 'Conner Lucas Smith', 'connerls@uci.edu', 'Engr AE', 'Junior', 1, 2, 1, '2015-02-26', '10:08:16', 'agevange'),
('rbarekat', 'E53956', 'Ryan Dustin Barekat', 'rbarekat@uci.edu', 'EngrCpE', 'Senior', 1, 2, 1, '2015-02-26', '10:08:35', 'agevange'),
('alexmh1', 'E55384', 'Alex M. Herrera', 'alexmh1@uci.edu', 'Engr ME', 'Senior', 1, 2, 1, '2015-02-26', '10:09:03', 'vinsont'),
('dennisam', 'E59728', 'Dennis Adalberto Mendez', 'dennisam@uci.edu', 'Engr BM', 'Senior', 1, 2, 1, '2015-02-26', '10:09:12', 'vinsont'),
('maijp', 'E54664', 'Jenny Phuong Trang Mai', 'maijp@uci.edu', 'Enr MSE', 'Senior', 1, 2, 1, '2015-02-26', '10:09:26', 'vinsont'),
('ahormaza', 'E52564', 'Alejandra Hormaza-mejia', 'ahormaza@uci.edu', 'EngrChm', 'Senior', 1, 2, 1, '2015-02-26', '10:09:32', 'vinsont'),
('paulinoa', 'E53974', 'Alexabelle Maj Paulino', 'paulinoa@uci.edu', 'Engr BM', 'Senior', 1, 2, 1, '2015-02-26', '10:09:46', 'vinsont'),
('ybehmard', 'E53938', 'Yasna Behmardi', 'ybehmard@uci.edu', 'Engr BM', 'Senior', 1, 2, 1, '2015-02-26', '10:10:31', 'agevange'),
('bperezri', 'E54718', 'Bryan Kevin Perez-richmond', 'bperezri@uci.edu', 'Engr ME', 'Senior', 1, 2, 1, '2015-02-26', '10:10:39', 'vinsont'),
('taggartk', 'E53968', 'Kyle Patrick Taggart', 'taggartk@uci.edu', 'Engr ME', 'Senior', 1, 2, 1, '2015-02-26', '10:10:46', 'agevange'),
('ferroc', 'E53980', 'Christopher James Ferro', 'ferroc@uci.edu', 'Engr ME', 'Senior', 1, 2, 1, '2015-02-26', '10:10:47', 'vinsont'),
('josepas2', 'E59716', 'Joseph Alex Sanchez', 'josepas2@uci.edu', 'Engr ME', 'Senior', 1, 2, 1, '2015-02-26', '10:11:08', 'vinsont'),
('jamespl1', 'E60448', 'James Patrick Lee', 'jamespl1@uci.edu', 'Engr ME', 'Senior', 1, 2, 1, '2015-02-26', '10:11:19', 'agevange'),
('wdodge', 'E74194', 'Wesley Clayton Dodge', 'wdodge@uci.edu', 'Engr ME', 'Senior', 1, 2, 1, '2015-02-26', '10:11:34', 'agevange'),
('hhlu', 'E76258', 'Harrison He Lu', 'hhlu@uci.edu', 'Engr ME', 'Senior', 1, 2, 1, '2015-02-26', '10:11:36', 'vinsont'),
('rfreyes', 'E61234', 'Rea Fatima Reyes', 'rfreyes@uci.edu', 'EngrChm', 'Senior', 1, 2, 1, '2015-02-26', '10:11:47', 'vinsont'),
('kaoj3', 'E52594', 'Jessica Kao', 'kaoj3@uci.edu', 'Engr ME', 'Senior', 1, 2, 1, '2015-02-26', '10:11:58', 'vinsont'),
('psbhatia', 'E52528', 'Pavitpal Singh Bhatia', 'psbhatia@uci.edu', 'Engr ME', 'Senior', 1, 2, 1, '2015-02-26', '10:12:04', 'agevange'),
('cmponce', 'E54658', 'Christopher Michael Ponce', 'cmponce@uci.edu', 'Engr ME', 'Senior', 1, 2, 1, '2015-02-26', '10:12:07', 'vinsont'),
('fstaub', 'E53920', 'Franco Maurice Staub', 'fstaub@uci.edu', 'Engr ME', 'Senior', 1, 2, 1, '2015-02-26', '10:12:20', 'agevange'),
('kingd2', 'E74806', 'Daniel King', 'kingd2@uci.edu', 'Engr AE', 'Senior', 1, 2, 1, '2015-02-26', '10:12:24', 'vinsont'),
('willisz', 'E53950', 'Willis Zhang', 'willisz@uci.edu', 'Engr ME', 'Senior', 1, 2, 1, '2015-02-26', '10:12:34', 'vinsont'),
('smnewell', 'E52540', 'Sean Michael Newell', 'smnewell@uci.edu', 'Engr ME', 'Senior', 1, 2, 1, '2015-02-26', '10:12:35', 'agevange'),
('wupc', 'E52588', 'Pei Chi Wu', 'wupc@uci.edu', 'Engr ME', 'Senior', 1, 2, 1, '2015-02-26', '10:12:49', 'agevange'),
('rilozano', 'E54706', 'Raymundo Ivan Lozano', 'rilozano@uci.edu', 'Engr CE', 'Senior', 1, 2, 1, '2015-02-26', '10:13:01', 'vinsont'),
('ekyee', 'E74812', 'Eric Kin- Ming Yee', 'ekyee@uci.edu', 'Engr ME', 'Senior', 1, 2, 1, '2015-02-26', '10:13:03', 'agevange'),
('beckhard', 'E61120', 'Bridget Ashley Eckhardt', 'beckhard@uci.edu', 'EngrEnv', 'Senior', 1, 2, 1, '2015-02-26', '10:13:08', 'vinsont'),
('mrazouan', 'E74098', 'Mehdi Ben Razouane', 'mrazouan@uci.edu', 'Engr ME', 'Senior', 1, 2, 1, '2015-02-26', '10:13:15', 'vinsont'),
('lguirgui', 'E54688', 'Luke Atif Guirguis', 'lguirgui@uci.edu', 'Engr AE', 'Senior', 1, 2, 1, '2015-02-26', '10:13:40', 'agevange'),
('cglynn', 'E60400', 'Christopher Steven Glynn', 'cglynn@uci.edu', 'EngrChm', 'Senior', 1, 2, 1, '2015-02-26', '10:13:48', 'vinsont'),
('ewilde', 'E55432', 'Eric Christian Wilde', 'ewilde@uci.edu', 'Engr BM', 'Senior', 1, 2, 1, '2015-02-26', '10:13:53', 'vinsont'),
('jmonten1', 'E54676', 'Jose Montenegro', 'jmonten1@uci.edu', 'Engr ME', 'Senior', 1, 2, 1, '2015-02-26', '10:14:19', 'vinsont'),
('jleonor', 'E74186', 'Joseph Curtis Escritor Leonor', 'jleonor@uci.edu', 'Engr ME', 'Senior', 1, 2, 1, '2015-02-26', '10:14:29', 'agevange'),
('rhabchi', 'E60508', 'Rachelle George Habchi', 'rhabchi@uci.edu', 'Engr CE', 'Senior', 1, 2, 1, '2015-02-26', '10:14:33', 'vinsont'),
('hbecan', 'E61132', 'Hannah Rae Becan', 'hbecan@uci.edu', 'Engr BM', 'Junior', 1, 2, 1, '2015-02-26', '10:14:43', 'vinsont'),
('amoyal', 'E60460', 'Amoya Nicole Lewis', 'amoyal@uci.edu', 'Engr AE', 'Junior', 1, 2, 1, '2015-02-26', '10:14:55', 'agevange'),
('chowg', 'E74092', 'Garrett L. Chow', 'chowg@uci.edu', 'EngrChm', 'Senior', 1, 2, 1, '2015-02-26', '10:15:26', 'vinsont'),
('chengdd', 'E61228', 'Darrell Ding-bong Cheng', 'chengdd@uci.edu', 'EngrChm', 'Senior', 1, 2, 1, '2015-02-26', '10:15:34', 'vinsont'),
('mgbaraja', 'E59722', 'Maria G. Barajas', 'mgbaraja@uci.edu', 'Engr AE', 'Senior', 1, 2, 1, '2015-02-26', '10:15:38', 'agevange'),
('cparra1', 'E59770', 'Charles Parra', 'cparra1@uci.edu', 'Engr ME', 'Senior', 1, 2, 1, '2015-02-26', '10:15:42', 'vinsont'),
('stharaka', 'E60484', 'Sajeev Joseph Tharakan', 'stharaka@uci.edu', 'Enr MSE', 'Junior', 1, 2, 1, '2015-02-26', '10:15:51', 'agevange'),
('tvho1', 'E76264', 'Thomas Viet Thanh Tam Ho', 'tvho1@uci.edu', 'Engr ME', 'Junior', 1, 2, 1, '2015-02-26', '10:16:10', 'agevange'),
('athorste', 'E60490', 'Andrea Rose Thorstensen', 'athorste@uci.edu', 'Engr CE', 'Graduate', 1, 2, 1, '2015-02-26', '10:16:11', 'vinsont'),
('anabili', 'E74878', 'Arash Nabili', 'anabili@uci.edu', 'CSE', 'Senior', 1, 2, 1, '2015-02-26', '10:16:17', 'vinsont'),
('jawidjaj', 'E54700', 'Joseph Adam Widjaja', 'jawidjaj@uci.edu', 'EngrChm', 'Senior', 1, 2, 1, '2015-02-26', '10:16:27', 'agevange'),
('maximile', 'E74152', 'Maximiliano Estrada', 'maximile@uci.edu', 'Engr AE', 'Senior', 1, 2, 1, '2015-02-26', '10:16:32', 'vinsont'),
('ameliaam', 'E76240', 'Amelia Anne Meyer', 'ameliaam@uci.edu', 'Engr CE', 'Senior', 1, 2, 1, '2015-02-26', '10:16:40', 'vinsont'),
('guillerj', 'E60466', 'Guillermo Jimenez', 'guillerj@uci.edu', 'Engr ME', 'Senior', 1, 2, 1, '2015-02-26', '10:16:42', 'agevange'),
('djhuynh', 'E59746', 'Dylan Jay Huynh', 'djhuynh@uci.edu', 'Engr ME', 'Senior', 1, 2, 1, '2015-02-26', '10:17:01', 'agevange'),
('kquinter', 'E52510', 'Karen Beatriz Quintero', 'kquinter@uci.edu', 'Engr CE', 'Senior', 1, 2, 1, '2015-02-26', '10:17:14', 'vinsont'),
('quandl', 'E52486', 'Quan Diem Le', 'quandl@uci.edu', 'Engr ME', 'Senior', 0, 2, 1, '2015-02-26', '10:17:21', 'agevange'),
('jpto', 'E76306', 'Jeff To', 'jpto@uci.edu', 'EngrCpE', 'Senior', 1, 2, 1, '2015-02-26', '10:17:31', 'agevange'),
('laur2', 'E59710', 'Raymond Lau', 'laur2@uci.edu', 'Engr AE', 'Senior', 1, 2, 1, '2015-02-26', '10:17:44', 'vinsont'),
('jasonsh', 'E55408', 'Jason Sungjoo Hwang', 'jasonsh@uci.edu', 'Engr AE', 'Senior', 1, 2, 1, '2015-02-26', '10:17:51', 'vinsont'),
('klaurie', 'E74914', 'Kashif Vicente Laurie', 'klaurie@uci.edu', 'Engr ME', 'Sophomore', 1, 2, 1, '2015-02-26', '10:17:59', 'vinsont'),
('vwtseng', 'E59692', 'Vivian Wan-ru Tseng', 'vwtseng@uci.edu', 'Engr CE', 'Senior', 1, 2, 1, '2015-02-26', '10:18:13', 'vinsont'),
('carrilc1', 'E54652', 'Cesar Carrillo', 'carrilc1@uci.edu', 'Engr CE', 'Senior', 1, 2, 1, '2015-02-26', '10:18:21', 'agevange'),
('alexbl', 'E552576', 'Alex Bennett Lewis', 'alexbl@uci.edu', 'Engr CE', 'Senior', 1, 2, 1, '2015-02-26', '10:18:30', 'vinsont'),
('channaj', 'E61186', 'Jonathan Athen Channa', 'channaj@uci.edu', 'EngrCpE', 'Senior', 1, 2, 1, '2015-02-26', '10:18:41', 'vinsont'),
('clarnold', 'E61168', 'Cori Lee Arnold', 'clarnold@uci.edu', 'Engr CE', 'Freshman', 1, 2, 1, '2015-02-26', '10:18:56', 'agevange'),
('andysj', 'E52480', 'Andy Steven Jackson', 'andysj@uci.edu', 'EngrChm', 'Graduate', 1, 2, 1, '2015-02-26', '10:19:14', 'agevange'),
('covarruc', '', 'Carlos Covarrubias', 'covarruc@uci.edu', 'Engr BM', 'Senior', 1, 2, 1, '2015-02-26', '10:19:24', 'vinsont'),
('jkandrew', 'A042611', 'Juliana Kimberly Andrews', 'jkandrew@uci.edu', 'Engr CE', 'Senior', 1, 2, 1, '2015-02-26', '10:19:33', 'vinsont'),
('tbabikia', 'E55920', 'Tro Babikian', 'tbabikia@uci.edu', 'EngrChm', 'Graduate', 1, 2, 1, '2015-02-26', '10:19:37', 'agevange'),
('ryllprou', 'A027632', 'Ramon Yll Prous', 'ryllprou@uci.edu', 'EngrMAE', 'Graduate', 1, 2, 1, '2015-02-26', '10:19:58', 'vinsont'),
('wbchen', 'E61162', 'Wesley B. Chen', 'wbchen@uci.edu', 'Engr CE', 'Junior', 1, 2, 1, '2015-02-26', '10:20:06', 'agevange'),
('vitm', 'A04201', 'Vi Thuy Mai', 'vitm@uci.edu', 'Engr CE', 'Senior', 1, 2, 1, '2015-02-26', '10:20:19', 'vinsont'),
('stephjl3', 'A108858', 'Stephen Jun-jie Lee', 'stephjl3@uci.edu', 'Engr ME', 'Sophomore', 1, 2, 1, '2015-02-26', '10:20:20', 'agevange'),
('franciv', 'E54016', 'Francisco Vega', 'franciv@uci.edu', 'Engr ME', 'Junior', 1, 2, 1, '2015-02-26', '10:20:32', 'agevange'),
('soriano1', 'A447881', 'Marc Soriano', 'soriano1@uci.edu', 'EngrMAE', 'Graduate', 1, 2, 1, '2015-02-26', '10:21:28', 'agevange'),
('nikbakhn', 'A026191', 'Nika Nikbakht', 'nikbakhn@uci.edu', 'Engr BM', 'Graduate', 1, 2, 1, '2015-02-26', '10:22:05', 'vinsont'),
('sadriy', 'A049393', 'Yasaman Najm Sadri', 'sadriy@uci.edu', 'Engr EE', 'Senior', 1, 2, 1, '2015-02-26', '10:22:12', 'vinsont'),
('mvenaas', 'A11941', 'Max R. Venaas', 'mvenaas@uci.edu', 'Engr ME', 'Senior', 1, 2, 1, '2015-02-26', '10:22:42', 'vinsont'),
('rbocampo', 'A037830', 'Rene B. Ocampo Jr.', 'rbocampo@uci.edu', 'Engr CE', 'Junior', 1, 2, 1, '2015-02-26', '10:22:53', 'vinsont'),
('linv3', 'A086385', 'Vincent Lin', 'linv3@uci.edu', 'Engr CE', 'Senior', 1, 2, 1, '2015-02-26', '10:22:54', 'agevange'),
('repadill', 'A080953', 'Rosa Elida Padilla', 'repadill@uci.edu', 'EngrMAE', 'Graduate', 1, 2, 1, '2015-02-26', '10:23:13', 'agevange'),
('reyesed', 'A075521', 'Emanuel David Reyes', 'reyesed@uci.edu', 'Engr ME', 'Senior', 1, 2, 1, '2015-02-26', '10:23:28', 'agevange'),
('alfaroa2', 'A035862', 'Alexander Alfaro', 'alfaroa2@uci.edu', 'Engr AE', 'Junior', 1, 2, 1, '2015-02-26', '10:24:08', 'agevange'),
('avirkar', 'A117306', 'Alok Sanjay Virkar', 'avirkar@uci.edu', 'Engr ME', 'Senior', 1, 2, 1, '2015-02-26', '10:24:43', 'agevange'),
('cfimbres', 'A045023', 'Cristhian Fimbres', 'cfimbres@uci.edu', 'Engr BM', 'Senior', 1, 2, 1, '2015-02-26', '10:25:11', 'agevange'),
('ethuang', 'A041945', 'Eric Tailon Huang', 'ethuang@uci.edu', 'Engr ME', 'Senior', 1, 2, 1, '2015-02-26', '10:25:36', 'agevange'),
('anercess', 'E52558', 'Anthony Thomas Nercessian', 'anercess@uci.edu', 'EngrEnv', 'Senior', 0, 2, 1, '2015-02-26', '10:25:37', 'vinsont'),
('richmont', 'E54682', 'Richmond Trinh', 'richmont@uci.edu', 'EngrEnv', 'Senior', 1, 2, 1, '2015-02-26', '10:25:55', 'vinsont'),
('tejedaa', 'A087766', 'Antonio Victoriano Tejeda', 'tejedaa@uci.edu', 'Engr ME', 'Senior', 1, 2, 1, '2015-02-26', '10:26:11', 'agevange'),
('adam1', 'A109971', 'Andrew Dam', 'adam1@uci.edu', 'Engr BM', 'Senior', 1, 2, 1, '2015-02-26', '10:26:21', 'agevange'),
('stevew1', 'A000418', 'Steven Wu', 'stevew1@uci.edu', 'Engr ME', 'Senior', 1, 2, 1, '2015-02-26', '10:26:26', 'vinsont'),
('japena', 'A000200', 'John Anthony Pena', 'japena@uci.edu', 'Engr ME', 'Senior', 1, 2, 1, '2015-02-26', '10:26:46', 'agevange'),
('kpkato', 'A138889', 'Kevin Philip Kato', 'kpkato@uci.edu', 'Engr ME', 'Senior', 1, 2, 1, '2015-02-26', '10:27:06', 'agevange'),
('kberrio', 'A045509', 'Kathleen Helen Berrio', 'kberrio@uci.edu', 'Engr ME', 'Senior', 1, 2, 1, '2015-02-26', '10:27:19', 'agevange'),
('carolir2', 'A056954', 'Carolina Rodriguez', 'carolir2@uci.edu', 'EngrEnv', 'Senior', 1, 2, 1, '2015-02-26', '10:27:29', 'vinsont'),
('asadianm', 'A082861', 'Mohammad Hossein Asadian Ardakani', 'asadianm@uci.edu', 'EngrMAE', 'Graduate', 1, 2, 1, '2015-02-26', '10:27:33', 'agevange'),
('cesarf1', 'A080381', 'Cesar Flores Jr.', 'cesarf1@uci.edu', 'EngrCpE', 'Senior', 1, 2, 1, '2015-02-26', '10:28:11', 'vinsont'),
('acao2', 'A005447', 'Andy Cao', 'acao2@uci.edu', 'Engr CE', 'Freshman', 1, 2, 1, '2015-02-26', '10:28:33', 'vinsont'),
('akumnoon', 'A011530', 'Alyssa Kumnoonsate', 'akumnoon@uci.edu', 'Engr CE', 'Senior', 1, 2, 1, '2015-02-26', '10:28:48', 'vinsont'),
('briansk2', 'A102536', 'Brian S. Kim', 'briansk2@uci.edu', 'Engr ME', 'Freshman', 1, 2, 1, '2015-02-26', '10:28:57', 'vinsont'),
('telenav', 'A031111', 'Telena Tuyet Vo', 'telenav@uci.edu', 'EngrEnv', 'Senior', 1, 2, 1, '2015-02-26', '10:29:09', 'vinsont'),
('csbecerr', 'A064185', 'Cesar Sadhak Becerril Ramirez', 'csbecerr@uci.edu', 'Engr EE', 'Senior', 1, 2, 1, '2015-02-26', '10:29:29', 'agevange'),
('atarif', 'A004363', 'Abdullaah R. Tarif', 'atarif@uci.edu', 'Engr AE', 'Senior', 1, 2, 1, '2015-02-26', '10:29:31', 'vinsont'),
('kccervan', 'A148227', 'Karen Cecilia Cervantes', 'kccervan@uci.edu', 'Engr CE', 'Junior', 1, 2, 1, '2015-02-26', '10:29:45', 'agevange'),
('chiy3', 'A014049', 'Yujin Chi', 'chiy3@uci.edu', 'EngrBMP', 'Freshman', 1, 2, 1, '2015-02-26', '10:29:59', 'agevange'),
('anchitr', 'A019705', 'Anchit Roy', 'anchitr@uci.edu', 'Engr AE', 'Junior', 1, 2, 1, '2015-02-26', '10:30:13', 'agevange'),
('taiweic', 'A016877', 'Tai Wei Chen', 'taiweic@uci.edu', 'Engr AE', 'Junior', 1, 2, 1, '2015-02-26', '10:30:24', 'agevange'),
('lisetteg', 'A028189', 'Lisette Gonzalez', 'lisetteg@uci.edu', 'Engr ME', 'Junior', 1, 2, 1, '2015-02-26', '10:30:41', 'agevange'),
('kstanisl', 'A078161', 'Karen Dian Stanislawski', 'kstanisl@uci.edu', 'EngrChm', 'Senior', 1, 2, 1, '2015-02-26', '10:31:19', 'agevange'),
('edsheldo', 'A074031', 'Erik Dean Sheldon', 'edsheldo@uci.edu', 'Engr ME', 'Senior', 1, 2, 1, '2015-02-26', '10:31:33', 'agevange'),
('erdelgad', 'A045157', 'Edgar Ruiz Delgado', 'erdelgad@uci.edu', 'Engr ME', 'Senior', 1, 2, 1, '2015-02-26', '10:32:15', 'agevange'),
('maharajv', 'A027595', 'Vishnu V. Maharaj', 'maharajv@uci.edu', 'Engr AE', 'Junior', 1, 2, 1, '2015-02-26', '10:33:47', 'agevange'),
('rmenchac', 'A034850', 'Rio Amanda Menchaca', 'rmenchac@uci.edu', 'Engr ME', 'Senior', 1, 2, 1, '2015-02-26', '10:34:13', 'agevange'),
('stikoo', 'A004611', 'Suhas Tikoo', 'stikoo@uci.edu', 'EngrCpE', 'Graduate', 1, 2, 1, '2015-02-26', '10:34:38', 'agevange'),
('macaraet', 'A002809', 'Tristan Calimquim Macaraeg', 'macaraet@uci.edu', 'Engr ME', 'Senior', 1, 2, 1, '2015-02-26', '10:35:19', 'agevange'),
('bjagadis', 'A017613', 'Bharath Jagadish', 'bjagadis@uci.edu', 'EngrChm', 'Graduate', 1, 2, 1, '2015-02-26', '10:35:29', 'vinsont'),
('cabrers3', 'A078443', 'Samuel Cabrera', 'cabrers3@uci.edu', 'Engr ME', 'Junior', 1, 2, 1, '2015-02-26', '10:35:36', 'vinsont'),
('lfsalaza', 'A005486', 'Luis Francisco Salazar', 'lfsalaza@uci.edu', 'Engr ME', 'Sophomore', 1, 2, 1, '2015-02-26', '10:35:37', 'agevange'),
('peherrer', 'A095151', 'Perla Estrella Herrera', 'peherrer@uci.edu', 'Engr CE', 'Senior', 1, 2, 1, '2015-02-26', '10:35:44', 'vinsont'),
('jfwang', 'A072360', 'Jerry Fan Wang', 'jfwang@uci.edu', 'Engr CE', 'Senior', 1, 2, 1, '2015-02-26', '10:35:59', 'vinsont'),
('rayromlo', 'A015986', 'Ramin Ayromloo', 'rayromlo@uci.edu', 'Engr CE', 'Graduate', 1, 2, 1, '2015-02-26', '10:36:32', 'agevange'),
('jpachpan', 'A000236', 'Jivan Vilas Pachpande', 'jpachpan@uci.edu', 'Engr CE', 'Graduate', 1, 2, 1, '2015-02-26', '10:36:43', 'agevange'),
('gharkous', 'A498037', 'Giselle Farah Harkous', 'gharkous@uci.edu', 'Engr CE', 'Senior', 1, 2, 1, '2015-02-26', '10:37:27', 'agevange'),
('cxriley', 'A163981', 'Canyon Xavier Lee Riley', 'cxriley@uci.edu', 'Engr EE', 'Freshman', 1, 2, 1, '2015-02-26', '10:39:54', 'agevange'),
('ejahanso', 'A155294', 'Emily Homa Jahansouz', 'ejahanso@uci.edu', 'Engr CE', 'Senior', 1, 2, 1, '2015-02-26', '10:40:23', 'agevange'),
('atee', 'A121013', 'Andrew Lee Tee', 'atee@uci.edu', 'Engr EE', 'Senior', 1, 2, 1, '2015-02-26', '11:03:14', 'swarilm'),
('liamv', '', 'Liam Vu', 'liamv@uci.edu', 'Math', 'Senior', 1, 2, 1, '2015-02-26', '12:30:47', ''),
('edgarar2', 'A004669', 'Edgar Andres Rodriguez Jr.', 'edgarar2@uci.edu', 'Engr BM', 'Junior', 1, 2, 1, '2015-02-26', '12:34:26', 'dbaldo'),
('florende', 'A025501', 'Edmund Ray Reyes Florendo', 'florende@uci.edu', 'Engr BM', 'Senior', 1, 2, 1, '2015-02-26', '12:35:52', 'dbaldo'),
('apaul1', 'A568561', 'Akshay Paul', 'apaul1@uci.edu', 'Engr BM', 'Senior', 1, 2, 1, '2015-02-26', '12:36:53', 'dbaldo'),
('aziaee1', 'A538391', 'Ali Ziaee', 'aziaee1@uci.edu', 'EngrMAE', 'Graduate', 1, 2, 1, '2015-02-26', '12:38:14', 'dbaldo'),
('vmsauer', 'A508221', 'Vinicius Maron Sauer', 'vmsauer@uci.edu', 'EngrMAE', 'Graduate', 1, 2, 1, '2015-02-26', '12:40:01', 'dbaldo'),
('dangj1', 'A055671', 'Jin Dang', 'dangj1@uci.edu', 'EngrMAE', 'Graduate', 1, 2, 1, '2015-02-26', '12:41:12', 'dbaldo'),
('anodem', 'A085841', 'Andre Nodem', 'anodem@uci.edu', 'EngrMAE', 'Graduate', 1, 2, 1, '2015-02-26', '12:42:57', 'dbaldo'),
('evakilas', 'A478051', 'Elham Vakil Asadollahei', 'evakilas@uci.edu', 'EngrMAE', 'Graduate', 1, 2, 1, '2015-02-26', '12:44:09', 'dbaldo'),
('ashutt', 'A116011', 'Andrew Leigh Shutt', 'ashutt@uci.edu', 'Engr ME', 'Sophomore', 1, 2, 1, '2015-02-26', '12:48:14', 'dbaldo'),
('cmalabed', 'A146181', 'Christopher Jordan Malabed Jr.', 'cmalabed@uci.edu', 'Engr ME', 'Senior', 1, 2, 1, '2015-02-26', '12:49:31', 'dbaldo'),
('jacobaj', 'A176351', 'Jacob Allen Jimenez', 'jacobaj@uci.edu', 'Engr ME', 'Senior', 1, 2, 1, '2015-02-26', '12:50:40', 'dbaldo'),
('dominihn', 'A206521', 'Dominic Hoangthinh Nguyen', 'dominihn@uci.edu', 'EngrBMP', 'Senior', 1, 2, 1, '2015-02-26', '12:51:30', 'dbaldo'),
('colorada', 'A236691', 'Andres Felipe Colorado', 'colorada@uci.edu', 'EngrMAE', 'Graduate', 1, 2, 1, '2015-02-26', '12:52:47', 'dbaldo'),
('alejac4', 'A266861', 'Alejandra Cervantes', 'alejac4@uci.edu', 'EngrMAE', 'Graduate', 1, 2, 1, '2015-02-26', '12:53:58', 'dbaldo'),
('zixual4', 'A297031', 'Zixuan Liang', 'zixual4@uci.edu', 'Engr ME', 'Junior', 1, 2, 1, '2015-02-26', '12:55:49', 'dbaldo'),
('jdarias', 'A327201', 'Joshua Daniel Arias', 'jdarias@uci.edu', 'Engr BM', 'Senior', 1, 2, 1, '2015-02-26', '12:57:10', 'dbaldo'),
('segarraa', 'A357371', 'Adria Segarra-torne', 'segarraa@uci.edu', 'EngrMAE', 'Graduate', 1, 2, 1, '2015-02-26', '12:58:47', 'dbaldo'),
('lespitia', 'A387541', 'Leovi Espitia', 'lespitia@uci.edu', 'Engr BM', 'Senior', 1, 2, 1, '2015-02-26', '13:00:48', 'dbaldo'),
('alvinvn', 'A076969', 'Alvin Vy Nguyen', 'alvinvn@uci.edu', 'CSE', 'Freshman', 1, 2, 1, '2015-02-26', '13:06:08', 'dbaldo');
INSERT INTO `users` (`ucinetid`, `barcode`, `name`, `email`, `major`, `level`, `opt`, `access`, `elig`, `date`, `time`, `volunteer`) VALUES
('looe', 'A078586', 'Edmund Yuhay Loo', 'looe@uci.edu', 'CSE', 'Senior', 1, 2, 1, '2015-02-26', '13:07:26', 'dbaldo'),
('yuchenj3', 'A172499', 'Yuchen Jin', 'yuchenj3@uci.edu', 'CmptSci', 'Graduate', 1, 2, 1, '2015-02-26', '13:11:38', 'dbaldo'),
('spadwal', 'A431515', 'Sanket Machhindra Padwal', 'spadwal@uci.edu', 'Engr EE', 'Graduate', 1, 2, 1, '2015-02-26', '13:12:47', 'dbaldo'),
('bonniesg', 'A096051', 'Bonnie Stephany Gonzalez', 'bonniesg@uci.edu', 'Engr ME', 'Senior', 1, 2, 1, '2015-02-26', '13:14:23', 'dbaldo'),
('fgmendoz', 'A046127', 'Francisco Gilberto-barajas Mendoza', 'fgmendoz@uci.edu', 'Engr ME', 'Junior', 1, 2, 1, '2015-02-26', '13:15:42', 'dbaldo'),
('gaetah', 'A071089', 'Humberto Gaeta', 'gaetah@uci.edu', 'EngrEnv', 'Senior', 1, 2, 1, '2015-02-26', '13:16:37', 'dbaldo'),
('luisar1', 'A148697', 'Luis Arturo Rodriguez', 'luisar1@uci.edu', 'Engr BM', 'Senior', 1, 2, 1, '2015-02-26', '13:18:00', 'dbaldo'),
('thuytrun', 'A376725', 'Molly Nguyen', 'thuytrun@uci.edu', 'Engr EE', 'Senior', 1, 2, 1, '2015-02-26', '13:25:38', 'dbaldo'),
('mttamayo', 'A068606', 'Mae Tomelden Tamayo', 'mttamayo@uci.edu', 'Engr CE', 'Junior', 1, 2, 1, '2015-02-26', '13:31:36', 'dbaldo'),
('kinciong', 'A156566', 'Kelly-crispina Vilar Inciong', 'kinciong@uci.edu', 'CmptSci', 'Senior', 1, 2, 1, '2015-02-26', '13:35:29', 'dbaldo'),
('egrustan', 'A197861', 'Enric Lluis Grustan Gutierrez', 'egrustan@uci.edu', 'EngrMAE', 'Graduate', 1, 2, 1, '2015-02-26', '13:42:03', 'dbaldo'),
('chuongt', 'A025846', 'Tin Thanh Chuong', 'chuongt@uci.edu', 'Engr ME', 'Senior', 1, 2, 1, '2015-02-26', '13:43:54', 'dbaldo'),
('schmidtt', 'A002489', 'Tim Schmidt', 'schmidtt@uci.edu', 'EngrCpE', 'Graduate', 1, 2, 1, '2015-02-26', '13:44:52', 'dbaldo'),
('vivianas', 'A001072', 'Viviana Sanchez', 'vivianas@uci.edu', 'Engr CE', 'Senior', 1, 2, 1, '2015-02-26', '13:46:31', 'dbaldo'),
('jangelsb', 'A09241', 'Joshua Roy Angelsberg', 'jangelsb@uci.edu', 'CmptSci', 'Senior', 1, 2, 1, '2015-02-26', '14:07:49', 'dbaldo'),
('gcdiaz', 'A140361', 'Geno Christopher Diaz', 'gcdiaz@uci.edu', 'CmptSci', 'Senior', 1, 2, 1, '2015-02-26', '14:08:45', 'dbaldo'),
('nyadev', '', 'Navninder Kaur Yadev', 'nyadev@uci.edu', 'CSE', 'Senior', 1, 2, 1, '2015-11-06', '11:03:07', ''),
('sbassett', '', 'Shane Edward Tadayuki Bassett', 'sbassett@uci.edu', 'EngrChm', 'Junior', 1, 2, 1, '2016-01-20', '12:04:55', '');
-- --------------------------------------------------------
--
-- Truncate table before insert `logon`
--
TRUNCATE TABLE `logon`;
-- --------------------------------------------------------
--
-- Dumping data for table `logon`
--
INSERT INTO `logon` (`ucinetid`, `password`, `last_login`, `date`, `time`) VALUES
('leungjm', '567a429f2482fe5519d7a3a242181e6d', '2014-02-18 05:14:34', '0000-00-00', '00:00:00'),
('stburke', '70bf889814cd5d2f54c587bbdbd082b4', '2016-02-01 15:05:42', '2014-02-08', '19:31:26'),
('vinsont', '8ceb9dc8f0eb697b783d2f67d08f0c20', '2015-03-05 10:28:34', '2014-02-18', '07:45:46'),
('nyadev', '3a36364792241bdabe4ec76085e5b45c', '2016-01-31 14:30:56', '2015-11-06', '11:03:07'),
('fgmendoz', 'd807f4100de695789491436f6f646202', '2015-02-26 16:49:51', '2015-02-26', '13:15:42'),
('alvinvn', '1ae21105bf0f7e5fb99fb2e0ba0fcb98', '2015-02-26 10:28:52', '2015-02-26', '13:06:08'),
('alejac4', 'e22e93b9352e11b10f31d219e8510147', '2015-02-26 10:55:13', '2015-02-26', '12:53:58'),
('dangj1', 'aebe08ed6ee0124b2f138993519916b3', '2015-02-26 10:43:54', '2015-02-26', '12:41:12'),
('liamv', '681cd13b7d6937613a159f8828b9ba11', '2015-02-26 09:38:57', '2015-02-26', '12:30:47'),
('cxriley', '4608b835e51e6ce0bed8336ad41051cf', '2015-02-26 14:33:31', '2015-02-26', '10:39:54'),
('bolar', '37c447fb72f66e7e00314a34d950e002', '2015-02-21 19:51:15', '2015-02-21', '12:18:06'),
('csbecerr', 'f7a8b8c27e793bb438ea58d01e5917c7', '2015-02-26 18:57:57', '2015-02-26', '10:29:29'),
('anercess', '34bfbfecc0bd6f0d1c5221cc5b3e5138', '2015-02-26 07:32:30', '2015-02-26', '10:25:37'),
('ethuang', '92c3d217734cc2963c9a85f6257c0190', '2015-02-26 08:05:42', '2015-02-26', '10:25:36'),
('cfimbres', 'f8e3079997394b177aaf1958cc7ab127', '2015-02-26 07:49:39', '2015-02-26', '10:25:11'),
('rbocampo', 'dafc0c086ff73c983b4d9b7fddf1ac90', '2015-02-26 12:25:18', '2015-02-26', '10:22:53'),
('ryllprou', '78c93a726be4c377de4c750e1d246ab2', '2015-02-26 07:37:42', '2015-02-26', '10:19:58'),
('alexbl', '30ff581bab9499f241514acb067ab2e7', '2015-02-26 07:30:21', '2015-02-26', '10:18:30'),
('quandl', '7743d499bdaebb02acea98cc16db5969', '2015-02-26 07:52:29', '2015-02-26', '10:17:21'),
('ameliaam', '5a47f69a29582fb75621649dc1983388', '2015-02-26 08:20:47', '2015-02-26', '10:16:40'),
('carrilc1', 'f8086957ed7b7c984a4f134ca2b83111', '2015-02-26 18:10:16', '2015-02-26', '10:18:21'),
('hbecan', '2b3e43c223ce35bce0b68ce65ab8697c', '2015-02-27 20:26:17', '2015-02-26', '10:14:43'),
('smnewell', '129cecc0b789d774c95429c193d72aaf', '2015-02-26 07:33:28', '2015-02-26', '10:12:35'),
('jamespl1', 'f1fba06a141133e2f2027d078b45fc38', '2015-02-26 07:33:15', '2015-02-26', '10:11:19'),
('ybehmard', '8a2457525c4c9ab3a47572996f250c53', '2015-02-26 07:43:55', '2015-02-26', '10:10:31'),
('maijp', 'e3b28c486c8e34ac084ab9dc5632d4d0', '2015-02-26 07:23:48', '2015-02-26', '10:09:26'),
('dennisam', '227f529599329ac3c74c1e17d85317d8', '2015-02-26 07:36:43', '2015-02-26', '10:09:12'),
('coramire', 'bd9c38f0ed4e615dc3670c8e086d8cbe', '2015-02-26 07:06:31', '2015-02-26', '10:05:28'),
('directoc', 'c4275d48cbcbebbba7d64b12d2a01ec4', '2015-02-26 06:59:58', '2015-02-26', '09:55:23'),
('davefeng', '00fb0186713f55e13f84b9d211290504', '2015-02-26 12:49:56', '2015-02-26', '03:14:57'),
('rahnamam', '154b1bcbe92fbef4c0bac2099c680e1e', '2015-02-26 07:06:05', '2015-02-26', '03:14:35'),
('bqluu', 'f58f59ce98d4d381ef2cd69ac19189c7', '2015-02-26 07:47:55', '2015-02-26', '03:14:24'),
('orozcojd', '86bc30f8a36559a8c17d9fadd820a150', '2015-02-26 11:30:41', '2015-02-26', '03:12:32'),
('ashutoks', '43ecc7a2038817b9c527633e0fadb409', '2015-02-26 06:50:18', '2015-02-26', '03:12:17'),
('ehyuen', 'ae7b5475b20a5e0be00479e09a1c9134', '2015-02-27 05:10:34', '2015-02-26', '02:39:56'),
('gpilliti', '958d74fa7f7b684a355764ef06126699', '2015-02-26 06:10:24', '2015-02-26', '02:29:49'),
('farabsha', 'd257156fd68809e0b3dc747e605bb2ea', '2015-02-26 05:38:24', '2015-02-26', '02:21:11'),
('dbaldo', 'baeab9d2674a31d02769d0cb8af29756', '2015-03-05 18:40:17', '2014-02-20', '11:41:14'),
('swarilm', '993b25f481ee644b1938c14fbd80eb29', '2015-02-26 08:01:48', '2015-02-21', '12:09:45'),
('mxduong', '993b25f481ee644b1938c14fbd80eb29', '2015-02-21 11:21:18', '2015-02-21', '12:15:10'),
('agevange', '993b25f481ee644b1938c14fbd80eb29', '2015-02-26 06:56:17', '2015-02-21', '12:16:33'),
('abhardw1', '961bc43d9a626d35de6dafcae53604e9', '2015-02-25 23:12:16', '2015-02-26', '02:10:26'),
('aazizian', '16afa4e1fb6014843699d97894e4dbbf', '2015-02-26 00:38:25', '2015-02-26', '02:09:36'),
('relejald', '16508e3c8e3e9a5871005eb7eb9dd1b2', '2015-02-24 10:12:33', '2015-02-24', '13:10:41'),
('pateldy', '3b1e29c86a2b0752aae6937786226d9b', '2015-02-24 09:08:03', '2015-02-24', '12:06:29'),
('eirap', '9591b212ad006ce00c7ec02cd292a353', '2015-02-23 17:19:55', '2015-02-23', '13:38:20'),
('bquibol', '9dcfb16146db0cbe6bbef9d38d3e1f25', '2015-02-23 11:00:04', '2015-02-23', '13:34:28'),
('ortegajg', 'f4d572930acf155aeadbecef28772ccd', '2015-02-23 21:22:34', '2015-02-23', '13:20:57'),
('yians3', 'ba184aab5117ffc43427de440ac0c5b3', '2015-02-23 14:36:10', '2015-02-23', '13:11:35'),
('niwong', '026c58e05a17341875fbf7faa18c8735', '2015-02-23 11:56:33', '2015-02-23', '13:06:18'),
('cggao', 'd148d816a1b16357591925a2bcafbc4a', '2015-02-23 10:16:24', '2015-02-23', '12:59:20'),
('sdinh2', 'b746960bbb72642df15ec113c3f5d655', '2015-02-23 11:55:04', '2015-02-23', '12:55:12'),
('phamd3', '57954b8d785b55e90be4f7880048978c', '2015-02-23 10:00:38', '2015-02-23', '12:53:45'),
('jimmyn2', '0a67b28f598988ada7a26401f8e8277a', '2015-02-23 10:28:53', '2015-02-23', '12:53:42'),
('cmena1', '62eab9839033339adbb0b50e0ce61deb', '2015-02-23 10:01:35', '2015-02-23', '12:39:24'),
('rnoguera', 'cd795da1df7d9a156332cc009992d5a1', '2015-02-23 09:36:52', '2015-02-23', '12:20:55'),
('scsun', '55bc875c8b95ee797c6f565ad61e6dde', '2015-02-25 18:03:48', '2015-02-23', '12:18:16'),
('hingoran', '8744c8d315fa192f84ffd04649fce9d7', '2015-02-23 09:31:55', '2015-02-23', '12:15:25'),
('hanqt', 'fba154f1e95cd9f286309e7d4f4d22a7', '2015-02-23 10:20:23', '2015-02-23', '12:10:24'),
('daniloa', 'a317705ba72762315e2d502a36695393', '2015-02-23 11:02:16', '2015-02-23', '12:09:24'),
('aalvara', '498ae3127ff6a8ddb5cbb1f4b79bbde1', '2015-02-23 09:50:25', '2015-02-23', '12:08:26'),
('bvazque1', 'c40cd75ff6a3075e24fd0195511a4579', '2015-02-23 17:28:35', '2015-02-23', '12:05:46'),
('buaguila', '5f50b54a673cff70fdfa3ff4d38e5594', '2015-02-23 15:01:25', '2015-02-23', '12:01:04'),
('amberf', 'c318a38dc7ac22c9438fb6836bbb4b36', '2015-02-23 09:48:16', '2015-02-23', '11:54:56'),
('rhlee1', '6a52d9fcda58203df192841318d9a8f8', '2015-02-23 12:43:30', '2015-02-23', '11:54:42'),
('mantimie', 'baf8054161cf267cf30cab858b220434', '2015-02-23 09:07:08', '2015-02-23', '11:53:39'),
('siqil2', 'ee297fb1a7a221fff9e0aba238617d21', '2015-02-23 09:46:55', '2015-02-23', '11:51:44'),
('mluis', '37e179ce4a1efc16a7a6ce393ccbcf2c', '2015-02-23 17:59:51', '2015-02-23', '11:49:20'),
('jiabinc1', '4a20e74062385890cf46db530cd3cb43', '2015-02-23 09:40:05', '2015-02-23', '11:41:57'),
('kkrishn1', '42096efcc3568eecf0d3294174eb2039', '2015-02-23 08:57:26', '2015-02-23', '11:40:47'),
('hvalverd', '15415a72f511c91697780890b66b7381', '2015-02-23 15:28:04', '2015-02-23', '12:40:01'),
('yxian', '5bf69151a6317d6cd15128d61fad6794', '2015-02-24 19:42:41', '2015-02-23', '11:55:54'),
('sungsool', '2da6235b03f0f50ef9418a5aec018b9e', '2015-02-23 09:10:02', '2015-02-23', '12:01:04'),
('ethanp', '25f9e794323b453885f5181f1b624d0b', '2015-02-24 06:19:41', '2015-02-23', '11:29:15'),
('mpronda', '63698227d0b02feb99e5a9325905cc71', '2015-02-21 17:03:26', '2015-02-21', '15:35:25'),
('katherkt', '993b25f481ee644b1938c14fbd80eb29', '2015-02-21 15:28:48', '2015-02-21', '15:24:35'),
('amoussav', 'e5ab29eee37a2cb280c09963e3c4ab4b', '2015-02-22 09:41:58', '2015-02-21', '12:22:18'),
('wsing', 'e63eb29cca59bd13a884e792c8d359ee', '2015-02-22 10:39:48', '2015-02-21', '12:20:37'),
('nthomson', '993b25f481ee644b1938c14fbd80eb29', '2015-02-21 10:14:36', '2015-02-21', '12:18:40'),
('mgarg', '957075d60622c01e072abe5b8f86f5c0', '2015-04-06 21:02:02', '2015-02-21', '12:18:28'),
('anysaf', 'a6d43d41122cda2054be492fa5a32820', '2015-02-21 09:52:32', '2015-02-21', '12:18:15'),
('usundara', '7b3d95de3d7d0ef6b9860494208fe3f5', '2015-02-21 09:47:31', '2015-02-21', '12:17:59');
/*!40101 SET CHARACTER_SET_CLIENT=@OLD_CHARACTER_SET_CLIENT */;
/*!40101 SET CHARACTER_SET_RESULTS=@OLD_CHARACTER_SET_RESULTS */;
/*!40101 SET COLLATION_CONNECTION=@OLD_COLLATION_CONNECTION */;